sku_id,category_id,period,qty_total
598294111,672241,2024-11-25,0.8139118864811345
598294111,672241,2024-12-02,0.8138536554478757
598294111,672241,2024-12-09,0.813810883374347
598294111,672241,2024-12-16,0.3137285060377002
598294111,672241,2024-12-23,0.8136614705749943
598294111,672241,2024-12-30,1.3135841330047642
598294111,672241,2025-01-06,0.8134951954630993
598294111,672241,2025-01-13,2.31345374463364
598294111,672241,2025-01-20,3.31348691807457
598294111,672241,2025-01-27,2.3134428315207027
598294111,672241,2025-02-03,1.813340210114883
598294111,672241,2025-02-10,0.8132821586521399
598294111,672241,2025-02-17,0.8132651883299026
598294111,672241,2025-02-24,0.8132845411650312
598294111,672241,2025-03-03,0.8133811948595806
598302302,672241,2024-11-25,0.05715988601969681
598302302,672241,2024-12-02,0.05717143897918243
598302302,672241,2024-12-09,0.05718359472622294
598302302,672241,2024-12-16,0.057196313236770734
598302302,672241,2024-12-23,0.5572569027609321
598302302,672241,2024-12-30,0.057230049758229214
598302302,672241,2025-01-06,1.0572510646862132
598302302,672241,2025-01-13,0.05727258099660709
598302302,672241,2025-01-20,0.057294615466822366
598302302,672241,2025-01-27,0.05731712841829265
598302302,672241,2025-02-03,0.05734017804389032
598302302,672241,2025-02-10,1.057269124060248
598302302,672241,2025-02-17,0.057374460539957206
598302302,672241,2025-02-24,0.057385599620832395
598302302,672241,2025-03-03,0.05739724169057499
599653937,672241,2024-11-25,10.457054324045192
599653937,672241,2024-12-02,1.5356338674341006
599653937,672241,2024-12-09,1.6132152837596216
599653937,672241,2024-12-16,1.1897862622922426
599653937,672241,2024-12-23,1.265354725906263
599653937,672241,2024-12-30,1.33992034874197
599653937,672241,2025-01-06,2.413484478356078
599653937,672241,2025-01-13,2.486046795503407
599653937,672241,2025-01-20,2.05761023819393
599653937,672241,2025-01-27,6.628177368566848
599653937,672241,2025-02-03,1.6977302457754522
599653937,672241,2025-02-10,3.266289884425143
599653937,672241,2025-02-17,2.333851217589496
599653937,672241,2025-02-24,2.9004158848533472
599653937,672241,2025-03-03,2.96597995564692
599703217,672241,2024-11-25,4.365993256895106
599703217,672241,2024-12-02,6.365883800099081
599703217,672241,2024-12-09,3.86575408238183
599703217,672241,2024-12-16,2.8656624226942196
599703217,672241,2024-12-23,1.865556573453433
599703217,672241,2024-12-30,5.365463040435543
599703217,672241,2025-01-06,2.3653982873327495
599703217,672241,2025-01-13,5.3653054252203205
599703217,672241,2025-01-20,2.365259165593111
599703217,672241,2025-01-27,2.365197854622034
599703217,672241,2025-02-03,1.8651486747157695
599703217,672241,2025-02-10,1.3651153390810342
599703217,672241,2025-02-17,2.8651080029931686
599703217,672241,2025-02-24,0.8651040514754889
599703217,672241,2025-03-03,4.3651242916399875
746436995,672241,2024-11-25,0.358537230015632
746436995,672241,2024-12-02,-0.1194356610262331
746436995,672241,2024-12-09,-0.09769060961815573
746436995,672241,2024-12-16,-0.0762233563361
746436995,672241,2024-12-23,-0.055031946790632
746436995,672241,2024-12-30,1.4658781874560007
746436995,672241,2025-01-06,0.9865181961701734
746436995,672241,2025-01-13,0.0068846805811410006
746436995,672241,2025-01-20,0.5269742255541083
746436995,672241,2025-01-27,0.046797565655570805
746436995,672241,2025-02-03,0.06635064645494848
746436995,672241,2025-02-10,0.08563677494885086
746436995,672241,2025-02-17,0.6046540773477356
746436995,672241,2025-02-24,0.6234053416711093
746436995,672241,2025-03-03,0.14189107824775404
2709580011,672241,2024-11-25,1.271765424947129
2709580011,672241,2024-12-02,1.2718838105887853
2709580011,672241,2024-12-09,1.2720339003169152
2709580011,672241,2024-12-16,1.2721920077012165
2709580011,672241,2024-12-23,1.2723321528757354
2709580011,672241,2024-12-30,1.2724411025833005
2709580011,672241,2025-01-06,1.2725161531237532
2709580011,672241,2025-01-13,1.272547401814894
2709580011,672241,2025-01-20,1.272529637137517
2709580011,672241,2025-01-27,1.2724852912663638
2709580011,672241,2025-02-03,1.7725139562894077
2709580011,672241,2025-02-10,1.272331432725796
2709580011,672241,2025-02-17,1.7722988592949585
2709580011,672241,2025-02-24,1.7721773046944937
2709580011,672241,2025-03-03,2.7718410333035406
2709580215,672241,2024-11-25,2.05273484601311
2709580215,672241,2024-12-02,1.0553299992085834
2709580215,672241,2024-12-09,1.5563836690237554
2709580215,672241,2024-12-16,1.558552813138213
2709580215,672241,2024-12-23,1.0593745683790432
2709580215,672241,2024-12-30,1.561012274587775
2709580215,672241,2025-01-06,1.0617500693500743
2709580215,672241,2025-01-13,1.062830293921336
2709580215,672241,2025-01-20,1.0638256805432065
2709580215,672241,2025-01-27,1.0647385780620537
2709580215,672241,2025-02-03,1.0655429831888212
2709580215,672241,2025-02-10,1.0661295864629232
2709580215,672241,2025-02-17,1.066603495123445
2709580215,672241,2025-02-24,1.0670544282611927
2709580215,672241,2025-03-03,1.5678094245833982
2787887686,672241,2024-11-25,1.673268622141029
2787887686,672241,2024-12-02,4.673029284036887
2787887686,672241,2024-12-09,-3.327104387401431
2787887686,672241,2024-12-16,-2.827071515430463
2787887686,672241,2024-12-23,-3.3271099328206697
2787887686,672241,2024-12-30,-3.3270147867994826
2787887686,672241,2025-01-06,-3.3269355636716105
2787887686,672241,2025-01-13,-3.326850778298173
2787887686,672241,2025-01-20,-3.3267975200839155
2787887686,672241,2025-01-27,-3.3268203660460087
2787887686,672241,2025-02-03,-3.326845971252241
2787887686,672241,2025-02-10,-2.826910100159619
2787887686,672241,2025-02-17,-3.3270596859032504
2787887686,672241,2025-02-24,-0.8272388675549477
2787887686,672241,2025-03-03,-2.82725100037291
3022776581,672241,2024-11-25,1.6178885611522418
3022776581,672241,2024-12-02,0.6178846323534786
3022776581,672241,2024-12-09,0.6178504569955843
3022776581,672241,2024-12-16,0.6177869805668579
3022776581,672241,2024-12-23,0.6177387009313315
3022776581,672241,2024-12-30,0.6177654685256476
3022776581,672241,2025-01-06,0.6177996515122393
3022776581,672241,2025-01-13,0.6178470482904003
3022776581,672241,2025-01-20,1.1179466520352332
3022776581,672241,2025-01-27,0.6180234810072979
3022776581,672241,2025-02-03,0.6180441602411104
3022776581,672241,2025-02-10,1.6179996055001822
3022776581,672241,2025-02-17,0.6179429855585727
3022776581,672241,2025-02-24,0.6178875460517455
3022776581,672241,2025-03-03,1.6178172980108183
3022776731,672241,2024-11-25,0.38634888171631226
3022776731,672241,2024-12-02,-0.11378771901205267
3022776731,672241,2024-12-09,-0.11389368595927005
3022776731,672241,2024-12-16,-0.11398685098527203
3022776731,672241,2024-12-23,-0.11406836269411774
3022776731,672241,2024-12-30,0.3858805413676692
3022776731,672241,2025-01-06,0.3857782832062695
3022776731,672241,2025-01-13,-0.11425966815957075
3022776731,672241,2025-01-20,-0.11430629849392862
3022776731,672241,2025-01-27,0.38567378951483405
3022776731,672241,2025-02-03,0.38559939559063916
3022776731,672241,2025-02-10,-0.11441351304367559
3022776731,672241,2025-02-17,0.38554189821938345
3022776731,672241,2025-02-24,0.3855634872873529
3022776731,672241,2025-03-03,0.385553625334499
3238598023,672241,2024-11-25,-0.14971219178736675
3238598023,672241,2024-12-02,-0.17441440775378123
3238598023,672241,2024-12-09,-0.1988239822859709
3238598023,672241,2024-12-16,-0.22294161894716605
3238598023,672241,2024-12-23,0.2532724065055686
3238598023,672241,2024-12-30,0.7297785059255523
3238598023,672241,2025-01-06,-0.2935429121234013
3238598023,672241,2025-01-13,0.18354271627670043
3238598023,672241,2025-01-20,-0.3391626661801834
3238598023,672241,2025-01-27,-0.36153575653831205
3238598023,672241,2025-02-03,-0.38361502862473373
3238598023,672241,2025-02-10,-0.4054013905766476
3238598023,672241,2025-02-17,-0.4268936574460712
3238598023,672241,2025-02-24,0.051946237649128424
3238598023,672241,2025-03-03,0.5310759143232202
3252722291,672241,2024-11-25,-0.22885653793244043
3252722291,672241,2024-12-02,0.2711112917670551
3252722291,672241,2024-12-09,-0.2288495833933936
3252722291,672241,2024-12-16,-0.22881794189756388
3252722291,672241,2024-12-23,-0.2288058897820241
3252722291,672241,2024-12-30,-0.22879964032792968
3252722291,672241,2025-01-06,-0.22878511884030275
3252722291,672241,2025-01-13,-0.22876136451669346
3252722291,672241,2025-01-20,0.2712677703218343
3252722291,672241,2025-01-27,-0.22871084621879356
3252722291,672241,2025-02-03,-0.22869716423691117
3252722291,672241,2025-02-10,-0.2286940913940811
3252722291,672241,2025-02-17,-0.22869868536087196
3252722291,672241,2025-02-24,0.27129622810951587
3252722291,672241,2025-03-03,-0.2287103836614178
3576081009,672241,2024-11-25,-0.05769339408063169
3576081009,672241,2024-12-02,-0.05769372608021456
3576081009,672241,2024-12-09,0.4423063081168332
3576081009,672241,2024-12-16,-0.057694126162387865
3576081009,672241,2024-12-23,-0.05769424041728714
3576081009,672241,2024-12-30,-0.05769439970441129
3576081009,672241,2025-01-06,0.44230527465136554
3576081009,672241,2025-01-13,-0.0576946095618345
3576081009,672241,2025-01-20,-0.05769476709648577
3576081009,672241,2025-01-27,0.9423057637196383
3576081009,672241,2025-02-03,-0.05769482089578301
3576081009,672241,2025-02-10,-0.05769473525582146
3576081009,672241,2025-02-17,0.4423050491226972
3576081009,672241,2025-02-24,-0.057694680961560926
3576081009,672241,2025-03-03,-0.05769467441012882
3577564803,672241,2024-11-25,5.764350508343274
3577564803,672241,2024-12-02,5.860092695563703
3577564803,672241,2024-12-09,5.4543968354900185
3577564803,672241,2024-12-16,5.547509953562699
3577564803,672241,2024-12-23,5.639372263347479
3577564803,672241,2024-12-30,5.729988298561206
3577564803,672241,2025-01-06,7.319569135553496
3577564803,672241,2025-01-13,7.407719330373687
3577564803,672241,2025-01-20,6.99455743798191
3577564803,672241,2025-01-27,7.580151301892892
3577564803,672241,2025-02-03,6.664569392339526
3577564803,672241,2025-02-10,7.247823753396206
3577564803,672241,2025-02-17,8.329925203120297
3577564803,672241,2025-02-24,7.410536402812821
3577564803,672241,2025-03-03,6.989964427881695
3691275758,672241,2024-11-25,-0.02995928083252214
3691275758,672241,2024-12-02,-0.038220118671633496
3691275758,672241,2024-12-09,-0.046384853055114
3691275758,672241,2024-12-16,-0.054453111467287
3691275758,672241,2024-12-23,0.4375773764389966
3691275758,672241,2024-12-30,-0.07029622013544347
3691275758,672241,2025-01-06,-0.07807086305412628
3691275758,672241,2025-01-13,-0.08574863895165949
3691275758,672241,2025-01-20,0.406672616269246
3691275758,672241,2025-01-27,-0.10080993604681926
3691275758,672241,2025-02-03,-0.10819327577000801
3691275758,672241,2025-02-10,-0.11547936197320785
3691275758,672241,2025-02-17,-0.12266804400068265
3691275758,672241,2025-02-24,-0.12975923698362307
3691275758,672241,2025-03-03,0.36324510077079286
3692477582,672241,2024-11-25,-0.028848782063005386
3692477582,672241,2024-12-02,-0.028848689710109697
3692477582,672241,2024-12-09,-0.028848574927065364
3692477582,672241,2024-12-16,-0.028848379660027235
3692477582,672241,2024-12-23,-0.02884814217665362
3692477582,672241,2024-12-30,-0.028847885579658086
3692477582,672241,2025-01-06,-0.02884764162067226
3692477582,672241,2025-01-13,-0.028847385914018565
3692477582,672241,2025-01-20,-0.02884717887554896
3692477582,672241,2025-01-27,-0.028846979326027998
3692477582,672241,2025-02-03,-0.028846809881484116
3692477582,672241,2025-02-10,-0.02884666112540962
3692477582,672241,2025-02-17,-0.02884654439807086
3692477582,672241,2025-02-24,-0.028846444584948637
3692477582,672241,2025-03-03,-0.028846368496890824
3693412504,672241,2024-11-25,0.0
3693412504,672241,2024-12-02,0.0
3693412504,672241,2024-12-09,0.0
3693412504,672241,2024-12-16,0.0
3693412504,672241,2024-12-23,0.0
3693412504,672241,2024-12-30,0.0
3693412504,672241,2025-01-06,0.0
3693412504,672241,2025-01-13,0.0
3693412504,672241,2025-01-20,0.0
3693412504,672241,2025-01-27,0.0
3693412504,672241,2025-02-03,0.0
3693412504,672241,2025-02-10,0.0
3693412504,672241,2025-02-17,0.0
3693412504,672241,2025-02-24,0.0
3693412504,672241,2025-03-03,0.0
3867746102,672241,2024-11-25,0.11574627668081748
3867746102,672241,2024-12-02,0.11567027780430644
3867746102,672241,2024-12-09,0.1156016743637224
3867746102,672241,2024-12-16,0.11553908541228199
3867746102,672241,2024-12-23,0.1154807854381422
3867746102,672241,2024-12-30,0.11542786397847578
3867746102,672241,2025-01-06,0.11538148799138294
3867746102,672241,2025-01-13,0.1153401088397393
3867746102,672241,2025-01-20,0.11530350421283694
3867746102,672241,2025-01-27,0.11527170140862252
3867746102,672241,2025-02-03,0.11524318627335511
3867746102,672241,2025-02-10,0.11522049254395457
3867746102,672241,2025-02-17,0.11520205290421132
3867746102,672241,2025-02-24,0.11518642297722134
3867746102,672241,2025-03-03,0.11517480323901731
3880204628,672241,2024-11-25,1.201917797467307
3880204628,672241,2024-12-02,0.2019232163325259
3880204628,672241,2024-12-09,0.20192404582569906
3880204628,672241,2024-12-16,0.20192471557909986
3880204628,672241,2024-12-23,0.2019251372136825
3880204628,672241,2024-12-30,0.20192547559442292
3880204628,672241,2025-01-06,0.20192559832482934
3880204628,672241,2025-01-13,1.201913761627944
3880204628,672241,2025-01-20,0.20191876877819143
3880204628,672241,2025-01-27,0.20191921039050637
3880204628,672241,2025-02-03,0.2019195168705578
3880204628,672241,2025-02-10,0.2019197798691797
3880204628,672241,2025-02-17,0.2019199446343011
3880204628,672241,2025-02-24,0.20192010804489086
3880204628,672241,2025-03-03,0.20192030588852247
3926767355,672241,2024-11-25,-0.030344099329488283
3926767355,672241,2024-12-02,-0.030160692301276742
3926767355,672241,2024-12-09,-0.02997855740594263
3926767355,672241,2024-12-16,-0.029797737894222742
3926767355,672241,2024-12-23,-0.02961854403596681
3926767355,672241,2024-12-30,-0.029440921747291043
3926767355,672241,2025-01-06,0.4708402835438774
3926767355,672241,2025-01-13,-0.029049202596265478
3926767355,672241,2025-01-20,-0.028956339653302327
3926767355,672241,2025-01-27,0.4712394776126251
3926767355,672241,2025-02-03,-0.02873606370562079
3926767355,672241,2025-02-10,-0.028729824019884748
3926767355,672241,2025-02-17,-0.028726281515838142
3926767355,672241,2025-02-24,-0.028724092839059745
3926767355,672241,2025-03-03,-0.02871923011779104
4079053893,672241,2024-11-25,0.7131029730367074
4079053893,672241,2024-12-02,0.7131552180073857
4079053893,672241,2024-12-09,1.2131665315257334
4079053893,672241,2024-12-16,0.7130494529531954
4079053893,672241,2024-12-23,1.7129999153533704
4079053893,672241,2024-12-30,2.7130233090614575
4079053893,672241,2025-01-06,1.213011926271546
4079053893,672241,2025-01-13,0.7131125778664867
4079053893,672241,2025-01-20,0.7131863553937521
4079053893,672241,2025-01-27,0.7131881619335436
4079053893,672241,2025-02-03,1.7132467388990764
4079053893,672241,2025-02-10,0.7131865122889611
4079053893,672241,2025-02-17,0.713168692848833
4079053893,672241,2025-02-24,1.7131791722219292
4079053893,672241,2025-03-03,2.213220921076495
4166277217,672241,2024-11-25,3.5688657332210094
4166277217,672241,2024-12-02,3.56877259471651
4166277217,672241,2024-12-09,3.568587099803523
4166277217,672241,2024-12-16,3.5684947343809768
4166277217,672241,2024-12-23,3.568390197791805
4166277217,672241,2024-12-30,3.5682232640491223
4166277217,672241,2025-01-06,3.568021425053298
4166277217,672241,2025-01-13,3.5678284365089463
4166277217,672241,2025-01-20,3.567702699678679
4166277217,672241,2025-01-27,3.5675997941860453
4166277217,672241,2025-02-03,4.067595884011526
4166277217,672241,2025-02-10,4.06753657081241
4166277217,672241,2025-02-17,4.067657290650971
4166277217,672241,2025-02-24,3.5676265617702856
4166277217,672241,2025-03-03,4.567666877054221
4203509252,672241,2024-11-25,0.9923354925326596
4203509252,672241,2024-12-02,1.0038303803742092
4203509252,672241,2024-12-09,1.015077230054849
4203509252,672241,2024-12-16,1.0260665987382098
4203509252,672241,2024-12-23,1.0367876629047532
4203509252,672241,2024-12-30,1.047233247360041
4203509252,672241,2025-01-06,1.0573986049002224
4203509252,672241,2025-01-13,1.067280155464878
4203509252,672241,2025-01-20,1.0768769796138242
4203509252,672241,2025-01-27,1.0861898264219259
4203509252,672241,2025-02-03,1.0952223407540849
4203509252,672241,2025-02-10,1.1039784824887429
4203509252,672241,2025-02-17,1.1124655937076184
4203509252,672241,2025-02-24,1.1206924076544962
4203509252,672241,2025-03-03,1.1286707629681327
4233243369,672241,2024-11-25,0.6316223786252461
4233243369,672241,2024-12-02,0.6314326346730992
4233243369,672241,2024-12-09,0.6312544056668122
4233243369,672241,2024-12-16,0.6310236703216769
4233243369,672241,2024-12-23,0.6307457859770553
4233243369,672241,2024-12-30,0.6304251090681354
4233243369,672241,2025-01-06,0.6300683107245679
4233243369,672241,2025-01-13,0.6296908633369398
4233243369,672241,2025-01-20,0.6293155273459554
4233243369,672241,2025-01-27,0.6289681896098145
4233243369,672241,2025-02-03,0.6286751903697881
4233243369,672241,2025-02-10,0.6284598817183816
4233243369,672241,2025-02-17,0.6283383916999319
4233243369,672241,2025-02-24,0.6283190649416909
4233243369,672241,2025-03-03,0.6283881979025907
4244979510,672241,2024-11-25,-0.00045626734124770696
4244979510,672241,2024-12-02,-0.0006628117925585597
4244979510,672241,2024-12-09,-0.0008402824314915902
4244979510,672241,2024-12-16,-0.0009398257925353759
4244979510,672241,2024-12-23,-0.0009912809744585527
4244979510,672241,2024-12-30,-0.0010463196596629531
4244979510,672241,2025-01-06,-0.0010856459016846953
4244979510,672241,2025-01-13,-0.0011972948610986522
4244979510,672241,2025-01-20,-0.0012583868185850333
4244979510,672241,2025-01-27,-0.0013578264047451327
4244979510,672241,2025-02-03,-0.0013662428004933558
4244979510,672241,2025-02-10,-0.0013921230000876195
4244979510,672241,2025-02-17,-0.0013820207964333475
4244979510,672241,2025-02-24,-0.0013196730363546072
4244979510,672241,2025-03-03,-0.001264219992447968
4293110694,672241,2024-11-25,0.0
4293110694,672241,2024-12-02,0.0
4293110694,672241,2024-12-09,0.0
4293110694,672241,2024-12-16,0.0
4293110694,672241,2024-12-23,0.0
4293110694,672241,2024-12-30,0.0
4293110694,672241,2025-01-06,0.0
4293110694,672241,2025-01-13,0.0
4293110694,672241,2025-01-20,0.0
4293110694,672241,2025-01-27,0.0
4293110694,672241,2025-02-03,0.0
4293110694,672241,2025-02-10,0.0
4293110694,672241,2025-02-17,0.0
4293110694,672241,2025-02-24,0.0
4293110694,672241,2025-03-03,0.0
4299736790,672241,2024-11-25,0.08638511058273285
4299736790,672241,2024-12-02,0.08641773694731728
4299736790,672241,2024-12-09,0.08644859460116949
4299736790,672241,2024-12-16,0.08647823260273058
4299736790,672241,2024-12-23,0.08650616707775999
4299736790,672241,2024-12-30,0.08653208372788791
4299736790,672241,2025-01-06,0.08655690034610293
4299736790,672241,2025-01-13,0.08657892787940946
4299736790,672241,2025-01-20,0.08659628092157118
4299736790,672241,2025-01-27,0.0866093987865725
4299736790,672241,2025-02-03,0.08661709045335128
4299736790,672241,2025-02-10,0.08662034332750326
4299736790,672241,2025-02-17,0.08661979737980886
4299736790,672241,2025-02-24,0.0866158148341294
4299736790,672241,2025-03-03,0.08660857832908048
4299740219,672241,2024-11-25,2.459764824902103
4299740219,672241,2024-12-02,2.4596214186341716
4299740219,672241,2024-12-09,2.4595309504410046
4299740219,672241,2024-12-16,2.4594198791989563
4299740219,672241,2024-12-23,2.4593135879393335
4299740219,672241,2024-12-30,2.4592269372534132
4299740219,672241,2025-01-06,2.459164790942916
4299740219,672241,2025-01-13,2.4591192148802747
4299740219,672241,2025-01-20,2.4590825681503308
4299740219,672241,2025-01-27,2.4590559983010776
4299740219,672241,2025-02-03,2.4590413151752624
4299740219,672241,2025-02-10,2.459034386144375
4299740219,672241,2025-02-17,2.4590341463380687
4299740219,672241,2025-02-24,2.4590429653239196
4299740219,672241,2025-03-03,2.4590548234155345
4391268112,672241,2024-11-25,0.3096986819957078
4391268112,672241,2024-12-02,0.3096904885979402
4391268112,672241,2024-12-09,0.3096729639859988
4391268112,672241,2024-12-16,0.3096528436125999
4391268112,672241,2024-12-23,0.3096350673823522
4391268112,672241,2024-12-30,0.30962226723357134
4391268112,672241,2025-01-06,0.30961527322124804
4391268112,672241,2025-01-13,0.30961369444634135
4391268112,672241,2025-01-20,0.30961650472307106
4391268112,672241,2025-01-27,0.3096221112607535
4391268112,672241,2025-02-03,0.3096291488916537
4391268112,672241,2025-02-10,0.3096357931191463
4391268112,672241,2025-02-17,0.3096408743372962
4391268112,672241,2025-02-24,0.3096437415970921
4391268112,672241,2025-03-03,0.3096441434009707
4396560443,672241,2024-11-25,0.938771806253035
4396560443,672241,2024-12-02,0.9663667744572787
4396560443,672241,2024-12-09,0.9936181052072377
4396560443,672241,2024-12-16,1.0205243682349399
4396560443,672241,2024-12-23,1.0470832206469538
4396560443,672241,2024-12-30,1.0732938006391397
4396560443,672241,2025-01-06,1.0991548377431914
4396560443,672241,2025-01-13,1.1246646035819654
4396560443,672241,2025-01-20,1.1498239857550914
4396560443,672241,2025-01-27,1.1746302026906374
4396560443,672241,2025-02-03,1.1990847438750947
4396560443,672241,2025-02-10,1.2231912106831884
4396560443,672241,2025-02-17,1.2469477775330016
4396560443,672241,2025-02-24,1.2703538924254716
4396560443,672241,2025-03-03,1.293410141846368
4475480724,672241,2024-11-25,9.280535857911323
4475480724,672241,2024-12-02,10.502450937378557
4475480724,672241,2024-12-09,11.71292073260604
4475480724,672241,2024-12-16,12.911990996317392
4475480724,672241,2024-12-23,14.09964114899336
4475480724,672241,2024-12-30,15.275886656468973
4475480724,672241,2025-01-06,16.44073924088415
4475480724,672241,2025-01-13,17.59415339282128
4475480724,672241,2025-01-20,18.736144724544268
4475480724,672241,2025-01-27,19.86663851154504
4475480724,672241,2025-02-03,20.98565538895026
4475480724,672241,2025-02-10,22.09316619130274
4475480724,672241,2025-02-17,23.189220686493226
4475480724,672241,2025-02-24,24.27379140680614
4475480724,672241,2025-03-03,25.346936065503563
4475481627,672241,2024-11-25,0.16151668999881322
4475481627,672241,2024-12-02,0.16937262497980798
4475481627,672241,2024-12-09,0.17716401629706222
4475481627,672241,2024-12-16,0.18489126918113602
4475481627,672241,2024-12-23,0.19255467257599157
4475481627,672241,2024-12-30,0.20015441154987934
4475481627,672241,2025-01-06,0.20769060515358623
4475481627,672241,2025-01-13,0.2151632937286267
4475481627,672241,2025-01-20,0.22257249271349658
4475481627,672241,2025-01-27,0.22991817638405762
4475481627,672241,2025-02-03,0.23720031143064074
4475481627,672241,2025-02-10,0.24441886599615426
4475481627,672241,2025-02-17,0.2515738030516421
4475481627,672241,2025-02-24,0.2586651025693308
4475481627,672241,2025-03-03,0.26569277427007554
4475482043,672241,2024-11-25,0.0428173932150852
4475482043,672241,2024-12-02,0.045086369376322905
4475482043,672241,2024-12-09,0.04733716177208974
4475482043,672241,2024-12-16,0.04956842658034056
4475482043,672241,2024-12-23,0.05177901535229802
4475482043,672241,2024-12-30,0.05396796603753221
4475482043,672241,2025-01-06,0.05613449008451718
4475482043,672241,2025-01-13,0.05827794924316695
4475482043,672241,2025-01-20,0.06039785393257107
4475482043,672241,2025-01-27,0.062493823016634795
4475482043,672241,2025-02-03,0.06456558724320181
4475482043,672241,2025-02-10,0.066612966921834
4475482043,672241,2025-02-17,0.06863584616204005
4475482043,672241,2025-02-24,0.07063416730246529
4475482043,672241,2025-03-03,0.07260791896729973
4486038235,672241,2024-11-25,0.8995528668887873
4486038235,672241,2024-12-02,0.9625767406959937
4486038235,672241,2024-12-09,1.0250114290587031
4486038235,672241,2024-12-16,1.0868572391859974
4486038235,672241,2024-12-23,1.1481142998215221
4486038235,672241,2024-12-30,1.2087826224620566
4486038235,672241,2025-01-06,1.2688621389570027
4486038235,672241,2025-01-13,1.3283527016362835
4486038235,672241,2025-01-20,1.3872541602725714
4486038235,672241,2025-01-27,1.4455663623566095
4486038235,672241,2025-02-03,1.503289180335895
4486038235,672241,2025-02-10,1.5604224831668008
4486038235,672241,2025-02-17,1.6169662191468455
4486038235,672241,2025-02-24,1.6729203294010662
4486038235,672241,2025-03-03,1.7282848410650637
4486038328,672241,2024-11-25,0.6871133446098591
4486038328,672241,2024-12-02,0.742593746256035
4486038328,672241,2024-12-09,0.7975619681208759
4486038328,672241,2024-12-16,0.8520173459572403
4486038328,672241,2024-12-23,0.9059595055538611
4486038328,672241,2024-12-30,0.9593882459402084
4486038328,672241,2025-01-06,1.0123034749723452
4486038328,672241,2025-01-13,1.0647051922377078
4486038328,672241,2025-01-20,1.1165933885165098
4486038328,672241,2025-01-27,1.1679681152291919
4486038328,672241,2025-02-03,1.2188294229046885
4486038328,672241,2025-02-10,1.2691773529745747
4486038328,672241,2025-02-17,1.319011957053684
4486038328,672241,2025-02-24,1.3683332596517193
4486038328,672241,2025-03-03,1.4171413088824727
4486038387,672241,2024-11-25,0.7873859063810602
4486038387,672241,2024-12-02,0.7873802182999087
4486038387,672241,2024-12-09,0.7873659182572585
4486038387,672241,2024-12-16,0.7873484878364448
4486038387,672241,2024-12-23,0.7873334777256445
4486038387,672241,2024-12-30,0.7873253718741267
4486038387,672241,2025-01-06,0.7873242044267613
4486038387,672241,2025-01-13,0.7873315844702077
4486038387,672241,2025-01-20,0.7873451944109838
4486038387,672241,2025-01-27,0.7873630757517597
4486038387,672241,2025-02-03,0.7873807857976101
4486038387,672241,2025-02-10,0.7873940545090178
4486038387,672241,2025-02-17,0.7874003742431284
4486038387,672241,2025-02-24,0.7874019622652417
4486038387,672241,2025-03-03,0.7874024007431972
4636511797,672241,2024-11-25,0.0
4636511797,672241,2024-12-02,0.0
4636511797,672241,2024-12-09,0.0
4636511797,672241,2024-12-16,0.0
4636511797,672241,2024-12-23,0.0
4636511797,672241,2024-12-30,0.0
4636511797,672241,2025-01-06,0.0
4636511797,672241,2025-01-13,0.0
4636511797,672241,2025-01-20,0.0
4636511797,672241,2025-01-27,0.0
4636511797,672241,2025-02-03,0.0
4636511797,672241,2025-02-10,0.0
4636511797,672241,2025-02-17,0.0
4636511797,672241,2025-02-24,0.0
4636511797,672241,2025-03-03,0.0
4709870548,672241,2024-11-25,0.0
4709870548,672241,2024-12-02,0.0
4709870548,672241,2024-12-09,0.0
4709870548,672241,2024-12-16,0.0
4709870548,672241,2024-12-23,0.0
4709870548,672241,2024-12-30,0.0
4709870548,672241,2025-01-06,0.0
4709870548,672241,2025-01-13,0.0
4709870548,672241,2025-01-20,0.0
4709870548,672241,2025-01-27,0.0
4709870548,672241,2025-02-03,0.0
4709870548,672241,2025-02-10,0.0
4709870548,672241,2025-02-17,0.0
4709870548,672241,2025-02-24,0.0
4709870548,672241,2025-03-03,0.0
4723833696,672241,2024-11-25,5.050550758186557
4723833696,672241,2024-12-02,2.5503409203690413
4723833696,672241,2024-12-09,1.0507237513478365
4723833696,672241,2024-12-16,3.5509076618728113
4723833696,672241,2024-12-23,2.0509768337252225
4723833696,672241,2024-12-30,3.0508023761079692
4723833696,672241,2025-01-06,3.5507081131474445
4723833696,672241,2025-01-13,5.0503648465934585
4723833696,672241,2025-01-20,2.5503205854522806
4723833696,672241,2025-01-27,2.550472915629141
4723833696,672241,2025-02-03,5.050502467878597
4723833696,672241,2025-02-10,2.5504662759419623
4723833696,672241,2025-02-17,2.550129858246218
4723833696,672241,2025-02-24,2.05021853399123
4723833696,672241,2025-03-03,2.050178413180901
4723910471,672241,2024-11-25,2.5878979876865373
4723910471,672241,2024-12-02,0.6262165458489909
4723910471,672241,2024-12-09,1.6639604728010111
4723910471,672241,2024-12-16,0.7011509943815183
4723910471,672241,2024-12-23,1.7377946211433608
4723910471,672241,2024-12-30,0.7739116810650573
4723910471,672241,2025-01-06,0.8094654968024024
4723910471,672241,2025-01-13,1.8444546664701393
4723910471,672241,2025-01-20,0.3789196050523864
4723910471,672241,2025-01-27,2.41278910052402
4723910471,672241,2025-02-03,0.4461484536660696
4723910471,672241,2025-02-10,0.47892941466637695
4723910471,672241,2025-02-17,1.5111456288241167
4723910471,672241,2025-02-24,2.0428097313821993
4723910471,672241,2025-03-03,1.5739397734082614
4723938440,672241,2024-11-25,5.010257476431853
4723938440,672241,2024-12-02,0.5102433041640213
4723938440,672241,2024-12-09,1.0098667741695573
4723938440,672241,2024-12-16,-0.9902924428532995
4723938440,672241,2024-12-23,12.009873742594849
4723938440,672241,2024-12-30,2.009557579368618
4723938440,672241,2025-01-06,0.009371221699934207
4723938440,672241,2025-01-13,3.0092653164031837
4723938440,672241,2025-01-20,0.009296630345647428
4723938440,672241,2025-01-27,-0.4906765883706885
4723938440,672241,2025-02-03,2.0092216057146097
4723938440,672241,2025-02-10,3.5093102658297095
4723938440,672241,2025-02-17,1.0091963092379306
4723938440,672241,2025-02-24,1.509203651333187
4723938440,672241,2025-03-03,-0.9907782045155653
4724133655,672241,2024-11-25,2.7497794167828356
4724133655,672241,2024-12-02,5.250189836903763
4724133655,672241,2024-12-09,-0.750489938381355
4724133655,672241,2024-12-16,-0.7504159519306289
4724133655,672241,2024-12-23,-0.25029446818698425
4724133655,672241,2024-12-30,-0.7503134029734053
4724133655,672241,2025-01-06,-0.7502777873090541
4724133655,672241,2025-01-13,-0.7502473280689068
4724133655,672241,2025-01-20,-0.7502220263509545
4724133655,672241,2025-01-27,-0.2502647153114407
4724133655,672241,2025-02-03,-0.750183386247574
4724133655,672241,2025-02-10,0.24983371319734046
4724133655,672241,2025-02-17,1.2495932700199244
4724133655,672241,2025-02-24,-0.750159974404162
4724133655,672241,2025-03-03,0.2497017698143111
4727839041,672241,2024-11-25,0.0
4727839041,672241,2024-12-02,0.0
4727839041,672241,2024-12-09,0.0
4727839041,672241,2024-12-16,0.0
4727839041,672241,2024-12-23,0.0
4727839041,672241,2024-12-30,0.0
4727839041,672241,2025-01-06,0.0
4727839041,672241,2025-01-13,0.0
4727839041,672241,2025-01-20,0.0
4727839041,672241,2025-01-27,0.0
4727839041,672241,2025-02-03,0.0
4727839041,672241,2025-02-10,0.0
4727839041,672241,2025-02-17,0.0
4727839041,672241,2025-02-24,0.0
4727839041,672241,2025-03-03,0.0
4844412140,672241,2024-11-25,0.0
4844412140,672241,2024-12-02,0.0
4844412140,672241,2024-12-09,0.0
4844412140,672241,2024-12-16,0.0
4844412140,672241,2024-12-23,0.0
4844412140,672241,2024-12-30,0.0
4844412140,672241,2025-01-06,0.0
4844412140,672241,2025-01-13,0.0
4844412140,672241,2025-01-20,0.0
4844412140,672241,2025-01-27,0.0
4844412140,672241,2025-02-03,0.0
4844412140,672241,2025-02-10,0.0
4844412140,672241,2025-02-17,0.0
4844412140,672241,2025-02-24,0.0
4844412140,672241,2025-03-03,0.0
4861004995,672241,2024-11-25,0.0
4861004995,672241,2024-12-02,0.0
4861004995,672241,2024-12-09,0.0
4861004995,672241,2024-12-16,0.0
4861004995,672241,2024-12-23,0.0
4861004995,672241,2024-12-30,0.0
4861004995,672241,2025-01-06,0.0
4861004995,672241,2025-01-13,0.0
4861004995,672241,2025-01-20,0.0
4861004995,672241,2025-01-27,0.0
4861004995,672241,2025-02-03,0.0
4861004995,672241,2025-02-10,0.0
4861004995,672241,2025-02-17,0.0
4861004995,672241,2025-02-24,0.0
4861004995,672241,2025-03-03,0.0
4867304145,672241,2024-11-25,0.0
4867304145,672241,2024-12-02,0.0
4867304145,672241,2024-12-09,0.0
4867304145,672241,2024-12-16,0.0
4867304145,672241,2024-12-23,0.0
4867304145,672241,2024-12-30,0.0
4867304145,672241,2025-01-06,0.0
4867304145,672241,2025-01-13,0.0
4867304145,672241,2025-01-20,0.0
4867304145,672241,2025-01-27,0.0
4867304145,672241,2025-02-03,0.0
4867304145,672241,2025-02-10,0.0
4867304145,672241,2025-02-17,0.0
4867304145,672241,2025-02-24,0.0
4867304145,672241,2025-03-03,0.0
5982960035,672241,2024-11-25,0.5579032109180619
5982960035,672241,2024-12-02,-1.942161455374499
5982960035,672241,2024-12-09,-2.442181892093681
5982960035,672241,2024-12-16,3.0577561484436284
5982960035,672241,2024-12-23,-2.442269207540075
5982960035,672241,2024-12-30,-2.9423421718439777
5982960035,672241,2025-01-06,-1.9423724476228252
5982960035,672241,2025-01-13,-1.9424033964311822
5982960035,672241,2025-01-20,-1.9424323504111247
5982960035,672241,2025-01-27,-2.4424699276523656
5982960035,672241,2025-02-03,-2.44247895281245
5982960035,672241,2025-02-10,-1.442514497794697
5982960035,672241,2025-02-17,-2.9425283605067643
5982960035,672241,2025-02-24,-1.9425474913829779
5982960035,672241,2025-03-03,-1.9425566621305008
5996489657,672241,2024-11-25,-0.028771586818656852
5996489657,672241,2024-12-02,-0.02878044122390788
5996489657,672241,2024-12-09,-0.028788562531829952
5996489657,672241,2024-12-16,-0.028796170801565463
5996489657,672241,2024-12-23,-0.028803472813694064
5996489657,672241,2024-12-30,-0.02881064911382346
5996489657,672241,2025-01-06,-0.0288166330600984
5996489657,672241,2025-01-13,-0.02882138098427212
5996489657,672241,2025-01-20,-0.028827077821734638
5996489657,672241,2025-01-27,-0.028833674495173274
5996489657,672241,2025-02-03,-0.028840053750880154
5996489657,672241,2025-02-10,-0.02884636178293454
5996489657,672241,2025-02-17,-0.028852728248509846
5996489657,672241,2025-02-24,-0.028859284377016195
5996489657,672241,2025-03-03,-0.028866181704597784
5996490387,672241,2024-11-25,-0.3461542103532475
5996490387,672241,2024-12-02,-0.3461537810107789
5996490387,672241,2024-12-09,-0.3461533668664763
5996490387,672241,2024-12-16,-0.3461527803095658
5996490387,672241,2024-12-23,-0.3461523033858407
5996490387,672241,2024-12-30,0.15384883541352443
5996490387,672241,2025-01-06,0.15384677277662281
5996490387,672241,2025-01-13,0.6538456241775898
5996490387,672241,2025-01-20,-0.3461522229379007
5996490387,672241,2025-01-27,-0.34615210447075756
5996490387,672241,2025-02-03,1.1538454547123753
5996490387,672241,2025-02-10,-0.3461509709866558
5996490387,672241,2025-02-17,0.15385062189241647
5996490387,672241,2025-02-24,0.1538491020907502
5996490387,672241,2025-03-03,-0.3461498131539863
5996537271,672241,2024-11-25,0.3556021398279512
5996537271,672241,2024-12-02,-0.14435554468045697
5996537271,672241,2024-12-09,0.35566547810786875
5996537271,672241,2024-12-16,-0.14429492811056766
5996537271,672241,2024-12-23,-0.14426611422603122
5996537271,672241,2024-12-30,-0.1442416098906979
5996537271,672241,2025-01-06,-0.14422104507492128
5996537271,672241,2025-01-13,0.8557957374404492
5996537271,672241,2025-01-20,-0.14419111545500843
5996537271,672241,2025-01-27,-0.14418125733037906
5996537271,672241,2025-02-03,-0.14417424544326482
5996537271,672241,2025-02-10,-0.14416988524731633
5996537271,672241,2025-02-17,-0.14416794336534156
5996537271,672241,2025-02-24,-0.14416813758709227
5996537271,672241,2025-03-03,-0.14417015134701822
5996540711,672241,2024-11-25,1.1826918102042998
5996540711,672241,2024-12-02,-0.8173089198897435
5996540711,672241,2024-12-09,-1.8173088518073384
5996540711,672241,2024-12-16,0.1826904543244714
5996540711,672241,2024-12-23,-1.3173093818052706
5996540711,672241,2024-12-30,-0.31730957619678696
5996540711,672241,2025-01-06,-0.8173101177350645
5996540711,672241,2025-01-13,-1.8173097968133638
5996540711,672241,2025-01-20,-1.317309927983681
5996540711,672241,2025-01-27,-0.3173099076749098
5996540711,672241,2025-02-03,-1.31731019128963
5996540711,672241,2025-02-10,-1.3173100507706026
5996540711,672241,2025-02-17,-1.3173102882481955
5996540711,672241,2025-02-24,-1.3173101880909222
5996540711,672241,2025-03-03,-0.8173102759408014
5996552646,672241,2024-11-25,0.3999189583268944
5996552646,672241,2024-12-02,0.40003489749706034
5996552646,672241,2024-12-09,0.4001561222309332
5996552646,672241,2024-12-16,8.90009427072529
5996552646,672241,2024-12-23,0.4003832838076311
5996552646,672241,2024-12-30,6.900668218162855
5996552646,672241,2025-01-06,4.4007100787763616
5996552646,672241,2025-01-13,0.9006962608415742
5996552646,672241,2025-01-20,0.4008170512515101
5996552646,672241,2025-01-27,5.400781452088403
5996552646,672241,2025-02-03,0.4010200650814677
5996552646,672241,2025-02-10,1.9011582181267332
5996552646,672241,2025-02-17,0.4012150476779164
5996552646,672241,2025-02-24,0.901317225306912
5996552646,672241,2025-03-03,0.9013811827046518
5996815882,672241,2024-11-25,0.39687885377347876
5996815882,672241,2024-12-02,-0.1031261372580075
5996815882,672241,2024-12-09,-0.10314310763093247
5996815882,672241,2024-12-16,-0.10313286304047649
5996815882,672241,2024-12-23,-0.10310349812910374
5996815882,672241,2024-12-30,0.39688813732365513
5996815882,672241,2025-01-06,-0.10306309743780151
5996815882,672241,2025-01-13,-0.10305873702208837
5996815882,672241,2025-01-20,-0.10305033638044005
5996815882,672241,2025-01-27,-0.1030417294989221
5996815882,672241,2025-02-03,-0.10303527472337137
5996815882,672241,2025-02-10,-0.10303230610785599
5996815882,672241,2025-02-17,-0.10303306814113283
5996815882,672241,2025-02-24,-0.10303689097930584
5996815882,672241,2025-03-03,-0.10304196615356648
5996820047,672241,2024-11-25,0.037779883383278874
5996820047,672241,2024-12-02,-0.461853523306463
5996820047,672241,2024-12-09,-0.4615703658878625
5996820047,672241,2024-12-16,-0.46132756990378776
5996820047,672241,2024-12-23,-0.4611249292082519
5996820047,672241,2024-12-30,0.5389487004360787
5996820047,672241,2025-01-06,-0.4608269303953504
5996820047,672241,2025-01-13,1.039318789634505
5996820047,672241,2025-01-20,-0.46066242278391534
5996820047,672241,2025-01-27,-0.46062813592239316
5996820047,672241,2025-02-03,3.039244477861962
5996820047,672241,2025-02-10,0.03932592431748588
5996820047,672241,2025-02-17,-0.46065531867820053
5996820047,672241,2025-02-24,0.03925534097070911
5996820047,672241,2025-03-03,-0.46075771340242916
5996899120,672241,2024-11-25,-0.17409338925469237
5996899120,672241,2024-12-02,-0.1734436575338497
5996899120,672241,2024-12-09,-0.1730759194565961
5996899120,672241,2024-12-16,-0.1729023734933596
5996899120,672241,2024-12-23,-0.1728628006855591
5996899120,672241,2024-12-30,-0.17291660684985605
5996899120,672241,2025-01-06,-0.1730391608027477
5996899120,672241,2025-01-13,-0.17321750199002073
5996899120,672241,2025-01-20,-0.17345534320512493
5996899120,672241,2025-01-27,0.3265537217957702
5996899120,672241,2025-02-03,-0.1738879127970902
5996899120,672241,2025-02-10,0.8265121019243619
5996899120,672241,2025-02-17,-0.17390557221429212
5996899120,672241,2025-02-24,-0.1737757272625815
5996899120,672241,2025-03-03,-0.17369493738687763
5996932035,672241,2024-11-25,0.028825648489311146
5996932035,672241,2024-12-02,0.0288280457644665
5996932035,672241,2024-12-09,0.028831413900165966
5996932035,672241,2024-12-16,0.028835683051575186
5996932035,672241,2024-12-23,0.02884116506808085
5996932035,672241,2024-12-30,0.028848494988133574
5996932035,672241,2025-01-06,0.028858544885293966
5996932035,672241,2025-01-13,0.5288546764192842
5996932035,672241,2025-01-20,0.028863129100037802
5996932035,672241,2025-01-27,0.028857741362087918
5996932035,672241,2025-02-03,0.028855555389033727
5996932035,672241,2025-02-10,0.028855802666014882
5996932035,672241,2025-02-17,0.02885776518679873
5996932035,672241,2025-02-24,0.02886079551634615
5996932035,672241,2025-03-03,0.028864408349224813
5996937634,672241,2024-11-25,0.7884560148110298
5996937634,672241,2024-12-02,0.2884571076030577
5996937634,672241,2024-12-09,0.2884567021606721
5996937634,672241,2024-12-16,0.2884555661279432
5996937634,672241,2024-12-23,0.28845551730088514
5996937634,672241,2024-12-30,0.28845534873725764
5996937634,672241,2025-01-06,0.788454044306681
5996937634,672241,2025-01-13,0.28845448660652767
5996937634,672241,2025-01-20,0.2884532844840043
5996937634,672241,2025-01-27,0.2884528589325187
5996937634,672241,2025-02-03,0.28845169500263357
5996937634,672241,2025-02-10,0.2884513490506725
5996937634,672241,2025-02-17,0.7884517393638844
5996937634,672241,2025-02-24,0.2884495356217005
5996937634,672241,2025-03-03,1.2884507775805791
5996941129,672241,2024-11-25,-0.2565961984771912
5996941129,672241,2024-12-02,0.24329716571279653
5996941129,672241,2024-12-09,-0.25692496080022637
5996941129,672241,2024-12-16,-0.25707370554358355
5996941129,672241,2024-12-23,-0.2572150378280215
5996941129,672241,2024-12-30,0.24258621156972066
5996941129,672241,2025-01-06,0.24258655961005288
5996941129,672241,2025-01-13,0.24234020697205416
5996941129,672241,2025-01-20,0.24222399830326774
5996941129,672241,2025-01-27,-0.2578275852977871
5996941129,672241,2025-02-03,-0.2579375336493422
5996941129,672241,2025-02-10,-0.25804023722189495
5996941129,672241,2025-02-17,-0.2581359236015861
5996941129,672241,2025-02-24,1.7420402654411522
5996941129,672241,2025-03-03,-0.258268385410157
7405700714,672241,2024-11-25,0.11546599601360219
7405700714,672241,2024-12-02,0.6154570370682898
7405700714,672241,2024-12-09,0.6154534308415079
7405700714,672241,2024-12-16,1.11544643393424
7405700714,672241,2024-12-23,0.11544745831552461
7405700714,672241,2024-12-30,0.6154435700730498
7405700714,672241,2025-01-06,0.6154451892990098
7405700714,672241,2025-01-13,1.1154432478490652
7405700714,672241,2025-01-20,0.6154464971561426
7405700714,672241,2025-01-27,2.1154469005608565
7405700714,672241,2025-02-03,2.1154488799744295
7405700714,672241,2025-02-10,0.6154553117739823
7405700714,672241,2025-02-17,1.6154544888823867
7405700714,672241,2025-02-24,2.6154480220186
7405700714,672241,2025-03-03,12.115510862831945
9629394497,672241,2024-11-25,-0.5562888705639396
9629394497,672241,2024-12-02,1.4434735092242843
9629394497,672241,2024-12-09,0.9432500821394534
9629394497,672241,2024-12-16,0.4434805031901463
9629394497,672241,2024-12-23,-4.55657453396096
9629394497,672241,2024-12-30,-4.556841918279423
9629394497,672241,2025-01-06,-1.5570465420147643
9629394497,672241,2025-01-13,-3.5568802561650648
9629394497,672241,2025-01-20,-4.056567776075292
9629394497,672241,2025-01-27,-0.05654501557226643
9629394497,672241,2025-02-03,0.4435976176403851
9629394497,672241,2025-02-10,-4.0564230430990245
9629394497,672241,2025-02-17,0.943762237296097
9629394497,672241,2025-02-24,-1.5559080900295885
9629394497,672241,2025-03-03,-5.555269690226367
15766844963,672241,2024-11-25,2.0867970773393565
15766844963,672241,2024-12-02,0.08639875257027396
15766844963,672241,2024-12-09,2.5864028184627363
15766844963,672241,2024-12-16,1.5863736276719707
15766844963,672241,2024-12-23,0.5865650007780103
15766844963,672241,2024-12-30,0.5866343091041305
15766844963,672241,2025-01-06,0.08666302489919381
15766844963,672241,2025-01-13,1.0866838268499588
15766844963,672241,2025-01-20,1.0866255763271684
15766844963,672241,2025-01-27,0.5865752224820014
15766844963,672241,2025-02-03,2.086603008101868
15766844963,672241,2025-02-10,0.08642108093614204
15766844963,672241,2025-02-17,0.5864101301945428
15766844963,672241,2025-02-24,3.086436351730722
15766844963,672241,2025-03-03,1.0863892511970137
20377431146,672241,2024-11-25,-0.05794516160652906
20377431146,672241,2024-12-02,-0.05795290209411978
20377431146,672241,2024-12-09,-0.057959564238078944
20377431146,672241,2024-12-16,-0.057965236146359546
20377431146,672241,2024-12-23,-0.057969670335911515
20377431146,672241,2024-12-30,-0.05797319584111622
20377431146,672241,2025-01-06,-0.05797615969756145
20377431146,672241,2025-01-13,-0.05797828523251314
20377431146,672241,2025-01-20,-0.0579796418192636
20377431146,672241,2025-01-27,-0.05798033423644157
20377431146,672241,2025-02-03,-0.057980356093055116
20377431146,672241,2025-02-10,-0.05797972994942009
20377431146,672241,2025-02-17,-0.057978546896324805
20377431146,672241,2025-02-24,0.4420379756634861
20377431146,672241,2025-03-03,-0.05797302457120366
24738070995,672241,2024-11-25,0.4324445707501571
24738070995,672241,2024-12-02,0.43248228763883056
24738070995,672241,2024-12-09,0.43253025952964813
24738070995,672241,2024-12-16,0.43258868383646204
24738070995,672241,2024-12-23,0.4326574272288505
24738070995,672241,2024-12-30,0.43273580578442367
24738070995,672241,2025-01-06,1.932727898223443
24738070995,672241,2025-01-13,0.43284721530379155
24738070995,672241,2025-01-20,0.43285628325379555
24738070995,672241,2025-01-27,0.4328748867738763
24738070995,672241,2025-02-03,1.432840149180047
24738070995,672241,2025-02-10,0.43289289009409937
24738070995,672241,2025-02-17,0.4328757108812116
24738070995,672241,2025-02-24,0.4328686528360453
24738070995,672241,2025-03-03,0.43287109582231326
24738579136,672241,2024-11-25,0.8346634787076254
24738579136,672241,2024-12-02,0.8571667686693144
24738579136,672241,2024-12-09,0.8793961322503234
24738579136,672241,2024-12-16,0.9013518406225929
24738579136,672241,2024-12-23,0.9230336061563038
24738579136,672241,2024-12-30,0.9444410207141865
24738579136,672241,2025-01-06,0.9655742450672666
24738579136,672241,2025-01-13,0.9864326879678674
24738579136,672241,2025-01-20,1.0070147567802263
24738579136,672241,2025-01-27,1.0273195667290227
24738579136,672241,2025-02-03,1.0473464518141062
24738579136,672241,2025-02-10,1.067094263929674
24738579136,672241,2025-02-17,1.586585532516128
24738579136,672241,2025-02-24,1.1057702709543853
24738579136,672241,2025-03-03,1.1246979113475795
25223257610,672241,2024-11-25,-0.14428999674702297
25223257610,672241,2024-12-02,-0.14428840765329115
25223257610,672241,2024-12-09,0.3557592304863116
25223257610,672241,2024-12-16,0.8557354744184313
25223257610,672241,2024-12-23,-0.14424160610182052
25223257610,672241,2024-12-30,-0.14421904647393485
25223257610,672241,2025-01-06,-0.14419676294955316
25223257610,672241,2025-01-13,-0.1441747311855363
25223257610,672241,2025-01-20,1.3558008064603508
25223257610,672241,2025-01-27,-0.14415252384564836
25223257610,672241,2025-02-03,-0.14415165854095086
25223257610,672241,2025-02-10,-0.14415024353079675
25223257610,672241,2025-02-17,0.35580536897846887
25223257610,672241,2025-02-24,-0.14416625319887222
25223257610,672241,2025-03-03,-0.1441830393209349
25223743696,672241,2024-11-25,-0.14439735482706656
25223743696,672241,2024-12-02,-0.14403045572911474
25223743696,672241,2024-12-09,0.3563148095000169
25223743696,672241,2024-12-16,0.3565771126324653
25223743696,672241,2024-12-23,1.356873696392039
25223743696,672241,2024-12-30,-0.1430551757374037
25223743696,672241,2025-01-06,0.35697823919322114
25223743696,672241,2025-01-13,-0.14307406903112413
25223743696,672241,2025-01-20,0.3568606042992558
25223743696,672241,2025-01-27,0.3568495704255328
25223743696,672241,2025-02-03,-0.14324096001566555
25223743696,672241,2025-02-10,-0.14335217150718277
25223743696,672241,2025-02-17,1.3565359388079652
25223743696,672241,2025-02-24,-0.14337897266412253
25223743696,672241,2025-03-03,-0.1432969033180992
25223744190,672241,2024-11-25,0.023014306751216573
25223744190,672241,2024-12-02,0.022751452049302255
25223744190,672241,2024-12-09,0.5224689291324177
25223744190,672241,2024-12-16,0.022405097841567488
25223744190,672241,2024-12-23,0.022281810784435266
25223744190,672241,2024-12-30,0.022240528554551706
25223744190,672241,2025-01-06,0.022267957119767576
25223744190,672241,2025-01-13,0.5221980010544508
25223744190,672241,2025-01-20,0.022284804831912156
25223744190,672241,2025-01-27,0.02226180919485299
25223744190,672241,2025-02-03,0.022282178976546926
25223744190,672241,2025-02-10,0.5221829113216616
25223744190,672241,2025-02-17,0.022217183799104742
25223744190,672241,2025-02-24,0.022118621203840366
25223744190,672241,2025-03-03,0.022039910631589207
25671218131,672241,2024-11-25,-1.4239264503715352
25671218131,672241,2024-12-02,-1.497721379888243
25671218131,672241,2024-12-09,-1.0708564132318468
25671218131,672241,2024-12-16,-2.1433044198213183
25671218131,672241,2024-12-23,-1.7150750723327095
25671218131,672241,2024-12-30,-1.7861451991048087
25671218131,672241,2025-01-06,-1.3565016241655667
25671218131,672241,2025-01-13,-2.426162045134824
25671218131,672241,2025-01-20,-1.9951102953871256
25671218131,672241,2025-01-27,-2.0633906368027604
25671218131,672241,2025-02-03,-2.1309613032638386
25671218131,672241,2025-02-10,-2.69781469570817
25671218131,672241,2025-02-17,-2.7639733973238587
25671218131,672241,2025-02-24,-2.8294376660592007
25671218131,672241,2025-03-03,-1.8942343463688456
25671218642,672241,2024-11-25,1.2832426590761088
25671218642,672241,2024-12-02,2.782793994326539
25671218642,672241,2024-12-09,2.781450766482245
25671218642,672241,2024-12-16,1.2806237554401878
25671218642,672241,2024-12-23,4.780910992549218
25671218642,672241,2024-12-30,0.28108507828602647
25671218642,672241,2025-01-06,0.7814102725218481
25671218642,672241,2025-01-13,0.2818027148843324
25671218642,672241,2025-01-20,0.7821811556482413
25671218642,672241,2025-01-27,1.781242933661789
25671218642,672241,2025-02-03,-0.7188189511882431
25671218642,672241,2025-02-10,-0.7190602277703982
25671218642,672241,2025-02-17,-0.219558551433351
25671218642,672241,2025-02-24,1.2808968197800439
25671218642,672241,2025-03-03,-0.21943777027207123
27095798175,672241,2024-11-25,0.5889555319254187
27095798175,672241,2024-12-02,-1.9111876145979045
27095798175,672241,2024-12-09,-2.911242627343158
27095798175,672241,2024-12-16,-3.41126698850851
27095798175,672241,2024-12-23,-3.4113123122288607
27095798175,672241,2024-12-30,-3.4113545096678033
27095798175,672241,2025-01-06,-3.411329425255862
27095798175,672241,2025-01-13,-3.411273771799862
27095798175,672241,2025-01-20,-3.4112618933904377
27095798175,672241,2025-01-27,-3.4113011156934743
27095798175,672241,2025-02-03,-3.4112930194148428
27095798175,672241,2025-02-10,-2.411274350047644
27095798175,672241,2025-02-17,-3.4111864481253904
27095798175,672241,2025-02-24,-2.911173512108434
27095798175,672241,2025-03-03,-3.4111296206443154
27095801676,672241,2024-11-25,2.857985656585182
27095801676,672241,2024-12-02,1.3579401179788002
27095801676,672241,2024-12-09,0.35784798627011455
27095801676,672241,2024-12-16,-0.1423094688740757
27095801676,672241,2024-12-23,-0.14251050304847052
27095801676,672241,2024-12-30,-0.1426717749961493
27095801676,672241,2025-01-06,-0.14277413508356313
27095801676,672241,2025-01-13,-0.14282137967137304
27095801676,672241,2025-01-20,-0.14282272901900228
27095801676,672241,2025-01-27,-0.14279072459498948
27095801676,672241,2025-02-03,-0.1427426483968003
27095801676,672241,2025-02-10,-0.1426926645292283
27095801676,672241,2025-02-17,0.357397328949386
27095801676,672241,2025-02-24,-0.14251695053716035
27095801676,672241,2025-03-03,-0.14244389511829963
27095803613,672241,2024-11-25,0.4476972963881892
27095803613,672241,2024-12-02,0.9477318448826573
27095803613,672241,2024-12-09,0.44777539389466386
27095803613,672241,2024-12-16,1.447828955561819
27095803613,672241,2024-12-23,0.9478440798545416
27095803613,672241,2024-12-30,0.9478422859516451
27095803613,672241,2025-01-06,0.9478248672340446
27095803613,672241,2025-01-13,1.4477946242391377
27095803613,672241,2025-01-20,0.44773340187040317
27095803613,672241,2025-01-27,0.9476844097375442
27095803613,672241,2025-02-03,0.9476286595713301
27095803613,672241,2025-02-10,0.9475677846509172
27095803613,672241,2025-02-17,0.4475006318575447
27095803613,672241,2025-02-24,0.4474459718206763
27095803613,672241,2025-03-03,1.4474060147800047
27095804199,672241,2024-11-25,-0.14428186149655903
27095804199,672241,2024-12-02,-0.14428004345692547
27095804199,672241,2024-12-09,-0.14427761891039148
27095804199,672241,2024-12-16,-0.14427386033249495
27095804199,672241,2024-12-23,-0.1442686717143673
27095804199,672241,2024-12-30,-0.14426203065685195
27095804199,672241,2025-01-06,-0.14425390674458494
27095804199,672241,2025-01-13,-0.14424452880972632
27095804199,672241,2025-01-20,-0.14423427372248637
27095804199,672241,2025-01-27,-0.1442234502522935
27095804199,672241,2025-02-03,-0.14421164197415498
27095804199,672241,2025-02-10,0.8558405747999168
27095804199,672241,2025-02-17,0.35583897875392667
27095804199,672241,2025-02-24,0.855822043824912
27095804199,672241,2025-03-03,-0.14418373648381133
27095805681,672241,2024-11-25,0.8802584393011803
27095805681,672241,2024-12-02,0.8799536732087689
27095805681,672241,2024-12-09,3.8798206267342703
27095805681,672241,2024-12-16,0.3800702336617783
27095805681,672241,2024-12-23,0.3802447746736808
27095805681,672241,2024-12-30,0.38022280738968584
27095805681,672241,2025-01-06,0.3801307190077037
27095805681,672241,2025-01-13,0.3801694262971065
27095805681,672241,2025-01-20,0.8804109354162608
27095805681,672241,2025-01-27,0.8806708784737638
27095805681,672241,2025-02-03,1.8809171099327142
27095805681,672241,2025-02-10,3.3811079363521777
27095805681,672241,2025-02-17,0.8813218376282043
27095805681,672241,2025-02-24,0.3814661803574664
27095805681,672241,2025-03-03,0.8815843517580573
27095807110,672241,2024-11-25,6.63476048164085
27095807110,672241,2024-12-02,5.634654326870415
27095807110,672241,2024-12-09,3.1347261396615798
27095807110,672241,2024-12-16,7.134732189960449
27095807110,672241,2024-12-23,1.6345720322826507
27095807110,672241,2024-12-30,0.6345738154220609
27095807110,672241,2025-01-06,0.6345575690593193
27095807110,672241,2025-01-13,1.1345818900544267
27095807110,672241,2025-01-20,1.6345395969273948
27095807110,672241,2025-01-27,0.6345807285697729
27095807110,672241,2025-02-03,1.134579089487854
27095807110,672241,2025-02-10,1.634571148364134
27095807110,672241,2025-02-17,0.6345977114043264
27095807110,672241,2025-02-24,0.634606711343433
27095807110,672241,2025-03-03,3.6345413762973724
27095807671,672241,2024-11-25,0.997362598708706
27095807671,672241,2024-12-02,-1.5033559171348188
27095807671,672241,2024-12-09,4.49627471131173
27095807671,672241,2024-12-16,-1.0043569096589238
27095807671,672241,2024-12-23,-1.0044468596941174
27095807671,672241,2024-12-30,-0.004512356903142334
27095807671,672241,2025-01-06,-1.504601030375988
27095807671,672241,2025-01-13,-1.0043504763155602
27095807671,672241,2025-01-20,1.9960376790379923
27095807671,672241,2025-01-27,3.49679961258634
27095807671,672241,2025-02-03,-0.0022567265964884564
27095807671,672241,2025-02-10,0.49864300444228676
27095807671,672241,2025-02-17,0.9995770148409734
27095807671,672241,2025-02-24,-0.49976549191048925
27095807671,672241,2025-03-03,5.000859151789777
27095808173,672241,2024-11-25,0.22245748240549634
27095808173,672241,2024-12-02,0.18978998532750205
27095808173,672241,2024-12-09,0.16039735613141504
27095808173,672241,2024-12-16,0.6092999679997315
27095808173,672241,2024-12-23,0.11627782750508342
27095808173,672241,2024-12-30,1.0984277817341517
27095808173,672241,2025-01-06,0.08278742683821422
27095808173,672241,2025-01-13,0.06901023381718702
27095808173,672241,2025-01-20,0.5842316811143895
27095808173,672241,2025-01-27,0.5742391414860868
27095808173,672241,2025-02-03,0.03987734038173629
27095808173,672241,2025-02-10,0.5080587902152516
27095808173,672241,2025-02-17,0.03004247108586211
27095808173,672241,2025-02-24,0.024884720039727304
27095808173,672241,2025-03-03,0.02099274797053563
27095808692,672241,2024-11-25,2.0458745590568843
27095808692,672241,2024-12-02,0.04586793089694513
27095808692,672241,2024-12-09,-0.9541212959755221
27095808692,672241,2024-12-16,-0.9541118613070861
27095808692,672241,2024-12-23,-0.954103273586955
27095808692,672241,2024-12-30,-0.9541013637962623
27095808692,672241,2025-01-06,-0.4541130131318549
27095808692,672241,2025-01-13,-0.4541210758696342
27095808692,672241,2025-01-20,-0.4541325466739331
27095808692,672241,2025-01-27,0.04586445492144048
27095808692,672241,2025-02-03,-0.9541445996277199
27095808692,672241,2025-02-10,-0.9541525692378966
27095808692,672241,2025-02-17,-0.9541618188919649
27095808692,672241,2025-02-24,-0.9541749000916496
27095808692,672241,2025-03-03,-0.9541913676052627
27095809660,672241,2024-11-25,0.5341363905338279
27095809660,672241,2024-12-02,1.034566001355182
27095809660,672241,2024-12-09,0.5346417189827344
27095809660,672241,2024-12-16,1.534612636939428
27095809660,672241,2024-12-23,1.0344980919395828
27095809660,672241,2024-12-30,0.5344509979345407
27095809660,672241,2025-01-06,1.0343512412093245
27095809660,672241,2025-01-13,1.0343798269751696
27095809660,672241,2025-01-20,0.5343123549612253
27095809660,672241,2025-01-27,0.5342939579016358
27095809660,672241,2025-02-03,0.5342944160395356
27095809660,672241,2025-02-10,0.5343092401718046
27095809660,672241,2025-02-17,0.5343350072719708
27095809660,672241,2025-02-24,0.5343672864661713
27095809660,672241,2025-03-03,0.5344020404023779
27095810173,672241,2024-11-25,3.874942930137
27095810173,672241,2024-12-02,3.374951800037371
27095810173,672241,2024-12-09,3.8749525694624776
27095810173,672241,2024-12-16,3.374972107601626
27095810173,672241,2024-12-23,3.3749746926484097
27095810173,672241,2024-12-30,3.374990859743241
27095810173,672241,2025-01-06,16.374942643120573
27095810173,672241,2025-01-13,3.3750017496468683
27095810173,672241,2025-01-20,3.37500549060772
27095810173,672241,2025-01-27,3.3750107744081217
27095810173,672241,2025-02-03,3.375014431327301
27095810173,672241,2025-02-10,6.87500637349059
27095810173,672241,2025-02-17,13.374975213192975
27095810173,672241,2025-02-24,3.8750205697732896
27095810173,672241,2025-03-03,4.375015019453579
27095810673,672241,2024-11-25,5.227720078065482
27095810673,672241,2024-12-02,5.228020641506417
27095810673,672241,2024-12-09,5.228176326017315
27095810673,672241,2024-12-16,5.228467458168762
27095810673,672241,2024-12-23,5.228844219403938
27095810673,672241,2024-12-30,5.229056796760674
27095810673,672241,2025-01-06,5.2289027685323015
27095810673,672241,2025-01-13,5.229130087080074
27095810673,672241,2025-01-20,7.728407399303556
27095810673,672241,2025-01-27,5.228731652352628
27095810673,672241,2025-02-03,7.227826265044114
27095810673,672241,2025-02-10,6.2279839961928465
27095810673,672241,2025-02-17,6.726960282260578
27095810673,672241,2025-02-24,6.7272591492465805
27095810673,672241,2025-03-03,8.226420793579388
27095811177,672241,2024-11-25,1.0193195367390393
27095811177,672241,2024-12-02,0.5192919894140406
27095811177,672241,2024-12-09,0.5192722326474171
27095811177,672241,2024-12-16,1.0192595135287303
27095811177,672241,2024-12-23,0.5192405293419811
27095811177,672241,2024-12-30,0.519228106665035
27095811177,672241,2025-01-06,1.0192226167439662
27095811177,672241,2025-01-13,0.5192100342983206
27095811177,672241,2025-01-20,1.5192138081881446
27095811177,672241,2025-01-27,0.5192010434740575
27095811177,672241,2025-02-03,0.5191999396389164
27095811177,672241,2025-02-10,0.5191996786864819
27095811177,672241,2025-02-17,0.5191992613296723
27095811177,672241,2025-02-24,1.0192044420283732
27095811177,672241,2025-03-03,1.0192069011493106
27095812646,672241,2024-11-25,1.0767700943316532
27095812646,672241,2024-12-02,0.5768097935093479
27095812646,672241,2024-12-09,0.576876351529006
27095812646,672241,2024-12-16,0.5769087968619006
27095812646,672241,2024-12-23,0.5769237551955718
27095812646,672241,2024-12-30,0.5769273093262709
27095812646,672241,2025-01-06,0.5769269994906432
27095812646,672241,2025-01-13,0.5769283005089041
27095812646,672241,2025-01-20,0.5769253796716146
27095812646,672241,2025-01-27,0.5769179192245243
27095812646,672241,2025-02-03,1.0770028851028264
27095812646,672241,2025-02-10,0.5769271600520194
27095812646,672241,2025-02-17,0.576934456785599
27095812646,672241,2025-02-24,0.5769334172109544
27095812646,672241,2025-03-03,0.576927828072532
27095813697,672241,2024-11-25,-0.2013808862656055
27095813697,672241,2024-12-02,0.7979606173917614
27095813697,672241,2024-12-09,-0.20137834451783126
27095813697,672241,2024-12-16,-0.2014143432207606
27095813697,672241,2024-12-23,-0.2014538147450405
27095813697,672241,2024-12-30,0.29815029700804685
27095813697,672241,2025-01-06,-0.2015944491377521
27095813697,672241,2025-01-13,-0.20167748426937981
27095813697,672241,2025-01-20,-0.2017654796007897
27095813697,672241,2025-01-27,0.2984820834171261
27095813697,672241,2025-02-03,-0.20193688677793437
27095813697,672241,2025-02-10,-0.20200793772419345
27095813697,672241,2025-02-17,-0.20207791133355227
27095813697,672241,2025-02-24,-0.20216605052463374
27095813697,672241,2025-03-03,-0.20225267483929743
27095814149,672241,2024-11-25,0.47115254210616614
27095814149,672241,2024-12-02,0.47115288373049746
27095814149,672241,2024-12-09,-0.028846252425801577
27095814149,672241,2024-12-16,0.47115317715563115
27095814149,672241,2024-12-23,0.4711541034984155
27095814149,672241,2024-12-30,-0.02884603514506373
27095814149,672241,2025-01-06,-0.028845810401716965
27095814149,672241,2025-01-13,-0.02884573292485043
27095814149,672241,2025-01-20,-0.02884584151411229
27095814149,672241,2025-01-27,-0.02884627902292869
27095814149,672241,2025-02-03,0.47115349630694237
27095814149,672241,2025-02-10,0.4711539360745697
27095814149,672241,2025-02-17,-0.028845984749008513
27095814149,672241,2025-02-24,0.9711533414813768
27095814149,672241,2025-03-03,-0.028846579831878827
27878669323,672241,2024-11-25,4.37811813940417
27878669323,672241,2024-12-02,4.377848369373061
27878669323,672241,2024-12-09,4.377631063366715
27878669323,672241,2024-12-16,4.3774634868048174
27878669323,672241,2024-12-23,4.877216565481561
27878669323,672241,2024-12-30,4.876968880640793
27878669323,672241,2025-01-06,4.376750602035489
27878669323,672241,2025-01-13,4.376526134320716
27878669323,672241,2025-01-20,4.876326676361993
27878669323,672241,2025-01-27,4.8760826343661545
27878669323,672241,2025-02-03,5.875850199777903
27878669323,672241,2025-02-10,6.875774068047354
27878669323,672241,2025-02-17,5.875754444580083
27878669323,672241,2025-02-24,7.8758023108093465
27878669323,672241,2025-03-03,5.875678461496228
27878726372,672241,2024-11-25,0.7610891033463371
27878726372,672241,2024-12-02,0.7603000107072992
27878726372,672241,2024-12-09,3.259320940959014
27878726372,672241,2024-12-16,0.2591038478924851
27878726372,672241,2024-12-23,0.7586915633401623
27878726372,672241,2024-12-30,0.25819245234372934
27878726372,672241,2025-01-06,0.2578830770422562
27878726372,672241,2025-01-13,0.25765233589293823
27878726372,672241,2025-01-20,0.2574941632134734
27878726372,672241,2025-01-27,0.2574010090216229
27878726372,672241,2025-02-03,0.7574618764316692
27878726372,672241,2025-02-10,0.2573864123659898
27878726372,672241,2025-02-17,0.25742757702166363
27878726372,672241,2025-02-24,0.7574125416748401
27878726372,672241,2025-03-03,0.7575490205620379
28809186837,672241,2024-11-25,1.793230853593019
28809186837,672241,2024-12-02,1.7932473867523988
28809186837,672241,2024-12-09,1.793190373273461
28809186837,672241,2024-12-16,1.7930629202340789
28809186837,672241,2024-12-23,1.7928829586493409
28809186837,672241,2024-12-30,2.2929798630230653
28809186837,672241,2025-01-06,1.792737136357443
28809186837,672241,2025-01-13,1.7926601911956552
28809186837,672241,2025-01-20,2.292326991057927
28809186837,672241,2025-01-27,1.792367487301027
28809186837,672241,2025-02-03,1.7922997515996621
28809186837,672241,2025-02-10,1.7922461177280467
28809186837,672241,2025-02-17,1.792211509122744
28809186837,672241,2025-02-24,1.7921838909220806
28809186837,672241,2025-03-03,1.7921426510012297
28809187395,672241,2024-11-25,0.028842938296636034
28809187395,672241,2024-12-02,0.028842350437020742
28809187395,672241,2024-12-09,0.02884171568651933
28809187395,672241,2024-12-16,0.02884171311983641
28809187395,672241,2024-12-23,0.5288530093771061
28809187395,672241,2024-12-30,0.028841812289236407
28809187395,672241,2025-01-06,0.5288528057379777
28809187395,672241,2025-01-13,0.02884153266458253
28809187395,672241,2025-01-20,0.028841507003941252
28809187395,672241,2025-01-27,0.5288305236639353
28809187395,672241,2025-02-03,0.028842125540633506
28809187395,672241,2025-02-10,0.028842763969943647
28809187395,672241,2025-02-17,0.02884320804680235
28809187395,672241,2025-02-24,0.5288320456293261
28809187395,672241,2025-03-03,0.028843257776630105
28809187852,672241,2024-11-25,0.02882386217492662
28809187852,672241,2024-12-02,0.028822739139390235
28809187852,672241,2024-12-09,0.028821140076570093
28809187852,672241,2024-12-16,0.02881914677061173
28809187852,672241,2024-12-23,0.0288168705049702
28809187852,672241,2024-12-30,0.028814483138471667
28809187852,672241,2025-01-06,0.5288186163688816
28809187852,672241,2025-01-13,0.02881580741598755
28809187852,672241,2025-01-20,0.028819874580340937
28809187852,672241,2025-01-27,0.028823206249898925
28809187852,672241,2025-02-03,0.028826149326705436
28809187852,672241,2025-02-10,0.028828734571967232
28809187852,672241,2025-02-17,0.02883063536348636
28809187852,672241,2025-02-24,0.02883244069494921
28809187852,672241,2025-03-03,0.028833777152201187
28809207396,672241,2024-11-25,-0.3456542298891502
28809207396,672241,2024-12-02,-0.3457181511600599
28809207396,672241,2024-12-09,-0.3459501509750113
28809207396,672241,2024-12-16,-0.3462963374353616
28809207396,672241,2024-12-23,-0.3467211409430899
28809207396,672241,2024-12-30,-0.34718719985220714
28809207396,672241,2025-01-06,-0.3476409304742352
28809207396,672241,2025-01-13,-0.3480847918260493
28809207396,672241,2025-01-20,-0.34851084182610903
28809207396,672241,2025-01-27,-0.34888148617701975
28809207396,672241,2025-02-03,-0.34924272547266705
28809207396,672241,2025-02-10,-0.3495287281940301
28809207396,672241,2025-02-17,-0.3496843137764079
28809207396,672241,2025-02-24,-0.3497655699557488
28809207396,672241,2025-03-03,-0.3497760694484376
28809212359,672241,2024-11-25,5.876584335858886
28809212359,672241,2024-12-02,5.376659766248964
28809212359,672241,2024-12-09,5.37654403770023
28809212359,672241,2024-12-16,5.876374208104029
28809212359,672241,2024-12-23,5.37638763249426
28809212359,672241,2024-12-30,5.376237150483846
28809212359,672241,2025-01-06,5.3761276733070185
28809212359,672241,2025-01-13,5.376137198528886
28809212359,672241,2025-01-20,5.876122565727332
28809212359,672241,2025-01-27,6.875975860194862
28809212359,672241,2025-02-03,5.375905549207563
28809212359,672241,2025-02-10,5.375841245001979
28809212359,672241,2025-02-17,5.37589633134023
28809212359,672241,2025-02-24,5.3760501032596375
28809212359,672241,2025-03-03,5.37621500822806
28809285342,672241,2024-11-25,-2.1633911961708643
28809285342,672241,2024-12-02,-2.353191722261717
28809285342,672241,2024-12-09,-1.5412295175247133
28809285342,672241,2024-12-16,-3.2274815307263967
28809285342,672241,2024-12-23,-3.412003933234379
28809285342,672241,2024-12-30,-3.594764976023236
28809285342,672241,2025-01-06,-3.775765051857859
28809285342,672241,2025-01-13,-3.9550045045835645
28809285342,672241,2025-01-20,-3.132476789730601
28809285342,672241,2025-01-27,-4.308189660075192
28809285342,672241,2025-02-03,-4.482119280800192
28809285342,672241,2025-02-10,-4.654291172103198
28809285342,672241,2025-02-17,-4.824704461821102
28809285342,672241,2025-02-24,-4.993360119048803
28809285342,672241,2025-03-03,-5.160255847803937
28809472364,672241,2024-11-25,0.6371813894265188
28809472364,672241,2024-12-02,0.12404777398295155
28809472364,672241,2024-12-09,0.6110465979713098
28809472364,672241,2024-12-16,0.09819007531305113
28809472364,672241,2024-12-23,0.08546890676107757
28809472364,672241,2024-12-30,0.5728847930957195
28809472364,672241,2025-01-06,0.060446667401750746
28809472364,672241,2025-01-13,0.04814506881938141
28809472364,672241,2025-01-20,0.03598315915661571
28809472364,672241,2025-01-27,0.023960966199439687
28809472364,672241,2025-02-03,0.012078518418697087
28809472364,672241,2025-02-10,0.0003357260141438473
28809472364,672241,2025-02-17,0.4887307642972888
28809472364,672241,2025-02-24,-0.022727743401923642
28809472364,672241,2025-03-03,-0.03404959354756208
28809487326,672241,2024-11-25,0.4326886037281508
28809487326,672241,2024-12-02,0.4326888106395716
28809487326,672241,2024-12-09,0.432688983986868
28809487326,672241,2024-12-16,0.9326916100107394
28809487326,672241,2024-12-23,0.9326916835178267
28809487326,672241,2024-12-30,0.4326891486653655
28809487326,672241,2025-01-06,0.43268915526215346
28809487326,672241,2025-01-13,0.4326889608325963
28809487326,672241,2025-01-20,0.4326887660365242
28809487326,672241,2025-01-27,0.43268853618690045
28809487326,672241,2025-02-03,0.43268843726018424
28809487326,672241,2025-02-10,2.4326984989473375
28809487326,672241,2025-02-17,0.43268806141393346
28809487326,672241,2025-02-24,0.4326880646672336
28809487326,672241,2025-03-03,0.9326905177151362
28809487836,672241,2024-11-25,6.373646718395992e-05
28809487836,672241,2024-12-02,0.4997994720263335
28809487836,672241,2024-12-09,0.0002068804954144035
28809487836,672241,2024-12-16,1.0002563952698105
28809487836,672241,2024-12-23,0.00029027752016125286
28809487836,672241,2024-12-30,0.0002985845650973623
28809487836,672241,2025-01-06,0.0002875153232767477
28809487836,672241,2025-01-13,0.0002654646521685483
28809487836,672241,2025-01-20,0.00022917299363933025
28809487836,672241,2025-01-27,0.00017626543512570814
28809487836,672241,2025-02-03,0.00011786817954542034
28809487836,672241,2025-02-10,6.507497866974771e-05
28809487836,672241,2025-02-17,1.5491087094976486e-05
28809487836,672241,2025-02-24,-2.7200190220344478e-05
28809487836,672241,2025-03-03,-6.001875476996377e-05
28809488890,672241,2024-11-25,-0.05720139836700079
28809488890,672241,2024-12-02,-0.057209165033105275
28809488890,672241,2024-12-09,-0.05721671836993402
28809488890,672241,2024-12-16,-0.05722408493001333
28809488890,672241,2024-12-23,-0.05723122242936941
28809488890,672241,2024-12-30,-0.05723821111862688
28809488890,672241,2025-01-06,-0.057245053623752984
28809488890,672241,2025-01-13,-0.057251748193208184
28809488890,672241,2025-01-20,-0.05725829371464846
28809488890,672241,2025-01-27,-0.057264726423535445
28809488890,672241,2025-02-03,-0.057271037572261485
28809488890,672241,2025-02-10,-0.057277250200829286
28809488890,672241,2025-02-17,-0.057283352826043875
28809488890,672241,2025-02-24,-0.057289341409346106
28809488890,672241,2025-03-03,-0.057295289398672705
28809489369,672241,2024-11-25,2.105850050382293
28809489369,672241,2024-12-02,1.605563595363952
28809489369,672241,2024-12-09,0.6056787346414179
28809489369,672241,2024-12-16,1.6054986907242736
28809489369,672241,2024-12-23,0.6055503439003225
28809489369,672241,2024-12-30,1.6056433181107281
28809489369,672241,2025-01-06,2.1055421648303403
28809489369,672241,2025-01-13,0.6056123208986448
28809489369,672241,2025-01-20,1.105574417097675
28809489369,672241,2025-01-27,1.1055890662928287
28809489369,672241,2025-02-03,1.105638716673693
28809489369,672241,2025-02-10,1.605482639234568
28809489369,672241,2025-02-17,4.105743817434374
28809489369,672241,2025-02-24,1.1057335066637832
28809489369,672241,2025-03-03,0.6058675694513775
28809490329,672241,2024-11-25,-0.09274657386229984
28809490329,672241,2024-12-02,0.40718790812333777
28809490329,672241,2024-12-09,0.4070933277634109
28809490329,672241,2024-12-16,0.40719061186663486
28809490329,672241,2024-12-23,-0.09284934026527908
28809490329,672241,2024-12-30,3.9067639475124225
28809490329,672241,2025-01-06,1.406804852565533
28809490329,672241,2025-01-13,2.406828934840238
28809490329,672241,2025-01-20,2.4067132862313216
28809490329,672241,2025-01-27,4.406617396595642
28809490329,672241,2025-02-03,-0.09311794625330821
28809490329,672241,2025-02-10,0.4068309425894742
28809490329,672241,2025-02-17,-0.09323261106559844
28809490329,672241,2025-02-24,-0.09316073272226183
28809490329,672241,2025-03-03,-0.09311379711960238
30181290347,672241,2024-11-25,-0.23069240001241692
30181290347,672241,2024-12-02,-0.23069074224870728
30181290347,672241,2024-12-09,0.26935916621248834
30181290347,672241,2024-12-16,-0.23070106847636557
30181290347,672241,2024-12-23,-0.23070802276389263
30181290347,672241,2024-12-30,-0.23071334056256226
30181290347,672241,2025-01-06,-0.2307189504369453
30181290347,672241,2025-01-13,-0.2307261561666195
30181290347,672241,2025-01-20,-0.23073182181364782
30181290347,672241,2025-01-27,-0.23073809815516988
30181290347,672241,2025-02-03,-0.23074413937790242
30181290347,672241,2025-02-10,-0.2307481656203646
30181290347,672241,2025-02-17,-0.23075393885414486
30181290347,672241,2025-02-24,-0.23075934402656456
30181290347,672241,2025-03-03,-0.23076321704064529
30182210325,672241,2024-11-25,-0.2882277382600389
30182210325,672241,2024-12-02,-0.288219859622571
30182210325,672241,2024-12-09,-0.2882124062216752
30182210325,672241,2024-12-16,-0.2882061331404966
30182210325,672241,2024-12-23,-0.2882000744263293
30182210325,672241,2024-12-30,-0.2881954078904787
30182210325,672241,2025-01-06,-0.28819093947007757
30182210325,672241,2025-01-13,-0.2881871306804624
30182210325,672241,2025-01-20,-0.28818046114781226
30182210325,672241,2025-01-27,-0.2881744637181878
30182210325,672241,2025-02-03,-0.2881721592435582
30182210325,672241,2025-02-10,-0.2881704553780309
30182210325,672241,2025-02-17,-0.28816856754326425
30182210325,672241,2025-02-24,-0.2881677433579013
30182210325,672241,2025-03-03,-0.2881671054425231
30227761388,672241,2024-11-25,0.355644412083749
30227761388,672241,2024-12-02,-0.14443202349139037
30227761388,672241,2024-12-09,-0.14446000496991074
30227761388,672241,2024-12-16,-0.14447637372312644
30227761388,672241,2024-12-23,-0.14449162519220635
30227761388,672241,2024-12-30,-0.1445103877579463
30227761388,672241,2025-01-06,-0.14453390860359377
30227761388,672241,2025-01-13,-0.14456148177532674
30227761388,672241,2025-01-20,-0.14459165988643444
30227761388,672241,2025-01-27,-0.14462286677833114
30227761388,672241,2025-02-03,-0.1446536785301848
30227761388,672241,2025-02-10,-0.14468334242573705
30227761388,672241,2025-02-17,-0.1447115443649617
30227761388,672241,2025-02-24,-0.14473844253689933
30227761388,672241,2025-03-03,-0.14476446639313645
30227761828,672241,2024-11-25,2.118996089453817
30227761828,672241,2024-12-02,-0.3582267323521966
30227761828,672241,2024-12-09,1.6366383329620047
30227761828,672241,2024-12-16,2.60649733677952
30227761828,672241,2024-12-23,-0.785148700669229
30227761828,672241,2024-12-30,0.6965433592105906
30227761828,672241,2025-01-06,0.71966472068249
30227761828,672241,2025-01-13,0.25619384754972313
30227761828,672241,2025-01-20,1.2546948780384657
30227761828,672241,2025-01-27,4.678670850116704
30227761828,672241,2025-02-03,-0.681441300431674
30227761828,672241,2025-02-10,0.34107055578625783
30227761828,672241,2025-02-17,0.2947811982334229
30227761828,672241,2025-02-24,0.32839444011545743
30227761828,672241,2025-03-03,-0.6653675399940744
30227763865,672241,2024-11-25,2.1634552122812596
30227763865,672241,2024-12-02,0.6634537062756878
30227763865,672241,2024-12-09,0.6634527219915248
30227763865,672241,2024-12-16,0.6634532683377832
30227763865,672241,2024-12-23,0.6634533274280654
30227763865,672241,2024-12-30,0.6634528328800524
30227763865,672241,2025-01-06,0.6634530615784034
30227763865,672241,2025-01-13,0.6634536309094419
30227763865,672241,2025-01-20,0.6634532366584383
30227763865,672241,2025-01-27,0.6634535351245504
30227763865,672241,2025-02-03,0.6634532903659289
30227763865,672241,2025-02-10,0.6634535653313673
30227763865,672241,2025-02-17,0.6634539577127746
30227763865,672241,2025-02-24,0.6634536130120662
30227763865,672241,2025-03-03,0.6634536863236934
30227764388,672241,2024-11-25,-0.0015018346395406917
30227764388,672241,2024-12-02,0.49856704750439956
30227764388,672241,2024-12-09,-0.0007735439837482649
30227764388,672241,2024-12-16,0.5000686456854151
30227764388,672241,2024-12-23,0.00024979059144060456
30227764388,672241,2024-12-30,0.5001638264698535
30227764388,672241,2025-01-06,0.5000948327472233
30227764388,672241,2025-01-13,0.00026464393774024153
30227764388,672241,2025-01-20,7.804114486055502e-05
30227764388,672241,2025-01-27,-0.00013089624195587735
30227764388,672241,2025-02-03,-0.0003541261011783675
30227764388,672241,2025-02-10,-0.0005824073049581491
30227764388,672241,2025-02-17,0.49973268361899087
30227764388,672241,2025-02-24,-0.0005618341474070421
30227764388,672241,2025-03-03,-0.0005260720361735388
30227765347,672241,2024-11-25,-0.05987797132536901
30227765347,672241,2024-12-02,-0.06059392177454605
30227765347,672241,2024-12-09,0.938716984825721
30227765347,672241,2024-12-16,-0.06194338031280085
30227765347,672241,2024-12-23,0.43815673985553816
30227765347,672241,2024-12-30,-0.06318310706257232
30227765347,672241,2025-01-06,-0.06303423822866747
30227765347,672241,2025-01-13,-0.0628376820133212
30227765347,672241,2025-01-20,-0.06260648372113865
30227765347,672241,2025-01-27,-0.06231259277259335
30227765347,672241,2025-02-03,-0.061955559775714236
30227765347,672241,2025-02-10,-0.06153490745885354
30227765347,672241,2025-02-17,-0.06105035664960083
30227765347,672241,2025-02-24,-0.06058359501590034
30227765347,672241,2025-03-03,-0.06009256569038958
30227766812,672241,2024-11-25,0.26393646115783626
30227766812,672241,2024-12-02,0.30417650303895405
30227766812,672241,2024-12-09,0.30610566677404527
30227766812,672241,2024-12-16,0.3119472026747191
30227766812,672241,2024-12-23,0.3099583831294141
30227766812,672241,2024-12-30,0.31383800981484405
30227766812,672241,2025-01-06,0.31380254183936174
30227766812,672241,2025-01-13,0.31572333959794163
30227766812,672241,2025-01-20,0.31764431859721626
30227766812,672241,2025-01-27,0.32152156995052716
30227766812,672241,2025-02-03,0.3214837335393437
30227766812,672241,2025-02-10,0.32340216772925723
30227766812,672241,2025-02-17,1.3233647005869016
30227766812,672241,2025-02-24,0.30808717089944576
30227766812,672241,2025-03-03,0.20465373031131118
30227767831,672241,2024-11-25,2.442398825622112
30227767831,672241,2024-12-02,-0.05755011496021101
30227767831,672241,2024-12-09,-0.05759023334053964
30227767831,672241,2024-12-16,-0.057631157882451656
30227767831,672241,2024-12-23,-0.057670973164268724
30227767831,672241,2024-12-30,-0.05770831691362413
30227767831,672241,2025-01-06,-0.05774172187169169
30227767831,672241,2025-01-13,-0.05777072306641651
30227767831,672241,2025-01-20,-0.05779545023746824
30227767831,672241,2025-01-27,0.4422157302839269
30227767831,672241,2025-02-03,-0.057823758282711246
30227767831,672241,2025-02-10,-0.05782885134326851
30227767831,672241,2025-02-17,-0.05782969238641894
30227767831,672241,2025-02-24,-0.05782540736632012
30227767831,672241,2025-03-03,0.44221327429099677
30227768349,672241,2024-11-25,0.904387310551962
30227768349,672241,2024-12-02,0.9045586910179026
30227768349,672241,2024-12-09,0.9042790652126632
30227768349,672241,2024-12-16,0.40431572082558415
30227768349,672241,2024-12-23,0.40422614899009945
30227768349,672241,2024-12-30,0.40412802279707954
30227768349,672241,2025-01-06,0.4040235579690469
30227768349,672241,2025-01-13,0.4039114433794031
30227768349,672241,2025-01-20,0.40379249933083494
30227768349,672241,2025-01-27,0.4036690827927948
30227768349,672241,2025-02-03,0.9036591077129787
30227768349,672241,2025-02-10,0.9035528983667594
30227768349,672241,2025-02-17,0.4033472649353464
30227768349,672241,2025-02-24,0.4032486030826983
30227768349,672241,2025-03-03,1.403390588231821
30227768888,672241,2024-11-25,-0.0004743828500888281
30227768888,672241,2024-12-02,-0.0006676452446287562
30227768888,672241,2024-12-09,-0.0008859843918803678
30227768888,672241,2024-12-16,-0.0011553674314855322
30227768888,672241,2024-12-23,-0.0013983260510434525
30227768888,672241,2024-12-30,-0.0015596715308369147
30227768888,672241,2025-01-06,-0.0016073407837837173
30227768888,672241,2025-01-13,-0.0015818415282752296
30227768888,672241,2025-01-20,-0.001576447496240807
30227768888,672241,2025-01-27,-0.00159789469231586
30227768888,672241,2025-02-03,-0.0016451799327462102
30227768888,672241,2025-02-10,-0.0016377953902922404
30227768888,672241,2025-02-17,-0.0015836702036630124
30227768888,672241,2025-02-24,-0.0014712689868469075
30227768888,672241,2025-03-03,-0.0013540847938902645
30227769326,672241,2024-11-25,-0.6185320655136958
30227769326,672241,2024-12-02,-0.10129437101131464
30227769326,672241,2024-12-09,1.415162236376411
30227769326,672241,2024-12-16,-0.5690209297973065
30227769326,672241,2024-12-23,-0.053957567169952446
30227769326,672241,2024-12-30,1.960385175563727
30227769326,672241,2025-01-06,-0.5258447703395898
30227769326,672241,2025-01-13,-0.5128026187525199
30227769326,672241,2025-01-20,-0.5003944169066078
30227769326,672241,2025-01-27,0.5113409639902143
30227769326,672241,2025-02-03,1.0224169677932147
30227769326,672241,2025-02-10,0.03284416130353224
30227769326,672241,2025-02-17,-0.9574035214101917
30227769326,672241,2025-02-24,-0.9483356405061951
30227769326,672241,2025-03-03,-0.9399284597284057
30227769849,672241,2024-11-25,0.6149641739764365
30227769849,672241,2024-12-02,0.1148679376803356
30227769849,672241,2024-12-09,0.6156842629788313
30227769849,672241,2024-12-16,0.6152716035113908
30227769849,672241,2024-12-23,0.11609657636703757
30227769849,672241,2024-12-30,1.1155632834422904
30227769849,672241,2025-01-06,0.11659203379830779
30227769849,672241,2025-01-13,0.6162608601462919
30227769849,672241,2025-01-20,0.1167112839362387
30227769849,672241,2025-01-27,0.1167090351731582
30227769849,672241,2025-02-03,1.1158000160331472
30227769849,672241,2025-02-10,0.11644094840786717
30227769849,672241,2025-02-17,0.6166236605045063
30227769849,672241,2025-02-24,0.11602917618913663
30227769849,672241,2025-03-03,0.11589009800816177
30323747828,672241,2024-11-25,-0.30770550333538543
30323747828,672241,2024-12-02,-0.31701272383276935
30323747828,672241,2024-12-09,-0.3261875412250007
30323747828,672241,2024-12-16,-0.3352298872293098
30323747828,672241,2024-12-23,0.1558575689294938
30323747828,672241,2024-12-30,-0.35291966220261756
30323747828,672241,2025-01-06,-0.3615671497816553
30323747828,672241,2025-01-13,-0.37008219333449544
30323747828,672241,2025-01-20,-0.3784648969811294
30323747828,672241,2025-01-27,-0.3867153887014899
30323747828,672241,2025-02-03,-0.3948335921987016
30323747828,672241,2025-02-10,-0.40281976323866153
30323747828,672241,2025-02-17,-0.41067401960811933
30323747828,672241,2025-02-24,-0.41839631681118705
30323747828,672241,2025-03-03,-0.42598694149956506
30323761316,672241,2024-11-25,0.06583324553825946
30323761316,672241,2024-12-02,1.0658684107196081
30323761316,672241,2024-12-09,0.0658814209608639
30323761316,672241,2024-12-16,0.0658946003712727
30323761316,672241,2024-12-23,0.5659104009838463
30323761316,672241,2024-12-30,0.06591677264691759
30323761316,672241,2025-01-06,0.06592145554750688
30323761316,672241,2025-01-13,0.06592499887351383
30323761316,672241,2025-01-20,0.06592578881745592
30323761316,672241,2025-01-27,0.06592356527775728
30323761316,672241,2025-02-03,0.06591880887408007
30323761316,672241,2025-02-10,0.06591225380268602
30323761316,672241,2025-02-17,0.06590458642184356
30323761316,672241,2025-02-24,0.06589666880999627
30323761316,672241,2025-03-03,0.06588935926792786
30323764884,672241,2024-11-25,-0.09704406205076571
30323764884,672241,2024-12-02,-0.09702275533771815
30323764884,672241,2024-12-09,-0.09700773461346185
30323764884,672241,2024-12-16,-0.09701310557600051
30323764884,672241,2024-12-23,-0.09698477992224847
30323764884,672241,2024-12-30,0.9030938055578025
30323764884,672241,2025-01-06,-0.09692136272796004
30323764884,672241,2025-01-13,-0.09689690939229972
30323764884,672241,2025-01-20,-0.09685478736469152
30323764884,672241,2025-01-27,-0.09685019680468712
30323764884,672241,2025-02-03,-0.09685981141190994
30323764884,672241,2025-02-10,-0.09686991839003387
30323764884,672241,2025-02-17,-0.09688983010845428
30323764884,672241,2025-02-24,-0.09693221875439959
30323764884,672241,2025-03-03,-0.09696807329924759
31260538389,672241,2024-11-25,-0.02880868291456824
31260538389,672241,2024-12-02,-0.028809135530203794
31260538389,672241,2024-12-09,-0.02880988039334681
31260538389,672241,2024-12-16,-0.02881098518204136
31260538389,672241,2024-12-23,-0.028812498314542877
31260538389,672241,2024-12-30,-0.028814421959637418
31260538389,672241,2025-01-06,-0.028816787961194017
31260538389,672241,2025-01-13,-0.028819643771793718
31260538389,672241,2025-01-20,-0.02882296298196492
31260538389,672241,2025-01-27,-0.0288268899152806
31260538389,672241,2025-02-03,-0.02883133287005443
31260538389,672241,2025-02-10,-0.02883569774821262
31260538389,672241,2025-02-17,-0.02884030272900796
31260538389,672241,2025-02-24,-0.02884563372079757
31260538389,672241,2025-03-03,-0.02885096784288508
31260608522,672241,2024-11-25,-0.044944137079097154
31260608522,672241,2024-12-02,-0.055149825336688954
31260608522,672241,2024-12-09,0.9347766318969406
31260608522,672241,2024-12-16,0.42483448240766725
31260608522,672241,2024-12-23,0.4150270586102257
31260608522,672241,2024-12-30,0.9053522685813462
31260608522,672241,2025-01-06,-0.10418381916496033
31260608522,672241,2025-01-13,-0.11358854514758861
31260608522,672241,2025-01-20,-0.12285944981077501
31260608522,672241,2025-01-27,-0.13199642296904993
31260608522,672241,2025-02-03,-0.14099910699419727
31260608522,672241,2025-02-10,-0.14986753202146658
31260608522,672241,2025-02-17,-0.15860139078006216
31260608522,672241,2025-02-24,-0.16720079821120754
31260608522,672241,2025-03-03,-0.17566562062044339
31298226737,672241,2024-11-25,0.13195927361804907
31298226737,672241,2024-12-02,8.847261980509785
31298226737,672241,2024-12-09,0.09033762087571545
31298226737,672241,2024-12-16,0.0710172780718736
31298226737,672241,2024-12-23,0.05224655119100937
31298226737,672241,2024-12-30,0.033994950410105224
31298226737,672241,2025-01-06,0.01623358401044496
31298226737,672241,2025-01-13,-0.0010645628992756034
31298226737,672241,2025-01-20,-0.017923542374734994
31298226737,672241,2025-01-27,-0.03436523254792559
31298226737,672241,2025-02-03,-0.050412494520140766
31298226737,672241,2025-02-10,-0.06581064691373528
31298226737,672241,2025-02-17,-0.08084190711708497
31298226737,672241,2025-02-24,-0.09578984642826492
31298226737,672241,2025-03-03,-0.11039399454782532
31299041897,672241,2024-11-25,-0.08362386849356712
31299041897,672241,2024-12-02,-0.08374871053199029
31299041897,672241,2024-12-09,-0.08386011723208481
31299041897,672241,2024-12-16,-0.08399859831938358
31299041897,672241,2024-12-23,-0.08416055458416702
31299041897,672241,2024-12-30,-0.08432235082686675
31299041897,672241,2025-01-06,-0.0844843996814896
31299041897,672241,2025-01-13,-0.08464713420397196
31299041897,672241,2025-01-20,-0.08481094620044365
31299041897,672241,2025-01-27,-0.08497627535567417
31299041897,672241,2025-02-03,-0.08511949213035326
31299041897,672241,2025-02-10,-0.08526104517140679
31299041897,672241,2025-02-17,-0.08542143134736578
31299041897,672241,2025-02-24,-0.08557699025079438
31299041897,672241,2025-03-03,-0.08572813370039911
31305483427,672241,2024-11-25,0.7692342756276853
31305483427,672241,2024-12-02,1.269231264465039
31305483427,672241,2024-12-09,-0.23077052746585713
31305483427,672241,2024-12-16,-0.23077147901593967
31305483427,672241,2024-12-23,-0.230772192895417
31305483427,672241,2024-12-30,-0.23077266915186487
31305483427,672241,2025-01-06,1.269226602605857
31305483427,672241,2025-01-13,-0.2307737797591321
31305483427,672241,2025-01-20,-0.2307744296130007
31305483427,672241,2025-01-27,-0.2307748090358563
31305483427,672241,2025-02-03,0.2692243538437208
31305483427,672241,2025-02-10,0.7692251165744011
31305483427,672241,2025-02-17,0.769225191386957
31305483427,672241,2025-02-24,-0.23077344928209792
31305483427,672241,2025-03-03,-0.23077177320726958
31306190523,672241,2024-11-25,-0.11515628960257249
31306190523,672241,2024-12-02,-0.11518014350054363
31306190523,672241,2024-12-09,-0.11519777084155573
31306190523,672241,2024-12-16,0.3845519166904048
31306190523,672241,2024-12-23,0.3844912550798987
31306190523,672241,2024-12-30,0.38438204424931155
31306190523,672241,2025-01-06,0.38470197159711056
31306190523,672241,2025-01-13,0.38460588824672637
31306190523,672241,2025-01-20,-0.11566848486622452
31306190523,672241,2025-01-27,0.884301195681446
31306190523,672241,2025-02-03,0.3845156108732871
31306190523,672241,2025-02-10,0.8843131317640816
31306190523,672241,2025-02-17,-0.11564553228502467
31306190523,672241,2025-02-24,-0.11559415276211735
31306190523,672241,2025-03-03,0.38470247321419404
31307128374,672241,2024-11-25,0.0
31307128374,672241,2024-12-02,0.0
31307128374,672241,2024-12-09,0.0
31307128374,672241,2024-12-16,0.0
31307128374,672241,2024-12-23,0.0
31307128374,672241,2024-12-30,0.0
31307128374,672241,2025-01-06,0.0
31307128374,672241,2025-01-13,0.0
31307128374,672241,2025-01-20,0.0
31307128374,672241,2025-01-27,0.0
31307128374,672241,2025-02-03,0.0
31307128374,672241,2025-02-10,0.0
31307128374,672241,2025-02-17,0.0
31307128374,672241,2025-02-24,0.0
31307128374,672241,2025-03-03,0.0
31307219296,672241,2024-11-25,0.0
31307219296,672241,2024-12-02,0.0
31307219296,672241,2024-12-09,0.0
31307219296,672241,2024-12-16,0.0
31307219296,672241,2024-12-23,0.0
31307219296,672241,2024-12-30,0.0
31307219296,672241,2025-01-06,0.0
31307219296,672241,2025-01-13,0.0
31307219296,672241,2025-01-20,0.0
31307219296,672241,2025-01-27,0.0
31307219296,672241,2025-02-03,0.0
31307219296,672241,2025-02-10,0.0
31307219296,672241,2025-02-17,0.0
31307219296,672241,2025-02-24,0.0
31307219296,672241,2025-03-03,0.0
31315209729,672241,2024-11-25,0.5169718077780087
31315209729,672241,2024-12-02,0.016285502102748706
31315209729,672241,2024-12-09,0.5160062380945849
31315209729,672241,2024-12-16,1.5159843390707946
31315209729,672241,2024-12-23,1.5161289151818305
31315209729,672241,2024-12-30,1.5162200402954773
31315209729,672241,2025-01-06,0.016371584117039678
31315209729,672241,2025-01-13,0.016359132416832622
31315209729,672241,2025-01-20,0.5164056590082426
31315209729,672241,2025-01-27,0.01639599141486084
31315209729,672241,2025-02-03,-1.4833758368892045
31315209729,672241,2025-02-10,2.0164611117233973
31315209729,672241,2025-02-17,2.01656420366675
31315209729,672241,2025-02-24,0.016763135180681538
31315209729,672241,2025-03-03,0.016761151481179473
31376582820,672241,2024-11-25,-3.282259135670498e-05
31376582820,672241,2024-12-02,-3.171372280447171e-05
31376582820,672241,2024-12-09,-3.097232514616757e-05
31376582820,672241,2024-12-16,-3.0199072071659255e-05
31376582820,672241,2024-12-23,-2.9386297667896577e-05
31376582820,672241,2024-12-30,-2.8532436336482087e-05
31376582820,672241,2025-01-06,-2.764238288445464e-05
31376582820,672241,2025-01-13,-2.670953798913911e-05
31376582820,672241,2025-01-20,0.4999954165475784
31376582820,672241,2025-01-27,-2.5394474234469167e-05
31376582820,672241,2025-02-03,-2.5022951101388163e-05
31376582820,672241,2025-02-10,-2.4610363221329312e-05
31376582820,672241,2025-02-17,-2.4157792192495975e-05
31376582820,672241,2025-02-24,-2.3665021153865956e-05
31376582820,672241,2025-03-03,-2.3140918939679178e-05
31376614032,672241,2024-11-25,2.170846027558011
31376614032,672241,2024-12-02,-0.3528482933105409
31376614032,672241,2024-12-09,-0.37607343628755985
31376614032,672241,2024-12-16,-0.3988343595037782
31376614032,672241,2024-12-23,0.07887278902067718
31376614032,672241,2024-12-30,-0.4429534097067805
31376614032,672241,2025-01-06,-0.46430716270603856
31376614032,672241,2025-01-13,-0.48518793574277186
31376614032,672241,2025-01-20,-0.5055946242265776
31376614032,672241,2025-01-27,-0.5255261507377471
31376614032,672241,2025-02-03,-0.5449820729617056
31376614032,672241,2025-02-10,-0.56396224764643
31376614032,672241,2025-02-17,-0.5824667747781305
31376614032,672241,2025-02-24,-0.6004960104242189
31376614032,672241,2025-03-03,-0.6180504892702741
31603725134,672241,2024-11-25,-6.322621325861619
31603725134,672241,2024-12-02,-2.8224163555212964
31603725134,672241,2024-12-09,-5.822381034721764
31603725134,672241,2024-12-16,-6.32219625430746
31603725134,672241,2024-12-23,-7.321898800663711
31603725134,672241,2024-12-30,-7.321788820252129
31603725134,672241,2025-01-06,-7.321716560767134
31603725134,672241,2025-01-13,-7.321822926335413
31603725134,672241,2025-01-20,-7.32188917113664
31603725134,672241,2025-01-27,-6.82204984391119
31603725134,672241,2025-02-03,-6.822056364515621
31603725134,672241,2025-02-10,-7.322205802563186
31603725134,672241,2025-02-17,-5.822178971907088
31603725134,672241,2025-02-24,-6.822175024102867
31603725134,672241,2025-03-03,-6.822052334628648
31698186711,672241,2024-11-25,-0.39772207612542887
31698186711,672241,2024-12-02,-0.3977504611400087
31698186711,672241,2024-12-09,0.1023016216220284
31698186711,672241,2024-12-16,0.10230358792068522
31698186711,672241,2024-12-23,-0.397570719797255
31698186711,672241,2024-12-30,0.6024245017580099
31698186711,672241,2025-01-06,-0.3974974716160811
31698186711,672241,2025-01-13,-0.3974777369268963
31698186711,672241,2025-01-20,-0.39744861313998014
31698186711,672241,2025-01-27,0.10258977554453469
31698186711,672241,2025-02-03,0.10259375865160769
31698186711,672241,2025-02-10,0.10260077391540165
31698186711,672241,2025-02-17,0.10261990491528863
31698186711,672241,2025-02-24,-0.39738915891464843
31698186711,672241,2025-03-03,-0.3973865082550395
32527221461,672241,2024-11-25,-1.7926793545730568e-06
32527221461,672241,2024-12-02,-1.8607453929619933e-06
32527221461,672241,2024-12-09,-1.9118587556432587e-06
32527221461,672241,2024-12-16,-1.9628968712381845e-06
32527221461,672241,2024-12-23,-1.9906607597597326e-06
32527221461,672241,2024-12-30,-2.037595619230892e-06
32527221461,672241,2025-01-06,-2.046293073203198e-06
32527221461,672241,2025-01-13,-2.0705496495687647e-06
32527221461,672241,2025-01-20,-2.084395309985554e-06
32527221461,672241,2025-01-27,-2.1172804114122368e-06
32527221461,672241,2025-02-03,-2.142014793579672e-06
32527221461,672241,2025-02-10,-2.1554158745468177e-06
32527221461,672241,2025-02-17,-2.165412770128994e-06
32527221461,672241,2025-02-24,-2.184772044035166e-06
32527221461,672241,2025-03-03,-2.1956872990475107e-06
32527222047,672241,2024-11-25,0.9990636621528939
32527222047,672241,2024-12-02,0.9991300671188583
32527222047,672241,2024-12-09,0.9989702176881928
32527222047,672241,2024-12-16,0.9987242323858058
32527222047,672241,2024-12-23,0.4983181664583525
32527222047,672241,2024-12-30,0.4979564274168242
32527222047,672241,2025-01-06,0.9977832068530655
32527222047,672241,2025-01-13,0.4977462352143398
32527222047,672241,2025-01-20,0.49784261359960236
32527222047,672241,2025-01-27,1.4978381232606073
32527222047,672241,2025-02-03,1.4978951485552017
32527222047,672241,2025-02-10,0.9978725047493177
32527222047,672241,2025-02-17,0.9979706972830096
32527222047,672241,2025-02-24,0.4980239675501801
32527222047,672241,2025-03-03,0.497978467553565
32527222347,672241,2024-11-25,0.28862710010760423
32527222347,672241,2024-12-02,0.28850540338881625
32527222347,672241,2024-12-09,0.7884458970947732
32527222347,672241,2024-12-16,0.2883865959916438
32527222347,672241,2024-12-23,0.2883656489851794
32527222347,672241,2024-12-30,0.7883771118578211
32527222347,672241,2025-01-06,0.2883659823096439
32527222347,672241,2025-01-13,0.2883792998232456
32527222347,672241,2025-01-20,0.2883932950330532
32527222347,672241,2025-01-27,0.288407719993141
32527222347,672241,2025-02-03,0.2884193348153129
32527222347,672241,2025-02-10,0.28843041925131
32527222347,672241,2025-02-17,0.2884397987298146
32527222347,672241,2025-02-24,0.2884451816325568
32527222347,672241,2025-03-03,0.2884465656972007
32643461542,672241,2024-11-25,0.29757679113432123
32643461542,672241,2024-12-02,0.7977517558714259
32643461542,672241,2024-12-09,0.2978035432304827
32643461542,672241,2024-12-16,0.7978856446523941
32643461542,672241,2024-12-23,-0.20211865461610226
32643461542,672241,2024-12-30,-0.20211974065421662
32643461542,672241,2025-01-06,-0.20213394158061043
32643461542,672241,2025-01-13,0.2978315990156063
32643461542,672241,2025-01-20,-0.20218303742019572
32643461542,672241,2025-01-27,2.7977216868248505
32643461542,672241,2025-02-03,0.29775631206556546
32643461542,672241,2025-02-10,-0.20225209094401747
32643461542,672241,2025-02-17,-0.2022693605256861
32643461542,672241,2025-02-24,-0.20228349193259149
32643461542,672241,2025-03-03,-0.20229365896988424
32644385273,672241,2024-11-25,0.4010930182151368
32644385273,672241,2024-12-02,0.4003981238847978
32644385273,672241,2024-12-09,0.3997158122153304
32644385273,672241,2024-12-16,0.8990321600772134
32644385273,672241,2024-12-23,0.8982465122941743
32644385273,672241,2024-12-30,0.3973570358582008
32644385273,672241,2025-01-06,0.39645696047891515
32644385273,672241,2025-01-13,2.89558195057801
32644385273,672241,2025-01-20,1.3951796070748066
32644385273,672241,2025-01-27,1.3950076274302616
32644385273,672241,2025-02-03,0.395032092157486
32644385273,672241,2025-02-10,0.8950742079519893
32644385273,672241,2025-02-17,0.3952071440824285
32644385273,672241,2025-02-24,0.3953471153047965
32644385273,672241,2025-03-03,0.39548845384335185
32644501966,672241,2024-11-25,0.2686849396135753
32644501966,672241,2024-12-02,-0.2311962782992307
32644501966,672241,2024-12-09,-0.23110779667057957
32644501966,672241,2024-12-16,0.7689285270327012
32644501966,672241,2024-12-23,-0.23095561996688055
32644501966,672241,2024-12-30,0.26908491724916517
32644501966,672241,2025-01-06,-0.2308393255658425
32644501966,672241,2025-01-13,0.2692274906953167
32644501966,672241,2025-01-20,-0.23075838200777407
32644501966,672241,2025-01-27,0.7692699757821422
32644501966,672241,2025-02-03,0.7692464986043241
32644501966,672241,2025-02-10,0.26928228541507643
32644501966,672241,2025-02-17,0.2693349720435988
32644501966,672241,2025-02-24,0.2693389009262404
32644501966,672241,2025-03-03,-0.23068317844265518
32644518750,672241,2024-11-25,-0.8938620934679258
32644518750,672241,2024-12-02,-0.8939736939608028
32644518750,672241,2024-12-09,-0.3940904097693523
32644518750,672241,2024-12-16,-0.3941492924967017
32644518750,672241,2024-12-23,-0.3942805409281551
32644518750,672241,2024-12-30,-0.8943217662310721
32644518750,672241,2025-01-06,-0.8943076339316629
32644518750,672241,2025-01-13,-0.8942597288865
32644518750,672241,2025-01-20,-0.39419037292745984
32644518750,672241,2025-01-27,-0.8941582966239741
32644518750,672241,2025-02-03,-0.3940730900434053
32644518750,672241,2025-02-10,0.10596282013347241
32644518750,672241,2025-02-17,-0.3941673460181339
32644518750,672241,2025-02-24,-0.8943011070791864
32644518750,672241,2025-03-03,0.10566382512172068
32746043597,672241,2024-11-25,0.14647019560529695
32746043597,672241,2024-12-02,0.1464710359157603
32746043597,672241,2024-12-09,0.14645859396919947
32746043597,672241,2024-12-16,0.14644283182823986
32746043597,672241,2024-12-23,0.14642948915290205
32746043597,672241,2024-12-30,0.14642061770050985
32746043597,672241,2025-01-06,0.14641642954332723
32746043597,672241,2025-01-13,0.1464166872061565
32746043597,672241,2025-01-20,0.14642137540126912
32746043597,672241,2025-01-27,0.14642989757098698
32746043597,672241,2025-02-03,0.1464412971660201
32746043597,672241,2025-02-10,0.14645374386603646
32746043597,672241,2025-02-17,0.14646353377563123
32746043597,672241,2025-02-24,0.14646711334381957
32746043597,672241,2025-03-03,0.14646076682755732
32812905448,672241,2024-11-25,0.12497257188092996
32812905448,672241,2024-12-02,-0.37501883745584647
32812905448,672241,2024-12-09,0.12498838418975647
32812905448,672241,2024-12-16,-0.37500693386095263
32812905448,672241,2024-12-23,-0.3750025798444351
32812905448,672241,2024-12-30,-0.37499917056441573
32812905448,672241,2025-01-06,-0.3749965926586063
32812905448,672241,2025-01-13,-0.37499468723007956
32812905448,672241,2025-01-20,-0.3749934670963373
32812905448,672241,2025-01-27,-0.3749926784273307
32812905448,672241,2025-02-03,-0.374992421843753
32812905448,672241,2025-02-10,-0.3749925277198042
32812905448,672241,2025-02-17,-0.3749931362081929
32812905448,672241,2025-02-24,-0.3749940021503183
32812905448,672241,2025-03-03,0.6250062640283836
32815784212,672241,2024-11-25,-0.07707005862466373
32815784212,672241,2024-12-02,-0.08018151650844654
32815784212,672241,2024-12-09,-0.08214313088680808
32815784212,672241,2024-12-16,-0.08339119441724993
32815784212,672241,2024-12-23,-0.08420443813676973
32815784212,672241,2024-12-30,-0.08476409752879173
32815784212,672241,2025-01-06,-0.08483252221159526
32815784212,672241,2025-01-13,-0.08479740656477297
32815784212,672241,2025-01-20,-0.08502162203851364
32815784212,672241,2025-01-27,-0.08518759802426837
32815784212,672241,2025-02-03,-0.08532473192463542
32815784212,672241,2025-02-10,-0.08545599854258877
32815784212,672241,2025-02-17,-0.08560583941456894
32815784212,672241,2025-02-24,-0.08544589856985882
32815784212,672241,2025-03-03,-0.08495761929846249
33252040650,672241,2024-11-25,0.8361717709857617
33252040650,672241,2024-12-02,-0.16361624963506918
33252040650,672241,2024-12-09,-0.16359423121397224
33252040650,672241,2024-12-16,-0.16358865427329167
33252040650,672241,2024-12-23,-0.16359290977654767
33252040650,672241,2024-12-30,-0.6635187459595767
33252040650,672241,2025-01-06,-0.1636190064896168
33252040650,672241,2025-01-13,-0.16346668619448615
33252040650,672241,2025-01-20,-0.6635657577103709
33252040650,672241,2025-01-27,-0.16366247266373868
33252040650,672241,2025-02-03,-0.6635883406082315
33252040650,672241,2025-02-10,-0.6635987540221377
33252040650,672241,2025-02-17,-0.6636054120270126
33252040650,672241,2025-02-24,-0.1636913835090495
33252040650,672241,2025-03-03,-0.6636048779367758
33258093744,672241,2024-11-25,-0.13144949995358798
33258093744,672241,2024-12-02,-0.23977860969687892
33258093744,672241,2024-12-09,-0.17384771541833172
33258093744,672241,2024-12-16,-0.23838983300631342
33258093744,672241,2024-12-23,0.7667759297016691
33258093744,672241,2024-12-30,1.719226210306174
33258093744,672241,2025-01-06,-0.26755375433360634
33258093744,672241,2025-01-13,0.7545944857245949
33258093744,672241,2025-01-20,-0.24917814794248397
33258093744,672241,2025-01-27,2.6862840441974214
33258093744,672241,2025-02-03,-0.17808243911819183
33258093744,672241,2025-02-10,-0.2426297751385102
33258093744,672241,2025-02-17,-0.21066967100500275
33258093744,672241,2025-02-24,-0.1965756193619163
33258093744,672241,2025-03-03,-0.22626377712409723
33258116228,672241,2024-11-25,1.917567723090122
33258116228,672241,2024-12-02,0.9174843075258561
33258116228,672241,2024-12-09,-0.0826508343116654
33258116228,672241,2024-12-16,0.4174061611510964
33258116228,672241,2024-12-23,-0.5826390630574243
33258116228,672241,2024-12-30,-0.5825467084598706
33258116228,672241,2025-01-06,-0.08252087530636931
33258116228,672241,2025-01-13,-0.08252569178071333
33258116228,672241,2025-01-20,0.4174354168633201
33258116228,672241,2025-01-27,-0.5826854284054401
33258116228,672241,2025-02-03,0.41729072076624446
33258116228,672241,2025-02-10,-0.08277799025387694
33258116228,672241,2025-02-17,0.9171556532697261
33258116228,672241,2025-02-24,-0.5828188801194999
33258116228,672241,2025-03-03,-0.5828462054746303
33258136093,672241,2024-11-25,-0.5488129526190957
33258136093,672241,2024-12-02,-0.04845588298220181
33258136093,672241,2024-12-09,-0.04824759573643639
33258136093,672241,2024-12-16,-0.048136556372406845
33258136093,672241,2024-12-23,-0.5481072655128085
33258136093,672241,2024-12-30,0.9519112740146991
33258136093,672241,2025-01-06,-0.5481098670267489
33258136093,672241,2025-01-13,-0.04812778958302495
33258136093,672241,2025-01-20,0.45182515640397325
33258136093,672241,2025-01-27,-0.04821233796005304
33258136093,672241,2025-02-03,0.4517241600712226
33258136093,672241,2025-02-10,-0.04832840410318419
33258136093,672241,2025-02-17,-0.04838090615329978
33258136093,672241,2025-02-24,-0.04840722128268767
33258136093,672241,2025-03-03,0.45157310040917226
33300624449,672241,2024-11-25,-1.8360701807328892
33300624449,672241,2024-12-02,-1.3360313591026347
33300624449,672241,2024-12-09,-0.8359458672944292
33300624449,672241,2024-12-16,-1.3359100122332448
33300624449,672241,2024-12-23,-1.3358375251567824
33300624449,672241,2024-12-30,-1.8358315501077727
33300624449,672241,2025-01-06,-1.8357865333088523
33300624449,672241,2025-01-13,-1.8357614722732227
33300624449,672241,2025-01-20,-1.3357204557304407
33300624449,672241,2025-01-27,-0.8356613126772233
33300624449,672241,2025-02-03,-1.8357399535825651
33300624449,672241,2025-02-10,-1.3356990785141571
33300624449,672241,2025-02-17,-1.335823678814707
33300624449,672241,2025-02-24,-1.8358193929575102
33300624449,672241,2025-03-03,-1.8358440609613669
33300985333,672241,2024-11-25,-2.8378428483704656
33300985333,672241,2024-12-02,-4.837905964024799
33300985333,672241,2024-12-09,-4.338008177351659
33300985333,672241,2024-12-16,-2.838072746662859
33300985333,672241,2024-12-23,-3.3381034588323697
33300985333,672241,2024-12-30,-4.8381821545973285
33300985333,672241,2025-01-06,-1.8382640428992862
33300985333,672241,2025-01-13,-1.8382556639752377
33300985333,672241,2025-01-20,-3.338247136823129
33300985333,672241,2025-01-27,-4.338285944306891
33300985333,672241,2025-02-03,-0.8383572386104245
33300985333,672241,2025-02-10,-2.8383757054493532
33300985333,672241,2025-02-17,-2.8383790038559344
33300985333,672241,2025-02-24,-2.8384441958951996
33300985333,672241,2025-03-03,-2.838462953405309
33571814593,672241,2024-11-25,0.004914438789482056
33571814593,672241,2024-12-02,0.004831850209363775
33571814593,672241,2024-12-09,0.004747907068099189
33571814593,672241,2024-12-16,0.0046399771366977816
33571814593,672241,2024-12-23,0.004513869371301271
33571814593,672241,2024-12-30,0.5043715334670242
33571814593,672241,2025-01-06,0.00425576566233421
33571814593,672241,2025-01-13,0.0041915899751507335
33571814593,672241,2025-01-20,0.004198592407609558
33571814593,672241,2025-01-27,0.004183920867394109
33571814593,672241,2025-02-03,0.004150854696781114
33571814593,672241,2025-02-10,1.0040994090709663
33571814593,672241,2025-02-17,1.0040680102907755
33571814593,672241,2025-02-24,1.0040096807558123
33571814593,672241,2025-03-03,0.003990021664185717
33750536246,672241,2024-11-25,-0.08652700985917926
33750536246,672241,2024-12-02,-0.08653284738850953
33750536246,672241,2024-12-09,-0.08653746579302184
33750536246,672241,2024-12-16,0.4134593622667405
33750536246,672241,2024-12-23,-0.08654362540150251
33750536246,672241,2024-12-30,-0.08654535456905438
33750536246,672241,2025-01-06,-0.08654648284994218
33750536246,672241,2025-01-13,-0.08654710520010676
33750536246,672241,2025-01-20,0.9134534541404207
33750536246,672241,2025-01-27,-0.08654713808241997
33750536246,672241,2025-02-03,-0.08654639206592041
33750536246,672241,2025-02-10,-0.0865455071245489
33750536246,672241,2025-02-17,0.413455859150856
33750536246,672241,2025-02-24,-0.0865434774003879
33750536246,672241,2025-03-03,-0.0865422292159241
33750578247,672241,2024-11-25,-0.028876000752881534
33750578247,672241,2024-12-02,0.47113112918955946
33750578247,672241,2024-12-09,-0.028861608249404563
33750578247,672241,2024-12-16,-0.028855845181095963
33750578247,672241,2024-12-23,-0.028850956695839772
33750578247,672241,2024-12-30,-0.02884686716707681
33750578247,672241,2025-01-06,-0.028843557688799315
33750578247,672241,2025-01-13,-0.028840918330035437
33750578247,672241,2025-01-20,-0.028838906079051638
33750578247,672241,2025-01-27,0.4711619620463712
33750578247,672241,2025-02-03,-0.02883655742229957
33750578247,672241,2025-02-10,-0.028836148625831726
33750578247,672241,2025-02-17,-0.028836140888564253
33750578247,672241,2025-02-24,-0.02883652118089984
33750578247,672241,2025-03-03,-0.028837239317528893
33750613973,672241,2024-11-25,0.6153970564318049
33750613973,672241,2024-12-02,1.6153605533428719
33750613973,672241,2024-12-09,0.1153456637804755
33750613973,672241,2024-12-16,0.11532323888548401
33750613973,672241,2024-12-23,0.11530148162961795
33750613973,672241,2024-12-30,1.1152961316454264
33750613973,672241,2025-01-06,0.615274628909297
33750613973,672241,2025-01-13,0.11525693596743153
33750613973,672241,2025-01-20,0.6152558106189912
33750613973,672241,2025-01-27,0.11524247554319134
33750613973,672241,2025-02-03,0.11523806854155727
33750613973,672241,2025-02-10,0.615226138215039
33750613973,672241,2025-02-17,0.6152358494412418
33750613973,672241,2025-02-24,0.6152334716568315
33750613973,672241,2025-03-03,0.11522732599137492
34126797120,672241,2024-11-25,-25.215970458301626
34126797120,672241,2024-12-02,-56.47422963288932
34126797120,672241,2024-12-09,-71.86901882599639
34126797120,672241,2024-12-16,-107.184384316909
34126797120,672241,2024-12-23,-134.55160890644487
34126797120,672241,2024-12-30,-148.29689987164858
34126797120,672241,2025-01-06,-183.99911628786313
34126797120,672241,2025-01-13,-194.5484295475316
34126797120,672241,2025-01-20,-225.19650249720135
34126797120,672241,2025-01-27,-219.36636250388707
34126797120,672241,2025-02-03,-264.14870783193714
34126797120,672241,2025-02-10,-285.9963916575102
34126797120,672241,2025-02-17,-313.6905840293464
34126797120,672241,2025-02-24,-335.73478779974295
34126797120,672241,2025-03-03,-343.37366708728257
34126805261,672241,2024-11-25,-34.734974799590404
34126805261,672241,2024-12-02,-30.179410451379006
34126805261,672241,2024-12-09,-22.206575958187816
34126805261,672241,2024-12-16,-28.247433132733455
34126805261,672241,2024-12-23,-10.669919929109533
34126805261,672241,2024-12-30,-25.790320699220445
34126805261,672241,2025-01-06,-24.25715286936642
34126805261,672241,2025-01-13,-23.867248222790295
34126805261,672241,2025-01-20,-25.553608196047616
34126805261,672241,2025-01-27,-24.811982325482308
34126805261,672241,2025-02-03,-12.034340828132457
34126805261,672241,2025-02-10,-15.850932254722444
34126805261,672241,2025-02-17,-19.820150896396747
34126805261,672241,2025-02-24,-14.844424944196676
34126805261,672241,2025-03-03,-13.824585676786356
35281682198,672241,2024-11-25,-0.00018041651830256328
35281682198,672241,2024-12-02,-0.0001884760217130202
35281682198,672241,2024-12-09,-0.0001939471094654019
35281682198,672241,2024-12-16,-0.0001965746427178977
35281682198,672241,2024-12-23,-0.00019618796115929843
35281682198,672241,2024-12-30,-0.00019243641160360259
35281682198,672241,2025-01-06,-0.00018523723129423159
35281682198,672241,2025-01-13,-0.00017431977564145995
35281682198,672241,2025-01-20,0.5001072623923885
35281682198,672241,2025-01-27,-2.1007083473557897e-05
35281682198,672241,2025-02-03,0.00012121209498058838
35281682198,672241,2025-02-10,0.000267974710909287
35281682198,672241,2025-02-17,0.5001526987733051
35281682198,672241,2025-02-24,0.00045631700853697443
35281682198,672241,2025-03-03,0.0004987855288380513
35414490964,672241,2024-11-25,9.138844362395197
35414490964,672241,2024-12-02,8.638206776828216
35414490964,672241,2024-12-09,8.137834837988844
35414490964,672241,2024-12-16,10.137175326598895
35414490964,672241,2024-12-23,8.136866240127503
35414490964,672241,2024-12-30,9.635949997468913
35414490964,672241,2025-01-06,10.635030566621333
35414490964,672241,2025-01-13,13.633959446241926
35414490964,672241,2025-01-20,13.133253961329938
35414490964,672241,2025-01-27,8.632393572189542
35414490964,672241,2025-02-03,13.631930989012108
35414490964,672241,2025-02-10,14.631072830914952
35414490964,672241,2025-02-17,10.13106743287293
35414490964,672241,2025-02-24,11.630515317660734
35414490964,672241,2025-03-03,13.130234547222548
35418350431,672241,2024-11-25,-2.3942895014974694
35418350431,672241,2024-12-02,-2.394313546374502
35418350431,672241,2024-12-09,-1.89461648614984
35418350431,672241,2024-12-16,-2.3947720487606916
35418350431,672241,2024-12-23,-2.3948776928506055
35418350431,672241,2024-12-30,-2.3949872513844004
35418350431,672241,2025-01-06,-1.3950061797217999
35418350431,672241,2025-01-13,-0.8950666229752239
35418350431,672241,2025-01-20,-2.3951342631337718
35418350431,672241,2025-01-27,-1.395154952996824
35418350431,672241,2025-02-03,-0.39515318451969406
35418350431,672241,2025-02-10,-0.8953738045602901
35418350431,672241,2025-02-17,-0.8952775169882884
35418350431,672241,2025-02-24,-1.8955115770042705
35418350431,672241,2025-03-03,-2.3954564253876605
35760801349,672241,2024-11-25,5.830094368503763
35760801349,672241,2024-12-02,7.330326329841895
35760801349,672241,2024-12-09,5.830343906545548
35760801349,672241,2024-12-16,5.830280745356723
35760801349,672241,2024-12-23,7.330253874876761
35760801349,672241,2024-12-30,4.8300511153547125
35760801349,672241,2025-01-06,5.329912605823259
35760801349,672241,2025-01-13,6.82991579900655
35760801349,672241,2025-01-20,4.829804734371713
35760801349,672241,2025-01-27,5.8296799278261995
35760801349,672241,2025-02-03,5.329588921960504
35760801349,672241,2025-02-10,6.329535498030493
35760801349,672241,2025-02-17,6.829439542683795
35760801349,672241,2025-02-24,5.32947716654953
35760801349,672241,2025-03-03,6.329487214408658
35760801674,672241,2024-11-25,2.9042930036798524
35760801674,672241,2024-12-02,3.9040815566707803
35760801674,672241,2024-12-09,2.403942240334662
35760801674,672241,2024-12-16,1.9039357140841664
35760801674,672241,2024-12-23,1.904026345413894
35760801674,672241,2024-12-30,1.9041503298423696
35760801674,672241,2025-01-06,2.404263524653839
35760801674,672241,2025-01-13,3.4043584263308873
35760801674,672241,2025-01-20,3.9044374488450417
35760801674,672241,2025-01-27,2.4045388907151612
35760801674,672241,2025-02-03,3.4046145781695927
35760801674,672241,2025-02-10,3.904607412042552
35760801674,672241,2025-02-17,3.4044992951081015
35760801674,672241,2025-02-24,2.4043463957870577
35760801674,672241,2025-03-03,2.404235345613969
35760801996,672241,2024-11-25,0.6000721949940747
35760801996,672241,2024-12-02,2.100037595105851
35760801996,672241,2024-12-09,3.1001942064842645
35760801996,672241,2024-12-16,1.6002644261058074
35760801996,672241,2024-12-23,1.1004140001541065
35760801996,672241,2024-12-30,0.600568343598407
35760801996,672241,2025-01-06,0.6006791193655628
35760801996,672241,2025-01-13,0.6007756603863531
35760801996,672241,2025-01-20,1.10083094062591
35760801996,672241,2025-01-27,1.1009824925290947
35760801996,672241,2025-02-03,0.6010117316367196
35760801996,672241,2025-02-10,1.1010846297327928
35760801996,672241,2025-02-17,1.1010913819656718
35760801996,672241,2025-02-24,0.6010363336616766
35760801996,672241,2025-03-03,4.10078949571418
35760802213,672241,2024-11-25,5.153811951376395
35760802213,672241,2024-12-02,3.153844696627374
35760802213,672241,2024-12-09,3.1538703594099307
35760802213,672241,2024-12-16,3.15387530500416
35760802213,672241,2024-12-23,3.653902219688986
35760802213,672241,2024-12-30,2.6538916318453927
35760802213,672241,2025-01-06,4.653914044706602
35760802213,672241,2025-01-13,3.153880773071311
35760802213,672241,2025-01-20,2.653876040426047
35760802213,672241,2025-01-27,3.1538624944062574
35760802213,672241,2025-02-03,4.153851480839194
35760802213,672241,2025-02-10,5.153844198656488
35760802213,672241,2025-02-17,4.653828380338419
35760802213,672241,2025-02-24,3.65380018536844
35760802213,672241,2025-03-03,4.6538205174425675
35760802537,672241,2024-11-25,0.4368102634456657
35760802537,672241,2024-12-02,2.4366977048388287
35760802537,672241,2024-12-09,1.9367528274742114
35760802537,672241,2024-12-16,0.43687817932230333
35760802537,672241,2024-12-23,0.43688318997459036
35760802537,672241,2024-12-30,0.4368811105308347
35760802537,672241,2025-01-06,0.4368779043499755
35760802537,672241,2025-01-13,0.43687597729561833
35760802537,672241,2025-01-20,0.4368755288211623
35760802537,672241,2025-01-27,0.936841145516912
35760802537,672241,2025-02-03,0.43688506938033367
35760802537,672241,2025-02-10,0.4368923642642151
35760802537,672241,2025-02-17,0.4368968462910067
35760802537,672241,2025-02-24,0.9368640246558542
35760802537,672241,2025-03-03,0.43690875023085396
35760802857,672241,2024-11-25,0.6219012444953967
35760802857,672241,2024-12-02,0.1488635177286789
35760802857,672241,2024-12-09,0.15059845348274914
35760802857,672241,2024-12-16,0.6776714963589987
35760802857,672241,2024-12-23,0.15288286104563822
35760802857,672241,2024-12-30,0.15297138533565705
35760802857,672241,2025-01-06,0.15293578026490628
35760802857,672241,2025-01-13,0.6788137162695203
35760802857,672241,2025-01-20,0.6784313841700005
35760802857,672241,2025-01-27,0.6262777843249553
35760802857,672241,2025-02-03,0.1512746487171565
35760802857,672241,2025-02-10,0.6762183170409302
35760802857,672241,2025-02-17,0.14942018333681642
35760802857,672241,2025-02-24,0.6230718326030221
35760802857,672241,2025-03-03,0.14788342679441535
35760803117,672241,2024-11-25,-0.08882223726867162
35760803117,672241,2024-12-02,-0.09741766819063295
35760803117,672241,2024-12-09,-0.10589425709116047
35760803117,672241,2024-12-16,0.38575365996533495
35760803117,672241,2024-12-23,-0.122489755737307
35760803117,672241,2024-12-30,-0.13060895710347126
35760803117,672241,2025-01-06,1.3613723976434764
35760803117,672241,2025-01-13,-0.14649866848350993
35760803117,672241,2025-01-20,-0.15426873481365336
35760803117,672241,2025-01-27,0.33807325561681983
35760803117,672241,2025-02-03,-0.16945676547853586
35760803117,672241,2025-02-10,-0.176874537766851
35760803117,672241,2025-02-17,-0.1841743228450064
35760803117,672241,2025-02-24,-0.19135614431099607
35760803117,672241,2025-03-03,-0.19842014693280902
35760803493,672241,2024-11-25,-7.088627876235959e-06
35760803493,672241,2024-12-02,-6.255063882291967e-06
35760803493,672241,2024-12-09,-5.499351956428367e-06
35760803493,672241,2024-12-16,-4.8238487535545715e-06
35760803493,672241,2024-12-23,-4.211843932507703e-06
35760803493,672241,2024-12-30,-3.6561991575839725e-06
35760803493,672241,2025-01-06,-3.1502033839524157e-06
35760803493,672241,2025-01-13,-2.6910354675654946e-06
35760803493,672241,2025-01-20,-2.2722395507518423e-06
35760803493,672241,2025-01-27,-1.8927666740296833e-06
35760803493,672241,2025-02-03,-1.5336065017600153e-06
35760803493,672241,2025-02-10,-1.1999339543933285e-06
35760803493,672241,2025-02-17,-1.1427509155857718e-06
35760803493,672241,2025-02-24,-1.1078776605520646e-06
35760803493,672241,2025-03-03,-8.363476377420964e-07
35760803736,672241,2024-11-25,0.11537975576759071
35760803736,672241,2024-12-02,0.1153815098568832
35760803736,672241,2024-12-09,0.11538270409920957
35760803736,672241,2024-12-16,0.6153855330252909
35760803736,672241,2024-12-23,0.11538407201776943
35760803736,672241,2024-12-30,0.11538442352215522
35760803736,672241,2025-01-06,0.11538457995329462
35760803736,672241,2025-01-13,0.11538458679420477
35760803736,672241,2025-01-20,0.11538452155541137
35760803736,672241,2025-01-27,0.11538438611464277
35760803736,672241,2025-02-03,0.11538417042668657
35760803736,672241,2025-02-10,0.11538391794730626
35760803736,672241,2025-02-17,0.11538364443384527
35760803736,672241,2025-02-24,0.11538333832916525
35760803736,672241,2025-03-03,0.11538302405494039
35760804010,672241,2024-11-25,-0.43452273612825393
35760804010,672241,2024-12-02,-0.4345058105052138
35760804010,672241,2024-12-09,-0.4344904212202839
35760804010,672241,2024-12-16,-0.4344752348013846
35760804010,672241,2024-12-23,-0.43446037490726286
35760804010,672241,2024-12-30,-0.4344466516457247
35760804010,672241,2025-01-06,-0.4344359789846295
35760804010,672241,2025-01-13,-0.4344314437606984
35760804010,672241,2025-01-20,0.06562675363791179
35760804010,672241,2025-01-27,-0.43441521847879394
35760804010,672241,2025-02-03,-0.4344040823824302
35760804010,672241,2025-02-10,-0.43439978860379147
35760804010,672241,2025-02-17,-0.43439972940769955
35760804010,672241,2025-02-24,-0.4344008086122575
35760804010,672241,2025-03-03,-0.4343972549266055
35760804375,672241,2024-11-25,9.068809073754435
35760804375,672241,2024-12-02,5.0679571023789665
35760804375,672241,2024-12-09,4.567495520410182
35760804375,672241,2024-12-16,3.567145685185957
35760804375,672241,2024-12-23,4.066986963555079
35760804375,672241,2024-12-30,8.566882423561678
35760804375,672241,2025-01-06,11.066788297728106
35760804375,672241,2025-01-13,7.5669451469738425
35760804375,672241,2025-01-20,6.567029927088215
35760804375,672241,2025-01-27,4.567068463180247
35760804375,672241,2025-02-03,7.567415067265862
35760804375,672241,2025-02-10,5.067354041460746
35760804375,672241,2025-02-17,5.567721396808073
35760804375,672241,2025-02-24,6.067755674179021
35760804375,672241,2025-03-03,7.067968703630026
35760804684,672241,2024-11-25,4.931043684053966
35760804684,672241,2024-12-02,0.9304956053538611
35760804684,672241,2024-12-09,2.43074340442945
35760804684,672241,2024-12-16,3.9309579995739288
35760804684,672241,2024-12-23,0.9311180299418269
35760804684,672241,2024-12-30,1.9309058453968664
35760804684,672241,2025-01-06,8.431204331073488
35760804684,672241,2025-01-13,3.43115201573525
35760804684,672241,2025-01-20,1.4313815589278058
35760804684,672241,2025-01-27,1.431287674129451
35760804684,672241,2025-02-03,2.431305574075006
35760804684,672241,2025-02-10,1.9312775810196092
35760804684,672241,2025-02-17,1.431379633377007
35760804684,672241,2025-02-24,3.931372014154343
35760804684,672241,2025-03-03,4.931338334130199
35760805289,672241,2024-11-25,4.108105008412465
35760805289,672241,2024-12-02,4.609659285844699
35760805289,672241,2024-12-09,0.6103318945832834
35760805289,672241,2024-12-16,15.615842204212395
35760805289,672241,2024-12-23,1.110762634582643
35760805289,672241,2024-12-30,2.611078832064274
35760805289,672241,2025-01-06,1.611124701601967
35760805289,672241,2025-01-13,2.611842361571929
35760805289,672241,2025-01-20,2.1115834588363036
35760805289,672241,2025-01-27,3.111583453171019
35760805289,672241,2025-02-03,1.1103816461098495
35760805289,672241,2025-02-10,2.610666364137592
35760805289,672241,2025-02-17,1.1109100453777547
35760805289,672241,2025-02-24,3.1108147269576336
35760805289,672241,2025-03-03,2.110077064488574
35760805589,672241,2024-11-25,-0.8033495723055794
35760805589,672241,2024-12-02,1.6961649780981278
35760805589,672241,2024-12-09,-0.3037711836447874
35760805589,672241,2024-12-16,0.19601553755764745
35760805589,672241,2024-12-23,-0.8043475214215968
35760805589,672241,2024-12-30,-0.8043013388361367
35760805589,672241,2025-01-06,-0.30411495688745516
35760805589,672241,2025-01-13,-0.8041740774583686
35760805589,672241,2025-01-20,1.696030339843793
35760805589,672241,2025-01-27,0.19579724391356979
35760805589,672241,2025-02-03,1.69599395072769
35760805589,672241,2025-02-10,0.19573162306290293
35760805589,672241,2025-02-17,1.1960347088029557
35760805589,672241,2025-02-24,-0.30440456430946394
35760805589,672241,2025-03-03,0.19564584041126232
35760805824,672241,2024-11-25,3.0937640699767432
35760805824,672241,2024-12-02,1.685299298581674
35760805824,672241,2024-12-09,4.776075731375196
35760805824,672241,2024-12-16,1.8661715071003515
35760805824,672241,2024-12-23,1.955347005974568
35760805824,672241,2024-12-30,2.043431688485193
35760805824,672241,2025-01-06,2.6303976989521036
35760805824,672241,2025-01-13,2.216236041069336
35760805824,672241,2025-01-20,2.3008850760537984
35760805824,672241,2025-01-27,3.884331418428226
35760805824,672241,2025-02-03,5.966662471051476
35760805824,672241,2025-02-10,2.547951762171577
35760805824,672241,2025-02-17,3.12809871150092
35760805824,672241,2025-02-24,3.7070388054028776
35760805824,672241,2025-03-03,2.7848302231996653
35760806147,672241,2024-11-25,-0.05769308280272228
35760806147,672241,2024-12-02,-0.05769318962589903
35760806147,672241,2024-12-09,-0.05769336065133633
35760806147,672241,2024-12-16,-0.057693458874755424
35760806147,672241,2024-12-23,-0.05769355873450349
35760806147,672241,2024-12-30,-0.05769369294320059
35760806147,672241,2025-01-06,-0.05769376446869938
35760806147,672241,2025-01-13,-0.0576938755295397
35760806147,672241,2025-01-20,-0.05769394624318573
35760806147,672241,2025-01-27,-0.05769403796051404
35760806147,672241,2025-02-03,-0.0576941152332687
35760806147,672241,2025-02-10,-0.0576941478292392
35760806147,672241,2025-02-17,-0.05769419166026937
35760806147,672241,2025-02-24,-0.05769430826285085
35760806147,672241,2025-03-03,0.4423059360444454
35760806438,672241,2024-11-25,0.41427741168092713
35760806438,672241,2024-12-02,0.9139635626403666
35760806438,672241,2024-12-09,-0.08581055478108932
35760806438,672241,2024-12-16,-0.08593501475879159
35760806438,672241,2024-12-23,0.913534145625737
35760806438,672241,2024-12-30,1.9141710597547943
35760806438,672241,2025-01-06,-0.08630679452314857
35760806438,672241,2025-01-13,-0.08630405350915427
35760806438,672241,2025-01-20,-0.08637300486350269
35760806438,672241,2025-01-27,0.4137083564840112
35760806438,672241,2025-02-03,1.9138797180217764
35760806438,672241,2025-02-10,-0.0864214649542758
35760806438,672241,2025-02-17,-0.08632500370242793
35760806438,672241,2025-02-24,-0.08633262305973588
35760806438,672241,2025-03-03,0.4138274953294423
35760806772,672241,2024-11-25,-0.13375663898034906
35760806772,672241,2024-12-02,-0.12669114104143264
35760806772,672241,2024-12-09,-0.1207071041509787
35760806772,672241,2024-12-16,-0.11563266860233898
35760806772,672241,2024-12-23,-0.11132088115887984
35760806772,672241,2024-12-30,-0.10718514272487575
35760806772,672241,2025-01-06,-0.10405898162658567
35760806772,672241,2025-01-13,-0.10138799368457371
35760806772,672241,2025-01-20,-0.09816960284783981
35760806772,672241,2025-01-27,-0.09575650061550826
35760806772,672241,2025-02-03,-0.09410784183165352
35760806772,672241,2025-02-10,-0.09270918661311878
35760806772,672241,2025-02-17,-0.0915132473341575
35760806772,672241,2025-02-24,-0.0904782363076649
35760806772,672241,2025-03-03,-0.08910618318473784
35760807010,672241,2024-11-25,0.18136727184576462
35760807010,672241,2024-12-02,0.19344404553389327
35760807010,672241,2024-12-09,0.7053677049511913
35760807010,672241,2024-12-16,0.21712886382840507
35760807010,672241,2024-12-23,0.728750845763118
35760807010,672241,2024-12-30,0.24021149830595634
35760807010,672241,2025-01-06,0.25153327094160016
35760807010,672241,2025-01-13,0.262704018468932
35760807010,672241,2025-01-20,0.27372398176504925
35760807010,672241,2025-01-27,0.28459340590049653
35760807010,672241,2025-02-03,0.29531250733574455
35760807010,672241,2025-02-10,0.3058814190799055
35760807010,672241,2025-02-17,0.316300214129791
35760807010,672241,2025-02-24,0.3265690156715618
35760807010,672241,2025-03-03,0.3366878603699255
35760807974,672241,2024-11-25,4.161398922386183
35760807974,672241,2024-12-02,4.161187570499171
35760807974,672241,2024-12-09,2.6604279643822926
35760807974,672241,2024-12-16,2.6606991985088877
35760807974,672241,2024-12-23,0.6602529985662939
35760807974,672241,2024-12-30,2.6610924106235396
35760807974,672241,2025-01-06,3.660363498746353
35760807974,672241,2025-01-13,2.1610581259107797
35760807974,672241,2025-01-20,5.662140218157132
35760807974,672241,2025-01-27,1.1608203352174922
35760807974,672241,2025-02-03,3.661139266964811
35760807974,672241,2025-02-10,2.6604763997040983
35760807974,672241,2025-02-17,2.6610390460619584
35760807974,672241,2025-02-24,4.162627814194896
35760807974,672241,2025-03-03,2.6622509079496766
35760808239,672241,2024-11-25,-0.32736475007915433
35760808239,672241,2024-12-02,-0.3280549462573571
35760808239,672241,2024-12-09,-0.8286257765345362
35760808239,672241,2024-12-16,-0.829172030578271
35760808239,672241,2024-12-23,-0.8296675070443885
35760808239,672241,2024-12-30,1.170060301946222
35760808239,672241,2025-01-06,-0.8305176951940006
35760808239,672241,2025-01-13,-0.830912979194935
35760808239,672241,2025-01-20,0.6685990815103605
35760808239,672241,2025-01-27,0.66844424584488
35760808239,672241,2025-02-03,-0.8318743183948172
35760808239,672241,2025-02-10,0.6679083242868844
35760808239,672241,2025-02-17,-0.8323773717556653
35760808239,672241,2025-02-24,1.6671806748037923
35760808239,672241,2025-03-03,0.6671495297523059
35760808536,672241,2024-11-25,1.0080112189683907
35760808536,672241,2024-12-02,1.5080039715393845
35760808536,672241,2024-12-09,2.008190793951637
35760808536,672241,2024-12-16,2.508346616693928
35760808536,672241,2024-12-23,1.0085012807780007
35760808536,672241,2024-12-30,1.5086002608659492
35760808536,672241,2025-01-06,3.0087474797864164
35760808536,672241,2025-01-13,2.00888605631173
35760808536,672241,2025-01-20,2.0089993446782475
35760808536,672241,2025-01-27,3.008994388509899
35760808536,672241,2025-02-03,5.508843245856424
35760808536,672241,2025-02-10,4.008714798718166
35760808536,672241,2025-02-17,1.0087964027568623
35760808536,672241,2025-02-24,9.008727279043857
35760808536,672241,2025-03-03,2.0088793684720203
35760808866,672241,2024-11-25,4.759067252788326
35760808866,672241,2024-12-02,3.7590324900556142
35760808866,672241,2024-12-09,4.758979780957118
35760808866,672241,2024-12-16,5.2592763259764865
35760808866,672241,2024-12-23,3.759129538839325
35760808866,672241,2024-12-30,3.2590842481854736
35760808866,672241,2025-01-06,4.2590591827347515
35760808866,672241,2025-01-13,28.76158536865382
35760808866,672241,2025-01-20,8.759516730545407
35760808866,672241,2025-01-27,3.7591379138401746
35760808866,672241,2025-02-03,4.2592228561474705
35760808866,672241,2025-02-10,4.259150054067755
35760808866,672241,2025-02-17,4.259286443208892
35760808866,672241,2025-02-24,4.259311819970739
35760808866,672241,2025-03-03,3.2592306130571833
35760809177,672241,2024-11-25,3.5232159437480637
35760809177,672241,2024-12-02,2.0234229024792043
35760809177,672241,2024-12-09,4.523643383701099
35760809177,672241,2024-12-16,2.0239386488098123
35760809177,672241,2024-12-23,1.5242393127684255
35760809177,672241,2024-12-30,2.024578426929801
35760809177,672241,2025-01-06,3.0249523664969873
35760809177,672241,2025-01-13,2.5253332963354187
35760809177,672241,2025-01-20,1.5257308544661803
35760809177,672241,2025-01-27,4.026158063388803
35760809177,672241,2025-02-03,2.0265456282786065
35760809177,672241,2025-02-10,1.5269638380936996
35760809177,672241,2025-02-17,3.0273645268034963
35760809177,672241,2025-02-24,3.5278133113245254
35760809177,672241,2025-03-03,3.528221647197563
35760809493,672241,2024-11-25,0.557732922006871
35760809493,672241,2024-12-02,0.05771950316300563
35760809493,672241,2024-12-09,0.05772330779357175
35760809493,672241,2024-12-16,0.05772725713097637
35760809493,672241,2024-12-23,0.05773120182535446
35760809493,672241,2024-12-30,0.05773514181131674
35760809493,672241,2025-01-06,0.5577218848888157
35760809493,672241,2025-01-13,0.5577592305020643
35760809493,672241,2025-01-20,0.057745736215756516
35760809493,672241,2025-01-27,0.5577320868757787
35760809493,672241,2025-02-03,0.05775187327398773
35760809493,672241,2025-02-10,0.0577543843331222
35760809493,672241,2025-02-17,1.0577225408910607
35760809493,672241,2025-02-24,0.05775769748083312
35760809493,672241,2025-03-03,0.057758540048124724
35760809723,672241,2024-11-25,0.7499841643702044
35760809723,672241,2024-12-02,1.2499888068568064
35760809723,672241,2024-12-09,0.7499909825899644
35760809723,672241,2024-12-16,0.749993622533931
35760809723,672241,2024-12-23,0.7499967811826078
35760809723,672241,2024-12-30,0.7499972085909467
35760809723,672241,2025-01-06,1.2500009152586213
35760809723,672241,2025-01-13,0.7500006720933748
35760809723,672241,2025-01-20,0.7500001850997424
35760809723,672241,2025-01-27,0.7500016577320825
35760809723,672241,2025-02-03,0.7500023932239099
35760809723,672241,2025-02-10,0.7500017723968049
35760809723,672241,2025-02-17,0.7500010712147298
35760809723,672241,2025-02-24,1.7500020109202257
35760809723,672241,2025-03-03,0.7500025413363718
35760810312,672241,2024-11-25,-0.11538415364196043
35760810312,672241,2024-12-02,-0.11538409861454764
35760810312,672241,2024-12-09,-0.11538402802833155
35760810312,672241,2024-12-16,-0.11538400857069328
35760810312,672241,2024-12-23,-0.11538393006090808
35760810312,672241,2024-12-30,-0.11538393332671384
35760810312,672241,2025-01-06,-0.115383923345569
35760810312,672241,2025-01-13,-0.11538394595126851
35760810312,672241,2025-01-20,-0.11538401831040201
35760810312,672241,2025-01-27,0.8846174522389546
35760810312,672241,2025-02-03,-0.11538384403388799
35760810312,672241,2025-02-10,-0.1153838376225496
35760810312,672241,2025-02-17,-0.11538364235432066
35760810312,672241,2025-02-24,-0.1153836686117343
35760810312,672241,2025-03-03,-0.1153835216726189
35760810624,672241,2024-11-25,3.3493010468661994
35760810624,672241,2024-12-02,0.34918995773874884
35760810624,672241,2024-12-09,0.34908258749394117
35760810624,672241,2024-12-16,0.34907678281764
35760810624,672241,2024-12-23,0.34912328134437826
35760810624,672241,2024-12-30,1.849164448040912
35760810624,672241,2025-01-06,0.3492618691397375
35760810624,672241,2025-01-13,0.34932254158445775
35760810624,672241,2025-01-20,1.349314355652282
35760810624,672241,2025-01-27,1.849312879765505
35760810624,672241,2025-02-03,0.8494236914044102
35760810624,672241,2025-02-10,1.349387086455505
35760810624,672241,2025-02-17,0.34936962743175826
35760810624,672241,2025-02-24,0.3493461720491457
35760810624,672241,2025-03-03,0.34932238091844303
35760810972,672241,2024-11-25,0.028718077720008783
35760810972,672241,2024-12-02,0.028459896995428335
35760810972,672241,2024-12-09,0.028192810630729814
35760810972,672241,2024-12-16,0.5281506529603514
35760810972,672241,2024-12-23,0.527997672931989
35760810972,672241,2024-12-30,0.027729891486546476
35760810972,672241,2025-01-06,0.027688448080898376
35760810972,672241,2025-01-13,0.027643676469781775
35760810972,672241,2025-01-20,0.027591517454066905
35760810972,672241,2025-01-27,0.02754069894512029
35760810972,672241,2025-02-03,0.027488208327547392
35760810972,672241,2025-02-10,0.5272076900305985
35760810972,672241,2025-02-17,0.5274676188951926
35760810972,672241,2025-02-24,0.027174140444580774
35760810972,672241,2025-03-03,1.0275426876752558
35760811216,672241,2024-11-25,2.1051338701588405
35760811216,672241,2024-12-02,2.1052299049376093
35760811216,672241,2024-12-09,4.6052852175354575
35760811216,672241,2024-12-16,1.105361443649874
35760811216,672241,2024-12-23,1.1054407846186591
35760811216,672241,2024-12-30,1.6054661040070983
35760811216,672241,2025-01-06,3.6055660366990523
35760811216,672241,2025-01-13,13.10569814646087
35760811216,672241,2025-01-20,2.1056745335761198
35760811216,672241,2025-01-27,2.1057298614330717
35760811216,672241,2025-02-03,2.1057597873028326
35760811216,672241,2025-02-10,2.6058421588830862
35760811216,672241,2025-02-17,4.105908753083378
35760811216,672241,2025-02-24,7.60585024765876
35760811216,672241,2025-03-03,6.60596531014586
35797749988,672241,2024-11-25,-2.6889300499750086
35797749988,672241,2024-12-02,-1.6889978608194691
35797749988,672241,2024-12-09,-4.188925602516473
35797749988,672241,2024-12-16,-3.1887359869706677
35797749988,672241,2024-12-23,-4.188158608386779
35797749988,672241,2024-12-30,-4.187753538953307
35797749988,672241,2025-01-06,-2.1876080356261918
35797749988,672241,2025-01-13,-3.6874181839968534
35797749988,672241,2025-01-20,-3.1872239541176874
35797749988,672241,2025-01-27,-3.686663318927942
35797749988,672241,2025-02-03,-1.686514993744558
35797749988,672241,2025-02-10,-3.1862557269880503
35797749988,672241,2025-02-17,-3.1861998974054835
35797749988,672241,2025-02-24,-3.185939207876684
35797749988,672241,2025-03-03,-2.1856295509762527
35845590961,672241,2024-11-25,0.08661892526431439
35845590961,672241,2024-12-02,0.07876478621930469
35845590961,672241,2024-12-09,0.07982756458374896
35845590961,672241,2024-12-16,0.08089035351134444
35845590961,672241,2024-12-23,0.07303616698406962
35845590961,672241,2024-12-30,0.06518191185328609
35845590961,672241,2025-01-06,0.06624457489584451
35845590961,672241,2025-01-13,0.06730724951391659
35845590961,672241,2025-01-20,0.0683699369498185
35845590961,672241,2025-01-27,0.06943263521594734
35845590961,672241,2025-02-03,0.08832931858072879
35845590961,672241,2025-02-10,2.0180230510881985
35845590961,672241,2025-02-17,0.06371159368094417
35845590961,672241,2025-02-24,0.04694022052975605
35845590961,672241,2025-03-03,0.030168700134638182
35846286376,672241,2024-11-25,1.5191777393677501
35846286376,672241,2024-12-02,1.0193307522212742
35846286376,672241,2024-12-09,2.019356974889228
35846286376,672241,2024-12-16,1.019432861372387
35846286376,672241,2024-12-23,0.5194181510909439
35846286376,672241,2024-12-30,1.0193864222638167
35846286376,672241,2025-01-06,0.519315436654192
35846286376,672241,2025-01-13,0.5192762886852618
35846286376,672241,2025-01-20,0.5192390848374514
35846286376,672241,2025-01-27,0.5192082222508878
35846286376,672241,2025-02-03,0.5191878366906901
35846286376,672241,2025-02-10,0.5191800543566962
35846286376,672241,2025-02-17,0.5191861362717012
35846286376,672241,2025-02-24,0.5192109038703179
35846286376,672241,2025-03-03,1.519188400310705
35846511668,672241,2024-11-25,-2.2806176699891045e-05
35846511668,672241,2024-12-02,-1.3069489042560889e-05
35846511668,672241,2024-12-09,-1.5348527357406105e-06
35846511668,672241,2024-12-16,1.0000160842713375
35846511668,672241,2024-12-23,1.6785209442427007e-05
35846511668,672241,2024-12-30,2.3053464404232393e-05
35846511668,672241,2025-01-06,0.5000325555071385
35846511668,672241,2025-01-13,1.0000337125846743
35846511668,672241,2025-01-20,3.758343289933519e-05
35846511668,672241,2025-01-27,4.182295889970655e-05
35846511668,672241,2025-02-03,0.5000483116779829
35846511668,672241,2025-02-10,4.578393022861005e-05
35846511668,672241,2025-02-17,0.5000475537848509
35846511668,672241,2025-02-24,4.007799195798745e-05
35846511668,672241,2025-03-03,3.453382683296646e-05
35846548593,672241,2024-11-25,0.3562458789905487
35846548593,672241,2024-12-02,-0.14350506608135027
35846548593,672241,2024-12-09,-0.14326444615699363
35846548593,672241,2024-12-16,-0.14308900525501492
35846548593,672241,2024-12-23,0.357093867549354
35846548593,672241,2024-12-30,-0.142855191090582
35846548593,672241,2025-01-06,0.35715026194828986
35846548593,672241,2025-01-13,-0.142804744408828
35846548593,672241,2025-01-20,-0.14286280867259404
35846548593,672241,2025-01-27,-0.14295597114458478
35846548593,672241,2025-02-03,1.3571178261866086
35846548593,672241,2025-02-10,-0.14308150487716845
35846548593,672241,2025-02-17,0.3569575663676925
35846548593,672241,2025-02-24,-0.14310901045368207
35846548593,672241,2025-03-03,-0.14313008226061388
36407064097,672241,2024-11-25,1.9553046602009903
36407064097,672241,2024-12-02,1.95542920306988
36407064097,672241,2024-12-09,1.955441214063128
36407064097,672241,2024-12-16,1.9553677664406095
36407064097,672241,2024-12-23,1.9552064639306928
36407064097,672241,2024-12-30,1.9549777398325254
36407064097,672241,2025-01-06,1.954764652852102
36407064097,672241,2025-01-13,1.9546893624960626
36407064097,672241,2025-01-20,1.9548498781113246
36407064097,672241,2025-01-27,1.9551209772785125
36407064097,672241,2025-02-03,1.9548516995478313
36407064097,672241,2025-02-10,6.954704961194034
36407064097,672241,2025-02-17,1.954916403248054
36407064097,672241,2025-02-24,1.9550361236299758
36407064097,672241,2025-03-03,2.454799077399798
36442662378,672241,2024-11-25,8.340873957571967
36442662378,672241,2024-12-02,14.339645375177167
36442662378,672241,2024-12-09,13.339598399141599
36442662378,672241,2024-12-16,19.339559355109692
36442662378,672241,2024-12-23,18.840286228119115
36442662378,672241,2024-12-30,16.34113620291337
36442662378,672241,2025-01-06,5.8425323297359855
36442662378,672241,2025-01-13,5.843399658656287
36442662378,672241,2025-01-20,7.8440650623288715
36442662378,672241,2025-01-27,8.844602316321609
36442662378,672241,2025-02-03,9.845001232267117
36442662378,672241,2025-02-10,6.845435798696749
36442662378,672241,2025-02-17,5.845697631520226
36442662378,672241,2025-02-24,9.346060762123058
36442662378,672241,2025-03-03,15.845826535744806
36442913739,672241,2024-11-25,0.7537212070986046
36442913739,672241,2024-12-02,5.255048463615967
36442913739,672241,2024-12-09,1.2559042480885445
36442913739,672241,2024-12-16,3.2561388976046235
36442913739,672241,2024-12-23,5.255913305338224
36442913739,672241,2024-12-30,5.255903010993994
36442913739,672241,2025-01-06,1.256142450325461
36442913739,672241,2025-01-13,1.256293243373935
36442913739,672241,2025-01-20,3.256092222904316
36442913739,672241,2025-01-27,3.255876448352133
36442913739,672241,2025-02-03,3.2559586231000215
36442913739,672241,2025-02-10,1.7562575548328199
36442913739,672241,2025-02-17,1.2564760207863475
36442913739,672241,2025-02-24,1.256612609027478
36442913739,672241,2025-03-03,4.756684602026866
36918045023,672241,2024-11-25,0.11578215284492896
36918045023,672241,2024-12-02,0.11569365651611777
36918045023,672241,2024-12-09,0.11560920100440501
36918045023,672241,2024-12-16,0.11552530504540477
36918045023,672241,2024-12-23,0.11544410783337092
36918045023,672241,2024-12-30,0.1153677404047002
36918045023,672241,2025-01-06,0.11529276477354572
36918045023,672241,2025-01-13,0.11521898469401971
36918045023,672241,2025-01-20,0.11514622103189157
36918045023,672241,2025-01-27,0.11507107250924162
36918045023,672241,2025-02-03,0.11499571179160029
36918045023,672241,2025-02-10,0.11492230859358787
36918045023,672241,2025-02-17,0.6150192888621187
36918045023,672241,2025-02-24,0.6149939217821814
36918045023,672241,2025-03-03,0.1148435375314841
36923304973,672241,2024-11-25,-0.7622827653838282
36923304973,672241,2024-12-02,-0.8029251599858053
36923304973,672241,2024-12-09,-0.8432541798756481
36923304973,672241,2024-12-16,-0.8832707300208719
36923304973,672241,2024-12-23,-0.9229755482326472
36923304973,672241,2024-12-30,-0.962369039336821
36923304973,672241,2025-01-06,-1.0014518357184792
36923304973,672241,2025-01-13,-1.0402243548486543
36923304973,672241,2025-01-20,-1.0786869831735686
36923304973,672241,2025-01-27,-1.1168401081256354
36923304973,672241,2025-02-03,-1.1546834558662897
36923304973,672241,2025-02-10,-1.1922173370283111
36923304973,672241,2025-02-17,-1.2294416300635065
36923304973,672241,2025-02-24,-0.7663565998537645
36923304973,672241,2025-03-03,-0.8029586295499429
36924668188,672241,2024-11-25,0.0
36924668188,672241,2024-12-02,0.0
36924668188,672241,2024-12-09,0.0
36924668188,672241,2024-12-16,0.0
36924668188,672241,2024-12-23,0.0
36924668188,672241,2024-12-30,0.0
36924668188,672241,2025-01-06,0.0
36924668188,672241,2025-01-13,0.0
36924668188,672241,2025-01-20,0.0
36924668188,672241,2025-01-27,0.0
36924668188,672241,2025-02-03,0.0
36924668188,672241,2025-02-10,0.0
36924668188,672241,2025-02-17,0.0
36924668188,672241,2025-02-24,0.0
36924668188,672241,2025-03-03,0.0
36924687323,672241,2024-11-25,0.0
36924687323,672241,2024-12-02,0.0
36924687323,672241,2024-12-09,0.0
36924687323,672241,2024-12-16,0.0
36924687323,672241,2024-12-23,0.0
36924687323,672241,2024-12-30,0.0
36924687323,672241,2025-01-06,0.0
36924687323,672241,2025-01-13,0.0
36924687323,672241,2025-01-20,0.0
36924687323,672241,2025-01-27,0.0
36924687323,672241,2025-02-03,0.0
36924687323,672241,2025-02-10,0.0
36924687323,672241,2025-02-17,0.0
36924687323,672241,2025-02-24,0.0
36924687323,672241,2025-03-03,0.0
36924792617,672241,2024-11-25,0.08634836812243983
36924792617,672241,2024-12-02,0.08633883112909926
36924792617,672241,2024-12-09,0.08633451869760234
36924792617,672241,2024-12-16,0.0863338465152347
36924792617,672241,2024-12-23,0.08633576411795373
36924792617,672241,2024-12-30,0.08634029656718867
36924792617,672241,2025-01-06,0.08634698099077551
36924792617,672241,2025-01-13,0.08635550785169674
36924792617,672241,2025-01-20,0.08636406432793026
36924792617,672241,2025-01-27,0.08637430992392357
36924792617,672241,2025-02-03,0.08638787598988343
36924792617,672241,2025-02-10,0.0864030639887841
36924792617,672241,2025-02-17,0.08641950389833357
36924792617,672241,2025-02-24,0.08643689759208814
36924792617,672241,2025-03-03,0.08645498060408767
36925028712,672241,2024-11-25,0.0
36925028712,672241,2024-12-02,0.0
36925028712,672241,2024-12-09,0.0
36925028712,672241,2024-12-16,0.0
36925028712,672241,2024-12-23,0.0
36925028712,672241,2024-12-30,0.0
36925028712,672241,2025-01-06,0.0
36925028712,672241,2025-01-13,0.0
36925028712,672241,2025-01-20,0.0
36925028712,672241,2025-01-27,0.0
36925028712,672241,2025-02-03,0.0
36925028712,672241,2025-02-10,0.0
36925028712,672241,2025-02-17,0.0
36925028712,672241,2025-02-24,0.0
36925028712,672241,2025-03-03,0.0
36925173329,672241,2024-11-25,0.0
36925173329,672241,2024-12-02,0.0
36925173329,672241,2024-12-09,0.0
36925173329,672241,2024-12-16,0.0
36925173329,672241,2024-12-23,0.0
36925173329,672241,2024-12-30,0.0
36925173329,672241,2025-01-06,0.0
36925173329,672241,2025-01-13,0.0
36925173329,672241,2025-01-20,0.0
36925173329,672241,2025-01-27,0.0
36925173329,672241,2025-02-03,0.0
36925173329,672241,2025-02-10,0.0
36925173329,672241,2025-02-17,0.0
36925173329,672241,2025-02-24,0.0
36925173329,672241,2025-03-03,0.0
36925451776,672241,2024-11-25,-0.05775284629353148
36925451776,672241,2024-12-02,-0.05773850451521684
36925451776,672241,2024-12-09,-0.057725519883860835
36925451776,672241,2024-12-16,-0.05771386399869047
36925451776,672241,2024-12-23,-0.05770349170149221
36925451776,672241,2024-12-30,-0.05769434578242147
36925451776,672241,2025-01-06,-0.0576863669208704
36925451776,672241,2025-01-13,-0.05767953231649232
36925451776,672241,2025-01-20,-0.05767377675839372
36925451776,672241,2025-01-27,-0.05766905103860534
36925451776,672241,2025-02-03,-0.05766532351811947
36925451776,672241,2025-02-10,-0.057662538032145216
36925451776,672241,2025-02-17,-0.057660643979420514
36925451776,672241,2025-02-24,-0.05765959152341162
36925451776,672241,2025-03-03,-0.057659605085394486
36929905877,672241,2024-11-25,0.0
36929905877,672241,2024-12-02,0.0
36929905877,672241,2024-12-09,0.0
36929905877,672241,2024-12-16,0.0
36929905877,672241,2024-12-23,0.0
36929905877,672241,2024-12-30,0.0
36929905877,672241,2025-01-06,0.0
36929905877,672241,2025-01-13,0.0
36929905877,672241,2025-01-20,0.0
36929905877,672241,2025-01-27,0.0
36929905877,672241,2025-02-03,0.0
36929905877,672241,2025-02-10,0.0
36929905877,672241,2025-02-17,0.0
36929905877,672241,2025-02-24,0.0
36929905877,672241,2025-03-03,0.0
36932256672,672241,2024-11-25,-0.028930050994055642
36932256672,672241,2024-12-02,-0.028914339202017456
36932256672,672241,2024-12-09,-0.02889983940020862
36932256672,672241,2024-12-16,-0.02888648414100781
36932256672,672241,2024-12-23,-0.028874216520385416
36932256672,672241,2024-12-30,-0.028862967096219598
36932256672,672241,2025-01-06,-0.028852680788644915
36932256672,672241,2025-01-13,-0.028843289142090656
36932256672,672241,2025-01-20,-0.028835501534148513
36932256672,672241,2025-01-27,-0.028828654426345544
36932256672,672241,2025-02-03,-0.02882208019477049
36932256672,672241,2025-02-10,-0.028816489917803348
36932256672,672241,2025-02-17,-0.028811824167583825
36932256672,672241,2025-02-24,-0.028808022688261638
36932256672,672241,2025-03-03,-0.028805032775890603
36934182989,672241,2024-11-25,-0.05760832111851726
36934182989,672241,2024-12-02,-0.05761119497453738
36934182989,672241,2024-12-09,-0.05761423674319333
36934182989,672241,2024-12-16,-0.05761742633066917
36934182989,672241,2024-12-23,-0.05762074122765279
36934182989,672241,2024-12-30,-0.05762416109681666
36934182989,672241,2025-01-06,-0.057627658238937715
36934182989,672241,2025-01-13,-0.05763120919791334
36934182989,672241,2025-01-20,-0.05763478603278781
36934182989,672241,2025-01-27,-0.05763835985668737
36934182989,672241,2025-02-03,-0.05764190150155249
36934182989,672241,2025-02-10,-0.05764538416570769
36934182989,672241,2025-02-17,-0.05764877661968326
36934182989,672241,2025-02-24,-0.057652051588738124
36934182989,672241,2025-03-03,-0.05765518054355077
36952764350,672241,2024-11-25,-2.0181222635033764
36952764350,672241,2024-12-02,-2.518194523976153
36952764350,672241,2024-12-09,-1.518190893120666
36952764350,672241,2024-12-16,-1.5181869882046115
36952764350,672241,2024-12-23,-2.0181703773520656
36952764350,672241,2024-12-30,-1.518127850408044
36952764350,672241,2025-01-06,-2.5181010288569956
36952764350,672241,2025-01-13,-2.0180798617781552
36952764350,672241,2025-01-20,-2.518092369383027
36952764350,672241,2025-01-27,-2.018158225072365
36952764350,672241,2025-02-03,-2.518227760584048
36952764350,672241,2025-02-10,-1.0182456115207013
36952764350,672241,2025-02-17,-1.518240676642294
36952764350,672241,2025-02-24,-1.518209911423181
36952764350,672241,2025-03-03,-2.5181632395688966
36952921551,672241,2024-11-25,-0.011686060168212747
36952921551,672241,2024-12-02,-0.011713253437180715
36952921551,672241,2024-12-09,-0.011735798849986101
36952921551,672241,2024-12-16,-0.011702787622740018
36952921551,672241,2024-12-23,-0.011649872380746829
36952921551,672241,2024-12-30,-0.011602118143491075
36952921551,672241,2025-01-06,-0.011567434602803822
36952921551,672241,2025-01-13,0.48846672642500943
36952921551,672241,2025-01-20,0.4884942048560814
36952921551,672241,2025-01-27,0.98854416419178
36952921551,672241,2025-02-03,-0.011407193219767187
36952921551,672241,2025-02-10,-0.01134269879269717
36952921551,672241,2025-02-17,-0.011297472847917905
36952921551,672241,2025-02-24,0.988761546268876
36952921551,672241,2025-03-03,-0.011198155210716626
36952968358,672241,2024-11-25,1.908826462918638
36952968358,672241,2024-12-02,-1.0911054894998435
36952968358,672241,2024-12-09,-1.0912269464458004
36952968358,672241,2024-12-16,-0.09144458586483889
36952968358,672241,2024-12-23,-1.0913846639505203
36952968358,672241,2024-12-30,-1.0913779053205008
36952968358,672241,2025-01-06,-1.0912932213697606
36952968358,672241,2025-01-13,-1.0911664010379376
36952968358,672241,2025-01-20,-0.5910904531124567
36952968358,672241,2025-01-27,-0.5909802762888472
36952968358,672241,2025-02-03,-0.5909253966196257
36952968358,672241,2025-02-10,-0.5909138640384544
36952968358,672241,2025-02-17,-1.090898857350524
36952968358,672241,2025-02-24,-0.09106613080774795
36952968358,672241,2025-03-03,-1.0909958028780107
37232337056,672241,2024-11-25,0.5769134390370138
37232337056,672241,2024-12-02,1.576878265722151
37232337056,672241,2024-12-09,0.5769200943932044
37232337056,672241,2024-12-16,0.5769240821972014
37232337056,672241,2024-12-23,1.076908521132829
37232337056,672241,2024-12-30,0.5769308410296423
37232337056,672241,2025-01-06,0.576934069537451
37232337056,672241,2025-01-13,0.5769366416729322
37232337056,672241,2025-01-20,1.0769197243684392
37232337056,672241,2025-01-27,1.0769211983817661
37232337056,672241,2025-02-03,0.5769417389971012
37232337056,672241,2025-02-10,0.5769425818046703
37232337056,672241,2025-02-17,0.5769442788932393
37232337056,672241,2025-02-24,0.5769454218894204
37232337056,672241,2025-03-03,0.5769450570024088
37342256451,672241,2024-11-25,-0.670323341928635
37342256451,672241,2024-12-02,-0.6704319274667823
37342256451,672241,2024-12-09,-0.6702359577597172
37342256451,672241,2024-12-16,-0.6701219189244791
37342256451,672241,2024-12-23,-0.6700612190607536
37342256451,672241,2024-12-30,-0.6700289624801141
37342256451,672241,2025-01-06,0.3300497640195901
37342256451,672241,2025-01-13,1.8301201550042974
37342256451,672241,2025-01-20,1.8303125109408185
37342256451,672241,2025-01-27,3.8303686434423785
37342256451,672241,2025-02-03,4.330531312072624
37342256451,672241,2025-02-10,6.330282945626285
37342256451,672241,2025-02-17,3.8301916477739617
37342256451,672241,2025-02-24,5.329823422956023
37342256451,672241,2025-03-03,3.330137592737167
37343374872,672241,2024-11-25,5.746861479976718
37343374872,672241,2024-12-02,48.713525591470635
37343374872,672241,2024-12-09,-0.8085375101638634
37343374872,672241,2024-12-16,-1.8182758561279408
37343374872,672241,2024-12-23,-3.3164959233421327
37343374872,672241,2024-12-30,-4.80351678966139
37343374872,672241,2025-01-06,-0.27931879303738427
37343374872,672241,2025-01-13,3.2557591646471784
37343374872,672241,2025-01-20,0.3020325633785419
37343374872,672241,2025-01-27,-0.6405639596725509
37343374872,672241,2025-02-03,-1.0725768376272502
37343374872,672241,2025-02-10,-0.992997568179989
37343374872,672241,2025-02-17,0.09743634972487314
37343374872,672241,2025-02-24,-3.301081890924542
37343374872,672241,2025-03-03,-3.688236541026588
37344189072,672241,2024-11-25,-12.19968650291015
37344189072,672241,2024-12-02,-8.698846120045062
37344189072,672241,2024-12-09,-19.197194504442155
37344189072,672241,2024-12-16,-18.69495691082885
37344189072,672241,2024-12-23,-13.192472227156426
37344189072,672241,2024-12-30,-19.191430578424825
37344189072,672241,2025-01-06,-16.18983116044364
37344189072,672241,2025-01-13,-9.186617061675188
37344189072,672241,2025-01-20,-8.183942450206839
37344189072,672241,2025-01-27,-6.6823429262835194
37344189072,672241,2025-02-03,-6.680575789029961
37344189072,672241,2025-02-10,-6.179798591429961
37344189072,672241,2025-02-17,-9.178319274436774
37344189072,672241,2025-02-24,-7.678632390301116
37344189072,672241,2025-03-03,-9.676830649219044
37344544280,672241,2024-11-25,-8.123121444690463
37344544280,672241,2024-12-02,-7.623490232826102
37344544280,672241,2024-12-09,-9.123537072636749
37344544280,672241,2024-12-16,-6.124560063492474
37344544280,672241,2024-12-23,-6.125692455181564
37344544280,672241,2024-12-30,-10.126320907618464
37344544280,672241,2025-01-06,-16.126230386352844
37344544280,672241,2025-01-13,-16.12644468354683
37344544280,672241,2025-01-20,-16.626744609235693
37344544280,672241,2025-01-27,-16.62656838781951
37344544280,672241,2025-02-03,-16.62574346281934
37344544280,672241,2025-02-10,-16.625100387946638
37344544280,672241,2025-02-17,-16.625019796588543
37344544280,672241,2025-02-24,-16.62525945844629
37344544280,672241,2025-03-03,-16.625419973303167
38280841811,672241,2024-11-25,1.2458450022904082
38280841811,672241,2024-12-02,1.3752921621375078
38280841811,672241,2024-12-09,1.5034261711007522
38280841811,672241,2024-12-16,1.6302470499078388
38280841811,672241,2024-12-23,1.7557544971696444
38280841811,672241,2024-12-30,1.8799474223281718
38280841811,672241,2025-01-06,2.002825663909638
38280841811,672241,2025-01-13,2.1243888373217588
38280841811,672241,2025-01-20,2.244637079582678
38280841811,672241,2025-01-27,2.363570661433239
38280841811,672241,2025-02-03,2.4811904407978336
38280841811,672241,2025-02-10,3.0974953960827425
38280841811,672241,2025-02-17,2.7124897624358457
38280841811,672241,2025-02-24,2.826163949563334
38280841811,672241,2025-03-03,2.938525554091797
38281454130,672241,2024-11-25,0.05770854931861726
38281454130,672241,2024-12-02,0.05770826419010119
38281454130,672241,2024-12-09,0.0577080184567823
38281454130,672241,2024-12-16,0.05770781722637492
38281454130,672241,2024-12-23,0.057707637915927146
38281454130,672241,2024-12-30,0.057707506529056936
38281454130,672241,2025-01-06,0.057707414409030225
38281454130,672241,2025-01-13,0.5577201086038419
38281454130,672241,2025-01-20,0.05770668358523949
38281454130,672241,2025-01-27,0.05770580462327109
38281454130,672241,2025-02-03,0.05770496173401356
38281454130,672241,2025-02-10,0.05770442304416372
38281454130,672241,2025-02-17,0.057703929523795265
38281454130,672241,2025-02-24,0.05770349290366705
38281454130,672241,2025-03-03,0.05770333654486206
38282283940,672241,2024-11-25,-0.028959864056972637
38282283940,672241,2024-12-02,-0.02892820879885007
38282283940,672241,2024-12-09,-0.02890167011369374
38282283940,672241,2024-12-16,-0.028879830557655344
38282283940,672241,2024-12-23,-0.028862193399886736
38282283940,672241,2024-12-30,-0.028848330187327846
38282283940,672241,2025-01-06,-0.028837805141343757
38282283940,672241,2025-01-13,-0.028830189070895483
38282283940,672241,2025-01-20,-0.028825045829862044
38282283940,672241,2025-01-27,-0.028822031575262905
38282283940,672241,2025-02-03,-0.028820761666533922
38282283940,672241,2025-02-10,-0.028820925847931958
38282283940,672241,2025-02-17,-0.028822202868220282
38282283940,672241,2025-02-24,-0.02882429623748599
38282283940,672241,2025-03-03,-0.028827003757196646
38353593948,672241,2024-11-25,-0.0028194698095516113
38353593948,672241,2024-12-02,-0.0028103506119834254
38353593948,672241,2024-12-09,-0.0026418479898668856
38353593948,672241,2024-12-16,-0.002275678998090447
38353593948,672241,2024-12-23,-0.0018802896564635851
38353593948,672241,2024-12-30,-0.0018256088584511776
38353593948,672241,2025-01-06,-0.0017250474948711236
38353593948,672241,2025-01-13,-0.0009575783297590679
38353593948,672241,2025-01-20,0.0004988142570201415
38353593948,672241,2025-01-27,0.0017474589282713282
38353593948,672241,2025-02-03,0.0026012552403507083
38353593948,672241,2025-02-10,0.0032767293619997417
38353593948,672241,2025-02-17,0.003946625937073511
38353593948,672241,2025-02-24,0.004308544287564775
38353593948,672241,2025-03-03,0.004419012944260281
38354014830,672241,2024-11-25,4.132660819202622
38354014830,672241,2024-12-02,6.1324982699660415
38354014830,672241,2024-12-09,5.132338362485184
38354014830,672241,2024-12-16,4.132334456508863
38354014830,672241,2024-12-23,4.6322676876042355
38354014830,672241,2024-12-30,4.632054080634802
38354014830,672241,2025-01-06,5.131803399977939
38354014830,672241,2025-01-13,5.1316514447640085
38354014830,672241,2025-01-20,6.131523076351213
38354014830,672241,2025-01-27,7.131579037629972
38354014830,672241,2025-02-03,9.631543424094403
38354014830,672241,2025-02-10,9.631551357335624
38354014830,672241,2025-02-17,12.131483902585352
38354014830,672241,2025-02-24,8.131523257740639
38354014830,672241,2025-03-03,6.131431098283369
38354067981,672241,2024-11-25,16.405743534037548
38354067981,672241,2024-12-02,17.905616271051922
38354067981,672241,2024-12-09,17.905425077412577
38354067981,672241,2024-12-16,18.905257755558555
38354067981,672241,2024-12-23,19.405253097915317
38354067981,672241,2024-12-30,18.40546883645988
38354067981,672241,2025-01-06,21.905513740658616
38354067981,672241,2025-01-13,19.905785435649285
38354067981,672241,2025-01-20,22.405819860044367
38354067981,672241,2025-01-27,20.405953785121774
38354067981,672241,2025-02-03,17.906088558633552
38354067981,672241,2025-02-10,19.406229084491883
38354067981,672241,2025-02-17,18.90655716562112
38354067981,672241,2025-02-24,20.90668957076777
38354067981,672241,2025-03-03,19.906804200900627
38354074222,672241,2024-11-25,-0.040770736535961305
38354074222,672241,2024-12-02,-0.040754214934738436
38354074222,672241,2024-12-09,-0.04071217346096903
38354074222,672241,2024-12-16,-0.04067841260489466
38354074222,672241,2024-12-23,0.459300053683241
38354074222,672241,2024-12-30,0.45929344636716446
38354074222,672241,2025-01-06,-0.04069866189693805
38354074222,672241,2025-01-13,-0.040708448798336266
38354074222,672241,2025-01-20,-0.04070343302886936
38354074222,672241,2025-01-27,-0.04064916511633185
38354074222,672241,2025-02-03,-0.04059937091886773
38354074222,672241,2025-02-10,-0.040523664408068205
38354074222,672241,2025-02-17,-0.040423058370466586
38354074222,672241,2025-02-24,-0.040333401672606184
38354074222,672241,2025-03-03,0.4597122610521113
38598934876,672241,2024-11-25,-0.057661034890766634
38598934876,672241,2024-12-02,-0.05767191067732623
38598934876,672241,2024-12-09,-0.05768143029480059
38598934876,672241,2024-12-16,-0.0576896847777413
38598934876,672241,2024-12-23,-0.057696762699005526
38598934876,672241,2024-12-30,-0.05770275465848171
38598934876,672241,2025-01-06,-0.05770774794851796
38598934876,672241,2025-01-13,-0.057711846897210914
38598934876,672241,2025-01-20,-0.05771514186568976
38598934876,672241,2025-01-27,-0.05771772281001471
38598934876,672241,2025-02-03,-0.057719703068697954
38598934876,672241,2025-02-10,-0.057721174239514075
38598934876,672241,2025-02-17,-0.05772072220783823
38598934876,672241,2025-02-24,-0.05771967943006036
38598934876,672241,2025-03-03,-0.05771938295260368
38599650318,672241,2024-11-25,0.0
38599650318,672241,2024-12-02,0.0
38599650318,672241,2024-12-09,0.0
38599650318,672241,2024-12-16,0.0
38599650318,672241,2024-12-23,0.0
38599650318,672241,2024-12-30,0.0
38599650318,672241,2025-01-06,0.0
38599650318,672241,2025-01-13,0.0
38599650318,672241,2025-01-20,0.0
38599650318,672241,2025-01-27,0.0
38599650318,672241,2025-02-03,0.0
38599650318,672241,2025-02-10,0.0
38599650318,672241,2025-02-17,0.0
38599650318,672241,2025-02-24,0.0
38599650318,672241,2025-03-03,0.0
38599735521,672241,2024-11-25,0.08653634373322046
38599735521,672241,2024-12-02,0.08653612008732559
38599735521,672241,2024-12-09,0.086535899187454
38599735521,672241,2024-12-16,0.08653573318566568
38599735521,672241,2024-12-23,0.08653558920537847
38599735521,672241,2024-12-30,0.08653547216016222
38599735521,672241,2025-01-06,0.08653538422961812
38599735521,672241,2025-01-13,0.08653533562411195
38599735521,672241,2025-01-20,0.08653529802234121
38599735521,672241,2025-01-27,0.08653530302040931
38599735521,672241,2025-02-03,0.08653530197508513
38599735521,672241,2025-02-10,0.086535361255823
38599735521,672241,2025-02-17,0.08653542128869243
38599735521,672241,2025-02-24,0.08653551324362228
38599735521,672241,2025-03-03,0.08653559935390931
38675272223,672241,2024-11-25,0.13264297454653615
38675272223,672241,2024-12-02,0.13013314401886295
38675272223,672241,2024-12-09,0.12819313111136144
38675272223,672241,2024-12-16,0.12671176319770044
38675272223,672241,2024-12-23,0.1255981434020353
38675272223,672241,2024-12-30,0.12477767841221322
38675272223,672241,2025-01-06,0.12418876776639474
38675272223,672241,2025-01-13,0.12299555797994487
38675272223,672241,2025-01-20,0.12116240897492897
38675272223,672241,2025-01-27,0.11945214489238852
38675272223,672241,2025-02-03,0.11863312547761272
38675272223,672241,2025-02-10,0.11868631418311733
38675272223,672241,2025-02-17,0.1164504665229753
38675272223,672241,2025-02-24,0.11428206984585379
38675272223,672241,2025-03-03,0.11454051660265119
38676507640,672241,2024-11-25,0.12818089451011097
38676507640,672241,2024-12-02,0.13279831655014865
38676507640,672241,2024-12-09,0.137361992996961
38676507640,672241,2024-12-16,0.14187185049305392
38676507640,672241,2024-12-23,0.14632785234653298
38676507640,672241,2024-12-30,0.15072993874778376
38676507640,672241,2025-01-06,0.15507809854669347
38676507640,672241,2025-01-13,0.15937229606475245
38676507640,672241,2025-01-20,0.1636125388926403
38676507640,672241,2025-01-27,0.1677990553035718
38676507640,672241,2025-02-03,0.17193161885377725
38676507640,672241,2025-02-10,0.17601001541071004
38676507640,672241,2025-02-17,0.1800344923563011
38676507640,672241,2025-02-24,0.18400528295519394
38676507640,672241,2025-03-03,0.18792217080473284
38676661854,672241,2024-11-25,0.5562188039521737
38676661854,672241,2024-12-02,0.5796185008300818
38676661854,672241,2024-12-09,0.602818471561936
38676661854,672241,2024-12-16,0.6258184973219163
38676661854,672241,2024-12-23,0.6486183446233943
38676661854,672241,2024-12-30,0.6712179017614333
38676661854,672241,2025-01-06,0.6936170137687222
38676661854,672241,2025-01-13,0.7158141963054124
38676661854,672241,2025-01-20,0.7378108378013758
38676661854,672241,2025-01-27,0.7596083977630325
38676661854,672241,2025-02-03,0.7812040290575962
38676661854,672241,2025-02-10,0.8025991451377879
38676661854,672241,2025-02-17,0.8237951571538888
38676661854,672241,2025-02-24,0.8447906442199978
38676661854,672241,2025-03-03,0.8655854910480697
38676704412,672241,2024-11-25,0.2884594605090446
38676704412,672241,2024-12-02,0.2884594598958933
38676704412,672241,2024-12-09,0.28845944993872086
38676704412,672241,2024-12-16,0.2884594278856265
38676704412,672241,2024-12-23,0.2884594423495592
38676704412,672241,2024-12-30,0.28845942320638085
38676704412,672241,2025-01-06,0.2884594466725831
38676704412,672241,2025-01-13,0.2884594575923587
38676704412,672241,2025-01-20,0.2884594615615448
38676704412,672241,2025-01-27,0.28845944731280615
38676704412,672241,2025-02-03,0.2884594415077285
38676704412,672241,2025-02-10,0.28845943644486416
38676704412,672241,2025-02-17,0.2884594179797966
38676704412,672241,2025-02-24,0.2884594349177163
38676704412,672241,2025-03-03,0.28845942895560456
38676726059,672241,2024-11-25,0.11538750561933266
38676726059,672241,2024-12-02,0.6153850531775867
38676726059,672241,2024-12-09,0.11538640995404606
38676726059,672241,2024-12-16,0.11538590684129689
38676726059,672241,2024-12-23,0.11538543651945825
38676726059,672241,2024-12-30,0.11538498651980021
38676726059,672241,2025-01-06,0.11538456045889671
38676726059,672241,2025-01-13,0.11538416861034959
38676726059,672241,2025-01-20,0.11538378624641783
38676726059,672241,2025-01-27,0.11538343267832685
38676726059,672241,2025-02-03,0.11538308149539572
38676726059,672241,2025-02-10,0.11538276078314308
38676726059,672241,2025-02-17,0.11538245872896694
38676726059,672241,2025-02-24,0.11538216559798853
38676726059,672241,2025-03-03,0.1153818913985804
38676919811,672241,2024-11-25,0.4903824511510032
38676919811,672241,2024-12-02,0.4903824177089156
38676919811,672241,2024-12-09,0.4903824797782327
38676919811,672241,2024-12-16,0.4903824291560557
38676919811,672241,2024-12-23,0.490382470483565
38676919811,672241,2024-12-30,0.4903825066259131
38676919811,672241,2025-01-06,0.49038246252946693
38676919811,672241,2025-01-13,0.4903824892607217
38676919811,672241,2025-01-20,0.49038248879920177
38676919811,672241,2025-01-27,0.4903824796388929
38676919811,672241,2025-02-03,0.4903824698965755
38676919811,672241,2025-02-10,0.490382465290215
38676919811,672241,2025-02-17,0.49038250091076746
38676919811,672241,2025-02-24,0.4903825074303587
38676919811,672241,2025-03-03,0.4903824786208701
38676944496,672241,2024-11-25,1.908327822201622
38676944496,672241,2024-12-02,1.9083328273386435
38676944496,672241,2024-12-09,1.9083198864714863
38676944496,672241,2024-12-16,1.9083048276198253
38676944496,672241,2024-12-23,1.9082960970453853
38676944496,672241,2024-12-30,1.9082936673760453
38676944496,672241,2025-01-06,1.9082978875441505
38676944496,672241,2025-01-13,1.9083079356257893
38676944496,672241,2025-01-20,1.9083241271283293
38676944496,672241,2025-01-27,1.9083446666317685
38676944496,672241,2025-02-03,1.908366662903455
38676944496,672241,2025-02-10,1.9083910797464863
38676944496,672241,2025-02-17,1.9084148345727896
38676944496,672241,2025-02-24,1.9084347885634705
38676944496,672241,2025-03-03,1.9084514971056354
38677029055,672241,2024-11-25,0.4326990317470785
38677029055,672241,2024-12-02,0.43269494704394934
38677029055,672241,2024-12-09,0.4326913936689806
38677029055,672241,2024-12-16,0.43268836986883363
38677029055,672241,2024-12-23,0.43268575937632614
38677029055,672241,2024-12-30,0.4326833067947887
38677029055,672241,2025-01-06,0.4326811946629123
38677029055,672241,2025-01-13,0.43267949050754717
38677029055,672241,2025-01-20,0.4326778804166705
38677029055,672241,2025-01-27,0.4326767342981209
38677029055,672241,2025-02-03,0.4326754673403629
38677029055,672241,2025-02-10,0.4326743936865897
38677029055,672241,2025-02-17,0.43267342835721684
38677029055,672241,2025-02-24,0.4326726417779325
38677029055,672241,2025-03-03,0.43267188767092163
38677032646,672241,2024-11-25,0.6181554137030725
38677032646,672241,2024-12-02,0.6180976529791593
38677032646,672241,2024-12-09,0.6180231328495968
38677032646,672241,2024-12-16,0.6179536755512713
38677032646,672241,2024-12-23,0.6179024050028086
38677032646,672241,2024-12-30,0.6178728748346691
38677032646,672241,2025-01-06,0.617867985894841
38677032646,672241,2025-01-13,0.6178878758766365
38677032646,672241,2025-01-20,0.6179216566573618
38677032646,672241,2025-01-27,0.6179648701886084
38677032646,672241,2025-02-03,0.6180157425741238
38677032646,672241,2025-02-10,0.6180655819043369
38677032646,672241,2025-02-17,0.6181090906171053
38677032646,672241,2025-02-24,0.6181463553911857
38677032646,672241,2025-03-03,0.6181764351883451
38677051225,672241,2024-11-25,3.00000358997467
38677051225,672241,2024-12-02,3.0000660096907916
38677051225,672241,2024-12-09,3.000044773095976
38677051225,672241,2024-12-16,3.000047794078762
38677051225,672241,2024-12-23,3.0000055223778523
38677051225,672241,2024-12-30,2.9999558019337607
38677051225,672241,2025-01-06,2.999948982547722
38677051225,672241,2025-01-13,2.999960131154582
38677051225,672241,2025-01-20,3.0000115090928747
38677051225,672241,2025-01-27,3.00006875412755
38677051225,672241,2025-02-03,3.000110913155517
38677051225,672241,2025-02-10,3.000151879849567
38677051225,672241,2025-02-17,3.0001861546727313
38677051225,672241,2025-02-24,3.000211345968274
38677051225,672241,2025-03-03,3.0002209207251944
38677090284,672241,2024-11-25,3.225816411785123
38677090284,672241,2024-12-02,3.3130945688890985
38677090284,672241,2024-12-09,3.3993138891946355
38677090284,672241,2024-12-16,3.4844611855839434
38677090284,672241,2024-12-23,3.568532395735718
38677090284,672241,2024-12-30,3.6515200356460187
38677090284,672241,2025-01-06,3.7334202463299917
38677090284,672241,2025-01-13,3.814229254337094
38677090284,672241,2025-01-20,3.8939402853717526
38677090284,672241,2025-01-27,3.9725532174066513
38677090284,672241,2025-02-03,4.050064635768212
38677090284,672241,2025-02-10,4.126474509319169
38677090284,672241,2025-02-17,4.201778997499232
38677090284,672241,2025-02-24,4.275978331277196
38677090284,672241,2025-03-03,4.349078591651347
38677235450,672241,2024-11-25,1.2850126343931396
38677235450,672241,2024-12-02,1.2850313668359088
38677235450,672241,2024-12-09,1.2850608043253913
38677235450,672241,2024-12-16,1.2850888256204744
38677235450,672241,2024-12-23,1.285111849044065
38677235450,672241,2024-12-30,1.2851291671444007
38677235450,672241,2025-01-06,1.2851389860624685
38677235450,672241,2025-01-13,1.2851404678736036
38677235450,672241,2025-01-20,1.2851325299505816
38677235450,672241,2025-01-27,1.285118074626319
38677235450,672241,2025-02-03,1.2851030930179248
38677235450,672241,2025-02-10,1.285080416340109
38677235450,672241,2025-02-17,1.285047049321098
38677235450,672241,2025-02-24,1.2850124556284186
38677235450,672241,2025-03-03,1.284978611758808
38677320037,672241,2024-11-25,0.20190718807080182
38677320037,672241,2024-12-02,0.20190809740833887
38677320037,672241,2024-12-09,0.20190862478161892
38677320037,672241,2024-12-16,0.20190870789842374
38677320037,672241,2024-12-23,0.2019083480941164
38677320037,672241,2024-12-30,0.2019063319367883
38677320037,672241,2025-01-06,0.2019039151332606
38677320037,672241,2025-01-13,0.2019012452005057
38677320037,672241,2025-01-20,0.20189723203393622
38677320037,672241,2025-01-27,0.2018944626601767
38677320037,672241,2025-02-03,0.20189298986906254
38677320037,672241,2025-02-10,0.20189052684438974
38677320037,672241,2025-02-17,0.20188832594296796
38677320037,672241,2025-02-24,0.20188644458523894
38677320037,672241,2025-03-03,0.2018838781907178
38677419399,672241,2024-11-25,0.5577456977088027
38677419399,672241,2024-12-02,0.05774450107479811
38677419399,672241,2024-12-09,0.05774343818849275
38677419399,672241,2024-12-16,0.05773994542234294
38677419399,672241,2024-12-23,0.05773441673466941
38677419399,672241,2024-12-30,0.05772761841062364
38677419399,672241,2025-01-06,0.05771961707150453
38677419399,672241,2025-01-13,0.057710456295625774
38677419399,672241,2025-01-20,0.05770087759914545
38677419399,672241,2025-01-27,0.0576912846635015
38677419399,672241,2025-02-03,0.057681939607760364
38677419399,672241,2025-02-10,0.05767327691589365
38677419399,672241,2025-02-17,0.057665413495601905
38677419399,672241,2025-02-24,0.057659040685515354
38677419399,672241,2025-03-03,0.057653918540161594
38677459566,672241,2024-11-25,0.05768806914091772
38677459566,672241,2024-12-02,0.057688519059645976
38677459566,672241,2024-12-09,0.057688931023612236
38677459566,672241,2024-12-16,0.057689287602494574
38677459566,672241,2024-12-23,0.05768964426131788
38677459566,672241,2024-12-30,0.05768995383546552
38677459566,672241,2025-01-06,0.057690201241447525
38677459566,672241,2025-01-13,0.05769043566961794
38677459566,672241,2025-01-20,0.05769068408303418
38677459566,672241,2025-01-27,0.057690863642870405
38677459566,672241,2025-02-03,0.05769103674211466
38677459566,672241,2025-02-10,0.05769118275454016
38677459566,672241,2025-02-17,0.057691314699682125
38677459566,672241,2025-02-24,0.05769140837877451
38677459566,672241,2025-03-03,0.05769151036884067
38677463756,672241,2024-11-25,0.1494982311761312
38677463756,672241,2024-12-02,0.15171727378331346
38677463756,672241,2024-12-09,0.15369825570217122
38677463756,672241,2024-12-16,0.15545722158767858
38677463756,672241,2024-12-23,0.15701039898069108
38677463756,672241,2024-12-30,0.1554623666902218
38677463756,672241,2025-01-06,0.15082515701697757
38677463756,672241,2025-01-13,0.1489297800975073
38677463756,672241,2025-01-20,0.14978820640383012
38677463756,672241,2025-01-27,0.15050497897671028
38677463756,672241,2025-02-03,0.1510962707626905
38677463756,672241,2025-02-10,0.15157790683349387
38677463756,672241,2025-02-17,0.15196540797602523
38677463756,672241,2025-02-24,0.14936190577081548
38677463756,672241,2025-03-03,0.14668932197415208
38677465824,672241,2024-11-25,0.9464424003463555
38677465824,672241,2024-12-02,1.4791765195300242
38677465824,672241,2024-12-09,1.0115661575627164
38677465824,672241,2024-12-16,1.043617712353825
38677465824,672241,2024-12-23,1.0753194756717168
38677465824,672241,2024-12-30,1.1066642090949794
38677465824,672241,2025-01-06,1.1376467042834526
38677465824,672241,2025-01-13,1.1682632582188859
38677465824,672241,2025-01-20,1.1985104702583886
38677465824,672241,2025-01-27,1.2283861049097258
38677465824,672241,2025-02-03,1.2578884961154364
38677465824,672241,2025-02-10,1.2870168199335623
38677465824,672241,2025-02-17,1.3157705393858687
38677465824,672241,2025-02-24,1.3441489420418724
38677465824,672241,2025-03-03,1.3721527983365278
38781988859,672241,2024-11-25,19.999037120467463
38781988859,672241,2024-12-02,20.99856311935026
38781988859,672241,2024-12-09,22.998153291931754
38781988859,672241,2024-12-16,25.99770805718208
38781988859,672241,2024-12-23,27.49720976153964
38781988859,672241,2024-12-30,24.99659749276025
38781988859,672241,2025-01-06,23.99605737660622
38781988859,672241,2025-01-13,22.995806738369787
38781988859,672241,2025-01-20,22.995835480234742
38781988859,672241,2025-01-27,22.996038750743214
38781988859,672241,2025-02-03,20.49631276041575
38781988859,672241,2025-02-10,17.996567110148234
38781988859,672241,2025-02-17,17.99680242349815
38781988859,672241,2025-02-24,17.9970845813926
38781988859,672241,2025-03-03,17.997470982201783
38800819249,672241,2024-11-25,1.2914882970361337
38800819249,672241,2024-12-02,1.3343458689986578
38800819249,672241,2024-12-09,1.376842603792878
38800819249,672241,2024-12-16,1.4189789192983018
38800819249,672241,2024-12-23,1.4607552521308698
38800819249,672241,2024-12-30,1.5021718542303573
38800819249,672241,2025-01-06,1.5432290987721116
38800819249,672241,2025-01-13,1.5839237147882506
38800819249,672241,2025-01-20,1.6242594091682805
38800819249,672241,2025-01-27,1.664236266037799
38800819249,672241,2025-02-03,1.703852642387049
38800819249,672241,2025-02-10,1.743113715439016
38800819249,672241,2025-02-17,1.7820177442654235
38800819249,672241,2025-02-24,1.8205594119837347
38800819249,672241,2025-03-03,1.8587403781912928
38800942867,672241,2024-11-25,0.1391172951819989
38800942867,672241,2024-12-02,0.13911848462565082
38800942867,672241,2024-12-09,0.13911886269485454
38800942867,672241,2024-12-16,0.13911798626732996
38800942867,672241,2024-12-23,0.13911594599747304
38800942867,672241,2024-12-30,0.13911304896814145
38800942867,672241,2025-01-06,0.13910968405606103
38800942867,672241,2025-01-13,0.13910626428910883
38800942867,672241,2025-01-20,0.13910319185884676
38800942867,672241,2025-01-27,0.13910088189737785
38800942867,672241,2025-02-03,0.13909974167251163
38800942867,672241,2025-02-10,0.13910017839342706
38800942867,672241,2025-02-17,0.1391026024844351
38800942867,672241,2025-02-24,0.13910741515665237
38800942867,672241,2025-03-03,0.1391149987870734
38801183774,672241,2024-11-25,0.8409971964290526
38801183774,672241,2024-12-02,0.34100697354392917
38801183774,672241,2024-12-09,0.8409725818716878
38801183774,672241,2024-12-16,2.3408941226051563
38801183774,672241,2024-12-23,0.8409314099415137
38801183774,672241,2024-12-30,0.3409498629364254
38801183774,672241,2025-01-06,0.34092910055083037
38801183774,672241,2025-01-13,0.8409178907273659
38801183774,672241,2025-01-20,0.8409547375146936
38801183774,672241,2025-01-27,0.34100553568657666
38801183774,672241,2025-02-03,0.8409928434300977
38801183774,672241,2025-02-10,1.3409608946772802
38801183774,672241,2025-02-17,1.3409662600952816
38801183774,672241,2025-02-24,0.8409656376724661
38801183774,672241,2025-03-03,1.8408928145502634
38801498118,672241,2024-11-25,0.6057680611473283
38801498118,672241,2024-12-02,1.1057682976932166
38801498118,672241,2024-12-09,0.6057681552161654
38801498118,672241,2024-12-16,1.6057687095491755
38801498118,672241,2024-12-23,0.6057680105315064
38801498118,672241,2024-12-30,1.105768234168563
38801498118,672241,2025-01-06,0.6057681319668262
38801498118,672241,2025-01-13,0.6057678944705666
38801498118,672241,2025-01-20,1.1057683855121323
38801498118,672241,2025-01-27,0.6057678784239838
38801498118,672241,2025-02-03,1.105768359917111
38801498118,672241,2025-02-10,0.6057678265263833
38801498118,672241,2025-02-17,0.6057680025549492
38801498118,672241,2025-02-24,0.6057678753505567
38801498118,672241,2025-03-03,0.605768120136968
38801689265,672241,2024-11-25,2.98096261224192
38801689265,672241,2024-12-02,0.9808742416892973
38801689265,672241,2024-12-09,0.9808202378554214
38801689265,672241,2024-12-16,0.9807845743723385
38801689265,672241,2024-12-23,0.9807628709939206
38801689265,672241,2024-12-30,1.980756885545246
38801689265,672241,2025-01-06,1.4807448771648897
38801689265,672241,2025-01-13,1.480739167552348
38801689265,672241,2025-01-20,0.9807332707891954
38801689265,672241,2025-01-27,1.9807411460456272
38801689265,672241,2025-02-03,1.480739588481204
38801689265,672241,2025-02-10,0.9807384263251016
38801689265,672241,2025-02-17,1.980749911737854
38801689265,672241,2025-02-24,0.9807467085519174
38801689265,672241,2025-03-03,1.4807536063506062
38801749516,672241,2024-11-25,0.031462715291373455
38801749516,672241,2024-12-02,0.031343485093819096
38801749516,672241,2024-12-09,0.03122545240697512
38801749516,672241,2024-12-16,0.031108774961328786
38801749516,672241,2024-12-23,0.03099331541118712
38801749516,672241,2024-12-30,0.030879077076050643
38801749516,672241,2025-01-06,0.030766015496734272
38801749516,672241,2025-01-13,0.030654134164480845
38801749516,672241,2025-01-20,0.030543415099924295
38801749516,672241,2025-01-27,0.5299977047340865
38801749516,672241,2025-02-03,0.030269123135628614
38801749516,672241,2025-02-10,0.030137102918895625
38801749516,672241,2025-02-17,0.030013946194159702
38801749516,672241,2025-02-24,0.029915478201394854
38801749516,672241,2025-03-03,0.029817817985860265
38802030325,672241,2024-11-25,0.4124779278137141
38802030325,672241,2024-12-02,-0.0874715500515172
38802030325,672241,2024-12-09,-0.08738153768487995
38802030325,672241,2024-12-16,-0.08726622991397472
38802030325,672241,2024-12-23,-0.08713466967639115
38802030325,672241,2024-12-30,-0.086994859834492
38802030325,672241,2025-01-06,-0.08685313363970433
38802030325,672241,2025-01-13,-0.08671400801386407
38802030325,672241,2025-01-20,-0.08658265335552968
38802030325,672241,2025-01-27,-0.08646245961078376
38802030325,672241,2025-02-03,-0.08635641848213645
38802030325,672241,2025-02-10,-0.08626517808488489
38802030325,672241,2025-02-17,-0.086192868487263
38802030325,672241,2025-02-24,-0.08614391291145183
38802030325,672241,2025-03-03,-0.08611539668899514
38802044766,672241,2024-11-25,0.12293052084354675
38802044766,672241,2024-12-02,0.12296891699411361
38802044766,672241,2024-12-09,0.12300442745398053
38802044766,672241,2024-12-16,0.12302679156932775
38802044766,672241,2024-12-23,0.12301412004964984
38802044766,672241,2024-12-30,0.12292846096069839
38802044766,672241,2025-01-06,1.1229098053822186
38802044766,672241,2025-01-13,0.6228153324313356
38802044766,672241,2025-01-20,1.1229080417502735
38802044766,672241,2025-01-27,0.12291433940497196
38802044766,672241,2025-02-03,0.12296443557230871
38802044766,672241,2025-02-10,0.623001178201144
38802044766,672241,2025-02-17,0.12296388343138086
38802044766,672241,2025-02-24,0.12297804741248644
38802044766,672241,2025-03-03,0.12297477892776296
38802062486,672241,2024-11-25,1.0073429348405256
38802062486,672241,2024-12-02,1.0073555678383255
38802062486,672241,2024-12-09,1.0073659170298732
38802062486,672241,2024-12-16,1.0073732343420563
38802062486,672241,2024-12-23,1.0073752194003083
38802062486,672241,2024-12-30,2.007388687631256
38802062486,672241,2025-01-06,2.0073876976709357
38802062486,672241,2025-01-13,2.007388328620103
38802062486,672241,2025-01-20,2.507398542028966
38802062486,672241,2025-01-27,3.007417369292212
38802062486,672241,2025-02-03,1.0074053949764656
38802062486,672241,2025-02-10,1.0074202163414494
38802062486,672241,2025-02-17,1.0074247339148696
38802062486,672241,2025-02-24,1.0074211765264507
38802062486,672241,2025-03-03,2.0074296643596927
38802063648,672241,2024-11-25,1.2403377917543212
38802063648,672241,2024-12-02,1.2403368964586734
38802063648,672241,2024-12-09,1.2403366941963052
38802063648,672241,2024-12-16,1.2403375019460727
38802063648,672241,2024-12-23,1.2403387236262744
38802063648,672241,2024-12-30,1.2403403635779133
38802063648,672241,2025-01-06,1.7403481951586957
38802063648,672241,2025-01-13,1.740350408783409
38802063648,672241,2025-01-20,2.240357945945533
38802063648,672241,2025-01-27,2.2403592357329822
38802063648,672241,2025-02-03,1.240349049324189
38802063648,672241,2025-02-10,2.2403612491922424
38802063648,672241,2025-02-17,1.2403516696130514
38802063648,672241,2025-02-24,1.240353355749503
38802063648,672241,2025-03-03,2.74037206450412
38834652679,672241,2024-11-25,0.25287650271474454
38834652679,672241,2024-12-02,0.25284881743633275
38834652679,672241,2024-12-09,0.7528298840075411
38834652679,672241,2024-12-16,0.2528148521144834
38834652679,672241,2024-12-23,0.2528179140208545
38834652679,672241,2024-12-30,0.2528130545468392
38834652679,672241,2025-01-06,0.25280369930585983
38834652679,672241,2025-01-13,0.25278596462310987
38834652679,672241,2025-01-20,0.2527470543523993
38834652679,672241,2025-01-27,1.2527351482993405
38834652679,672241,2025-02-03,0.2527172672726059
38834652679,672241,2025-02-10,0.7527340958807969
38834652679,672241,2025-02-17,0.7527448620707631
38834652679,672241,2025-02-24,0.25275507928267577
38834652679,672241,2025-03-03,0.7527789335349142
38854310471,672241,2024-11-25,-0.057439238771779935
38854310471,672241,2024-12-02,-0.05758228301107436
38854310471,672241,2024-12-09,-0.057678605079783875
38854310471,672241,2024-12-16,-0.05774114668986775
38854310471,672241,2024-12-23,-0.05777969358271184
38854310471,672241,2024-12-30,-0.05780134472632008
38854310471,672241,2025-01-06,-0.057811368856898526
38854310471,672241,2025-01-13,-0.05781351866271304
38854310471,672241,2025-01-20,-0.05781044289009292
38854310471,672241,2025-01-27,-0.05780401837374943
38854310471,672241,2025-02-03,-0.057795420038820676
38854310471,672241,2025-02-10,-0.05778540165349533
38854310471,672241,2025-02-17,-0.05777567310604557
38854310471,672241,2025-02-24,-0.05776788746002595
38854310471,672241,2025-03-03,-0.057757526649288474
38854484797,672241,2024-11-25,-0.029055776108829836
38854484797,672241,2024-12-02,-0.029080328862719787
38854484797,672241,2024-12-09,-0.029102876994380404
38854484797,672241,2024-12-16,-0.029123479476944998
38854484797,672241,2024-12-23,-0.029142215686740282
38854484797,672241,2024-12-30,-0.029159065944522576
38854484797,672241,2025-01-06,-0.029174148433239587
38854484797,672241,2025-01-13,-0.02918746754068701
38854484797,672241,2025-01-20,-0.02919908258811268
38854484797,672241,2025-01-27,-0.029209024917051987
38854484797,672241,2025-02-03,-0.029217346959326537
38854484797,672241,2025-02-10,-0.029271566708792388
38854484797,672241,2025-02-17,-0.029324299171832553
38854484797,672241,2025-02-24,-0.029328034502607854
38854484797,672241,2025-03-03,-0.029235352322567756
38854578923,672241,2024-11-25,-0.31730691988190207
38854578923,672241,2024-12-02,-0.3173073551072579
38854578923,672241,2024-12-09,-0.3173076814117517
38854578923,672241,2024-12-16,-0.31730789115793345
38854578923,672241,2024-12-23,-0.3173082354214175
38854578923,672241,2024-12-30,-0.31730839935359256
38854578923,672241,2025-01-06,0.1826897370261603
38854578923,672241,2025-01-13,-0.31730914897589546
38854578923,672241,2025-01-20,-0.31730932262872735
38854578923,672241,2025-01-27,-0.31730947565504564
38854578923,672241,2025-02-03,-0.31730952226742815
38854578923,672241,2025-02-10,-0.31730956073276906
38854578923,672241,2025-02-17,-0.3173095244026528
38854578923,672241,2025-02-24,-0.3173095075519309
38854578923,672241,2025-03-03,-0.31730950755358983
38854638939,672241,2024-11-25,0.3040530326012744
38854638939,672241,2024-12-02,0.3039099240053753
38854638939,672241,2024-12-09,0.3038748027326038
38854638939,672241,2024-12-16,0.30387921874232193
38854638939,672241,2024-12-23,0.3038951544051875
38854638939,672241,2024-12-30,0.3039193859049357
38854638939,672241,2025-01-06,0.8037766151741903
38854638939,672241,2025-01-13,0.30389082895708364
38854638939,672241,2025-01-20,0.3038390284950763
38854638939,672241,2025-01-27,0.30380584218071915
38854638939,672241,2025-02-03,0.30378160614579697
38854638939,672241,2025-02-10,0.3037641383711273
38854638939,672241,2025-02-17,0.3037533609681409
38854638939,672241,2025-02-24,0.303746602565474
38854638939,672241,2025-03-03,0.3037461722948361
38854719931,672241,2024-11-25,0.057677342853622575
38854719931,672241,2024-12-02,0.057680334492168715
38854719931,672241,2024-12-09,0.05768275618892823
38854719931,672241,2024-12-16,0.057684781867215144
38854719931,672241,2024-12-23,0.05768641777941127
38854719931,672241,2024-12-30,0.057687761494010864
38854719931,672241,2025-01-06,0.057688845996339624
38854719931,672241,2025-01-13,0.057689748804255855
38854719931,672241,2025-01-20,0.057690456758693234
38854719931,672241,2025-01-27,0.05769094333414375
38854719931,672241,2025-02-03,0.057691367376301164
38854719931,672241,2025-02-10,0.057691824629266586
38854719931,672241,2025-02-17,0.05769230209942852
38854719931,672241,2025-02-24,0.05769287867773988
38854719931,672241,2025-03-03,1.057702188132221
38854871121,672241,2024-11-25,0.08668829005618184
38854871121,672241,2024-12-02,0.0866498873721325
38854871121,672241,2024-12-09,0.08661998100850532
38854871121,672241,2024-12-16,0.08659819206018995
38854871121,672241,2024-12-23,0.08658410545540389
38854871121,672241,2024-12-30,0.08657731405719384
38854871121,672241,2025-01-06,0.08657740958278047
38854871121,672241,2025-01-13,0.08658488689431704
38854871121,672241,2025-01-20,0.5865530628640943
38854871121,672241,2025-01-27,0.08659703892285416
38854871121,672241,2025-02-03,0.08660039358302751
38854871121,672241,2025-02-10,0.08660890745995171
38854871121,672241,2025-02-17,0.0866225823297924
38854871121,672241,2025-02-24,0.08664009651346327
38854871121,672241,2025-03-03,0.5866152425096509
38873536553,672241,2024-11-25,0.0
38873536553,672241,2024-12-02,0.0
38873536553,672241,2024-12-09,0.0
38873536553,672241,2024-12-16,0.0
38873536553,672241,2024-12-23,0.0
38873536553,672241,2024-12-30,0.0
38873536553,672241,2025-01-06,0.0
38873536553,672241,2025-01-13,0.0
38873536553,672241,2025-01-20,0.0
38873536553,672241,2025-01-27,0.0
38873536553,672241,2025-02-03,0.0
38873536553,672241,2025-02-10,0.0
38873536553,672241,2025-02-17,0.0
38873536553,672241,2025-02-24,0.0
38873536553,672241,2025-03-03,0.0
38874052232,672241,2024-11-25,-0.20210053934009028
38874052232,672241,2024-12-02,-0.2020588014231382
38874052232,672241,2024-12-09,-0.20202229863380364
38874052232,672241,2024-12-16,-0.201990604823452
38874052232,672241,2024-12-23,-0.20196303852307218
38874052232,672241,2024-12-30,-0.2019391028357981
38874052232,672241,2025-01-06,-0.20191873592493534
38874052232,672241,2025-01-13,-0.20190145935184156
38874052232,672241,2025-01-20,-0.2018866327610191
38874052232,672241,2025-01-27,-0.20187434399081006
38874052232,672241,2025-02-03,-0.2018646702575466
38874052232,672241,2025-02-10,-0.20185721771739518
38874052232,672241,2025-02-17,-0.20185180728413754
38874052232,672241,2025-02-24,-0.20184844511324473
38874052232,672241,2025-03-03,-0.20184721276430428
39231034278,672241,2024-11-25,0.5902561247798191
39231034278,672241,2024-12-02,0.6077675599317308
39231034278,672241,2024-12-09,0.6250715883490989
39231034278,672241,2024-12-16,0.6421684873424587
39231034278,672241,2024-12-23,0.659058082252229
39231034278,672241,2024-12-30,0.6757405629988407
39231034278,672241,2025-01-06,0.6922159208469973
39231034278,672241,2025-01-13,0.7084840577237506
39231034278,672241,2025-01-20,0.724545018413739
39231034278,672241,2025-01-27,0.7403987969652224
39231034278,672241,2025-02-03,0.7560451807682425
39231034278,672241,2025-02-10,0.7714840249954047
39231034278,672241,2025-02-17,0.7867151036913768
39231034278,672241,2025-02-24,1.3017350065419797
39231034278,672241,2025-03-03,0.8165574458454512
39233070674,672241,2024-11-25,0.23460727012861293
39233070674,672241,2024-12-02,0.23456943557417861
39233070674,672241,2024-12-09,0.7345732330972158
39233070674,672241,2024-12-16,0.23455008397304847
39233070674,672241,2024-12-23,0.23456448761446924
39233070674,672241,2024-12-30,1.2346148560395096
39233070674,672241,2025-01-06,0.23457939935111208
39233070674,672241,2025-01-13,0.7346018636165537
39233070674,672241,2025-01-20,0.7345969773181605
39233070674,672241,2025-01-27,0.23457028578671218
39233070674,672241,2025-02-03,0.23457236487140265
39233070674,672241,2025-02-10,0.7345929192763692
39233070674,672241,2025-02-17,0.23456854418112866
39233070674,672241,2025-02-24,0.23456562737993905
39233070674,672241,2025-03-03,0.23456700198755617
39233433918,672241,2024-11-25,0.23076750152248757
39233433918,672241,2024-12-02,0.23076747020973426
39233433918,672241,2024-12-09,0.2307674591685133
39233433918,672241,2024-12-16,0.7307670213241328
39233433918,672241,2024-12-23,0.2307673934660411
39233433918,672241,2024-12-30,0.23076734001077348
39233433918,672241,2025-01-06,0.23076730771461573
39233433918,672241,2025-01-13,0.7307668329054007
39233433918,672241,2025-01-20,0.23076719777799534
39233433918,672241,2025-01-27,0.23076711690393886
39233433918,672241,2025-02-03,0.2307670502456439
39233433918,672241,2025-02-10,0.23076699724848337
39233433918,672241,2025-02-17,0.7307665158665922
39233433918,672241,2025-02-24,0.23076686072098668
39233433918,672241,2025-03-03,0.23076675191237014
39233458243,672241,2024-11-25,0.5770137944105952
39233458243,672241,2024-12-02,0.5770060474212468
39233458243,672241,2024-12-09,0.5769994017763802
39233458243,672241,2024-12-16,0.5769936492663157
39233458243,672241,2024-12-23,0.5769884514392504
39233458243,672241,2024-12-30,0.5769840164816661
39233458243,672241,2025-01-06,0.5769805515748646
39233458243,672241,2025-01-13,0.576978012055352
39233458243,672241,2025-01-20,2.5769420403856316
39233458243,672241,2025-01-27,0.5769721555994387
39233458243,672241,2025-02-03,0.5769682508039244
39233458243,672241,2025-02-10,0.5769648965607731
39233458243,672241,2025-02-17,1.0769541120986084
39233458243,672241,2025-02-24,0.5769602217004847
39233458243,672241,2025-03-03,0.5769582579349591
39233855712,672241,2024-11-25,0.7744451951129129
39233855712,672241,2024-12-02,1.2783032061886352
39233855712,672241,2024-12-09,0.7799946975197961
39233855712,672241,2024-12-16,0.7810856547999792
39233855712,672241,2024-12-23,0.7814901681737452
39233855712,672241,2024-12-30,0.7815577972486888
39233855712,672241,2025-01-06,0.7815719450456424
39233855712,672241,2025-01-13,1.7813184506419315
39233855712,672241,2025-01-20,2.279782762051871
39233855712,672241,2025-01-27,0.7781690608219912
39233855712,672241,2025-02-03,1.2780326792423593
39233855712,672241,2025-02-10,0.777601595029566
39233855712,672241,2025-02-17,1.7774447233596407
39233855712,672241,2025-02-24,1.2763545769612978
39233855712,672241,2025-03-03,0.775987905476986
39234021695,672241,2024-11-25,-0.3467918096789759
39234021695,672241,2024-12-02,-0.34677803778703964
39234021695,672241,2024-12-09,-0.3467581640052838
39234021695,672241,2024-12-16,-0.34673872622295393
39234021695,672241,2024-12-23,-0.3467270959580177
39234021695,672241,2024-12-30,-0.34673320282527414
39234021695,672241,2025-01-06,-0.3467629382187063
39234021695,672241,2025-01-13,-0.34681539517952137
39234021695,672241,2025-01-20,-0.3468821047226168
39234021695,672241,2025-01-27,-0.34694882087279744
39234021695,672241,2025-02-03,-0.3469982644434087
39234021695,672241,2025-02-10,-0.3470177785602944
39234021695,672241,2025-02-17,0.1529794398359872
39234021695,672241,2025-02-24,1.6529790699320905
39234021695,672241,2025-03-03,-0.3469401268832984
39267672963,672241,2024-11-25,0.05743432363717266
39267672963,672241,2024-12-02,0.057462940656364106
39267672963,672241,2024-12-09,0.057500655685294354
39267672963,672241,2024-12-16,0.05754491450983727
39267672963,672241,2024-12-23,0.5576170049638959
39267672963,672241,2024-12-30,0.05762972673151651
39267672963,672241,2025-01-06,0.057667483039415136
39267672963,672241,2025-01-13,0.05770426421421967
39267672963,672241,2025-01-20,0.05773891185053531
39267672963,672241,2025-01-27,0.05777056345225527
39267672963,672241,2025-02-03,0.057798628901955515
39267672963,672241,2025-02-10,0.057822717575601
39267672963,672241,2025-02-17,0.05784257761022676
39267672963,672241,2025-02-24,0.05785804779557953
39267672963,672241,2025-03-03,0.0578691229504698
39267673237,672241,2024-11-25,0.028723860105334578
39267673237,672241,2024-12-02,0.028764306673068535
39267673237,672241,2024-12-09,0.02880677974081701
39267673237,672241,2024-12-16,0.028851247481570537
39267673237,672241,2024-12-23,0.02889762543948564
39267673237,672241,2024-12-30,0.028945916025437023
39267673237,672241,2025-01-06,1.0288671455987137
39267673237,672241,2025-01-13,0.028971443348793306
39267673237,672241,2025-01-20,0.028948408743123356
39267673237,672241,2025-01-27,0.02892724310640648
39267673237,672241,2025-02-03,0.02890798704106174
39267673237,672241,2025-02-10,0.028890863066205988
39267673237,672241,2025-02-17,0.028875829304033984
39267673237,672241,2025-02-24,0.02886286050941487
39267673237,672241,2025-03-03,0.028853391205884496
39267673893,672241,2024-11-25,0.4216607758172755
39267673893,672241,2024-12-02,-0.10139965920100842
39267673893,672241,2024-12-09,-0.1241519707823299
39267673893,672241,2024-12-16,1.3533725593538446
39267673893,672241,2024-12-23,-0.16869333912103912
39267673893,672241,2024-12-30,0.30949891392288853
39267673893,672241,2025-01-06,-0.21195843813434048
39267673893,672241,2025-01-13,0.26687319698628126
39267673893,672241,2025-01-20,-0.25394639685722875
39267673893,672241,2025-01-27,-0.27446298576611916
39267673893,672241,2025-02-03,-0.2946612764776521
39267673893,672241,2025-02-10,0.18544215271553685
39267673893,672241,2025-02-17,-0.33410904960311516
39267673893,672241,2025-02-24,-0.3533609047254189
39267673893,672241,2025-03-03,-0.3722978890826987
39267674193,672241,2024-11-25,0.09172330932161069
39267674193,672241,2024-12-02,0.09541983736257467
39267674193,672241,2024-12-09,0.09907500175970607
39267674193,672241,2024-12-16,0.1026887999788855
39267674193,672241,2024-12-23,0.10626123472819027
39267674193,672241,2024-12-30,0.1097923090675512
39267674193,672241,2025-01-06,0.11328203981001268
39267674193,672241,2025-01-13,0.1167304363008994
39267674193,672241,2025-01-20,0.1201375181532457
39267674193,672241,2025-01-27,0.12350330073609804
39267674193,672241,2025-02-03,0.12682781379924782
39267674193,672241,2025-02-10,0.13011105388796204
39267674193,672241,2025-02-17,0.13335305258671282
39267674193,672241,2025-02-24,0.1365538254188736
39267674193,672241,2025-03-03,0.1397136548866327
39267674431,672241,2024-11-25,0.08721688440111618
39267674431,672241,2024-12-02,0.0871221129955939
39267674431,672241,2024-12-09,0.08703360233200567
39267674431,672241,2024-12-16,0.08695105155689184
39267674431,672241,2024-12-23,0.0868741612269317
39267674431,672241,2024-12-30,0.08680262653569572
39267674431,672241,2025-01-06,0.08673616274035323
39267674431,672241,2025-01-13,0.08667448866032859
39267674431,672241,2025-01-20,0.08661733678358942
39267674431,672241,2025-01-27,0.08656445870884831
39267674431,672241,2025-02-03,0.08651562611245857
39267674431,672241,2025-02-10,0.08647062712713884
39267674431,672241,2025-02-17,0.08642927535749988
39267674431,672241,2025-02-24,0.5864936210787094
39267674431,672241,2025-03-03,0.08637530923303381
39267674723,672241,2024-11-25,0.47542379306788174
39267674723,672241,2024-12-02,0.47541163039912937
39267674723,672241,2024-12-09,0.47540742283623444
39267674723,672241,2024-12-16,0.4754084826886518
39267674723,672241,2024-12-23,0.4754126913843575
39267674723,672241,2024-12-30,0.4754178563164571
39267674723,672241,2025-01-06,0.47542219827129584
39267674723,672241,2025-01-13,0.4754239778117051
39267674723,672241,2025-01-20,0.4754216620546674
39267674723,672241,2025-01-27,0.47541517502288194
39267674723,672241,2025-02-03,0.47540538457726583
39267674723,672241,2025-02-10,0.47538972801993146
39267674723,672241,2025-02-17,0.47537326157259385
39267674723,672241,2025-02-24,0.4753576467753791
39267674723,672241,2025-03-03,0.47534004316682155
39267675034,672241,2024-11-25,0.5192285058615291
39267675034,672241,2024-12-02,0.5192285163038156
39267675034,672241,2024-12-09,0.5192285185313716
39267675034,672241,2024-12-16,0.5192285765642365
39267675034,672241,2024-12-23,0.5192285687108691
39267675034,672241,2024-12-30,0.5192286099652512
39267675034,672241,2025-01-06,0.5192286545521281
39267675034,672241,2025-01-13,0.5192286680654412
39267675034,672241,2025-01-20,0.5192286372848923
39267675034,672241,2025-01-27,0.5192286828890798
39267675034,672241,2025-02-03,0.5192287113775487
39267675034,672241,2025-02-10,0.5192287230765934
39267675034,672241,2025-02-17,0.5192287610848738
39267675034,672241,2025-02-24,0.5192287459458044
39267675034,672241,2025-03-03,0.5192287249153723
39814768574,672241,2024-11-25,9.107497321192414
39814768574,672241,2024-12-02,4.107275287609248
39814768574,672241,2024-12-09,5.107473153951389
39814768574,672241,2024-12-16,6.607512085556393
39814768574,672241,2024-12-23,7.107437676485073
39814768574,672241,2024-12-30,8.107416149323594
39814768574,672241,2025-01-06,6.607402876729472
39814768574,672241,2025-01-13,3.607233605610004
39814768574,672241,2025-01-20,6.607137197276581
39814768574,672241,2025-01-27,4.606841481438794
39814768574,672241,2025-02-03,5.1067914481947545
39814768574,672241,2025-02-10,4.106741956403413
39814768574,672241,2025-02-17,4.106826539984514
39814768574,672241,2025-02-24,3.1068365376010525
39814768574,672241,2025-03-03,4.606857552165369
40000050358,672241,2024-11-25,0.057691599575158695
40000050358,672241,2024-12-02,0.05769142088761239
40000050358,672241,2024-12-09,0.057691255604536605
40000050358,672241,2024-12-16,0.057691113476752744
40000050358,672241,2024-12-23,0.05769099135684769
40000050358,672241,2024-12-30,0.057690882943268504
40000050358,672241,2025-01-06,0.05769079157344227
40000050358,672241,2025-01-13,0.05769071919199664
40000050358,672241,2025-01-20,0.057690657516712734
40000050358,672241,2025-01-27,0.05769061250698979
40000050358,672241,2025-02-03,0.057690581144812896
40000050358,672241,2025-02-10,0.05769056518513545
40000050358,672241,2025-02-17,0.057690564621396254
40000050358,672241,2025-02-24,0.057690573381841984
40000050358,672241,2025-03-03,0.05769059666672101
40154920524,672241,2024-11-25,0.8659507541994778
40154920524,672241,2024-12-02,0.8655111273157345
40154920524,672241,2024-12-09,1.3654223773943712
40154920524,672241,2024-12-16,0.865248158960502
40154920524,672241,2024-12-23,1.3653635015064194
40154920524,672241,2024-12-30,0.8652953374232221
40154920524,672241,2025-01-06,0.8653507240280641
40154920524,672241,2025-01-13,1.3655299728485555
40154920524,672241,2025-01-20,0.8654734989088106
40154920524,672241,2025-01-27,0.8655193077506362
40154920524,672241,2025-02-03,0.8655924270184366
40154920524,672241,2025-02-10,1.365802832493887
40154920524,672241,2025-02-17,2.3661163181386704
40154920524,672241,2025-02-24,1.8660264843199093
40154920524,672241,2025-03-03,0.8657486665356746
40154921194,672241,2024-11-25,1.2405629575601715
40154921194,672241,2024-12-02,1.2404720170200834
40154921194,672241,2024-12-09,1.2404104291337699
40154921194,672241,2024-12-16,1.240370371261251
40154921194,672241,2024-12-23,1.2403487895426384
40154921194,672241,2024-12-30,1.7402566251365532
40154921194,672241,2025-01-06,1.2403433636753693
40154921194,672241,2025-01-13,3.2399954792225256
40154921194,672241,2025-01-20,3.2399983866551016
40154921194,672241,2025-01-27,1.740259246712431
40154921194,672241,2025-02-03,1.7402573483019175
40154921194,672241,2025-02-10,2.240172192461663
40154921194,672241,2025-02-17,1.7402612201994274
40154921194,672241,2025-02-24,1.7402672282078515
40154921194,672241,2025-03-03,1.240362555312206
40545530187,672241,2024-11-25,0.08571860521632237
40545530187,672241,2024-12-02,0.08576373185440964
40545530187,672241,2024-12-09,0.08581146862328054
40545530187,672241,2024-12-16,0.08586174190310848
40545530187,672241,2024-12-23,0.08591448183018305
40545530187,672241,2024-12-30,0.08596967572913955
40545530187,672241,2025-01-06,0.08602729255769556
40545530187,672241,2025-01-13,0.5858203327883555
40545530187,672241,2025-01-20,0.08611591887346957
40545530187,672241,2025-01-27,0.08614639550368358
40545530187,672241,2025-02-03,0.0861791578194447
40545530187,672241,2025-02-10,0.08621413973340418
40545530187,672241,2025-02-17,0.08625131569528594
40545530187,672241,2025-02-24,0.08629064885612578
40545530187,672241,2025-03-03,0.08633213732595242
40545530450,672241,2024-11-25,0.030040888874952817
40545530450,672241,2024-12-02,0.03001502479532532
40545530450,672241,2024-12-09,0.029989417016240225
40545530450,672241,2024-12-16,0.02996406139675277
40545530450,672241,2024-12-23,0.029938973742121837
40545530450,672241,2024-12-30,0.02991414942337849
40545530450,672241,2025-01-06,0.02988960649530568
40545530450,672241,2025-01-13,0.02986534445275594
40545530450,672241,2025-01-20,0.029841371502786693
40545530450,672241,2025-01-27,0.029817695600400256
40545530450,672241,2025-02-03,0.02979431531153636
40545530450,672241,2025-02-10,0.029771243386497365
40545530450,672241,2025-02-17,0.029748485180758847
40545530450,672241,2025-02-24,0.029726055484719703
40545530450,672241,2025-03-03,0.029704625266091925
40790539263,672241,2024-11-25,2.177748391892367
40790539263,672241,2024-12-02,2.6777320325993834
40790539263,672241,2024-12-09,2.677789349409721
40790539263,672241,2024-12-16,3.1778066409187313
40790539263,672241,2024-12-23,2.6778078543007764
40790539263,672241,2024-12-30,3.17774208627507
40790539263,672241,2025-01-06,2.177739088492084
40790539263,672241,2025-01-13,2.177714474587124
40790539263,672241,2025-01-20,3.1776595441627915
40790539263,672241,2025-01-27,3.677623100740095
40790539263,672241,2025-02-03,2.6776226266083016
40790539263,672241,2025-02-10,2.6775666098473363
40790539263,672241,2025-02-17,2.1775404621754215
40790539263,672241,2025-02-24,2.1775281172623266
40790539263,672241,2025-03-03,2.6775367768288865
41273567751,672241,2024-11-25,8.71405129811388
41273567751,672241,2024-12-02,9.287493055456373
41273567751,672241,2024-12-09,9.855074137308659
41273567751,672241,2024-12-16,10.416849334401546
41273567751,672241,2024-12-23,10.97282017051349
41273567751,672241,2024-12-30,11.522973109862615
41273567751,672241,2025-01-06,12.06729920982536
41273567751,672241,2025-01-13,12.6057907277387
41273567751,672241,2025-01-20,13.138434419689668
41273567751,672241,2025-01-27,13.665249747888888
41273567751,672241,2025-02-03,15.186338947298779
41273567751,672241,2025-02-10,16.701588310327114
41273567751,672241,2025-02-17,16.71092207399768
41273567751,672241,2025-02-24,19.71468052309532
41273567751,672241,2025-03-03,16.7120739088121
41273568359,672241,2024-11-25,1.3269303447436078
41273568359,672241,2024-12-02,1.3269331530404063
41273568359,672241,2024-12-09,1.3269359459887502
41273568359,672241,2024-12-16,1.3269377847623594
41273568359,672241,2024-12-23,1.3269398334413243
41273568359,672241,2024-12-30,1.3269417075042458
41273568359,672241,2025-01-06,1.3269436821933362
41273568359,672241,2025-01-13,1.3269450265542055
41273568359,672241,2025-01-20,1.3269468330352352
41273568359,672241,2025-01-27,1.3269481649575714
41273568359,672241,2025-02-03,1.8269501364275345
41273568359,672241,2025-02-10,3.3269524416861262
41273568359,672241,2025-02-17,1.8269427184100249
41273568359,672241,2025-02-24,2.82694386664286
41273568359,672241,2025-03-03,1.3269355859676026
41273568614,672241,2024-11-25,1.5266621052060492
41273568614,672241,2024-12-02,1.526623601791848
41273568614,672241,2024-12-09,1.5265983311939333
41273568614,672241,2024-12-16,1.5265839361194702
41273568614,672241,2024-12-23,1.5265776168233018
41273568614,672241,2024-12-30,1.5265774681676283
41273568614,672241,2025-01-06,1.5265812153836777
41273568614,672241,2025-01-13,1.526587778037557
41273568614,672241,2025-01-20,1.5266012647054918
41273568614,672241,2025-01-27,2.0266052584476673
41273568614,672241,2025-02-03,2.0266149074109974
41273568614,672241,2025-02-10,2.026616539728849
41273568614,672241,2025-02-17,2.0266119935160094
41273568614,672241,2025-02-24,1.526616569214274
41273568614,672241,2025-03-03,2.0266051929493294
41276985638,672241,2024-11-25,0.3461527243421218
41276985638,672241,2024-12-02,0.3461522936048962
41276985638,672241,2024-12-09,0.3461522087028802
41276985638,672241,2024-12-16,0.34615215848451625
41276985638,672241,2024-12-23,0.34615212756256863
41276985638,672241,2024-12-30,0.34615203237895487
41276985638,672241,2025-01-06,0.8461529263918816
41276985638,672241,2025-01-13,0.34615198438398
41276985638,672241,2025-01-20,0.34615161832376523
41276985638,672241,2025-01-27,0.8461522902513539
41276985638,672241,2025-02-03,0.846152360848031
41276985638,672241,2025-02-10,0.34615134984925056
41276985638,672241,2025-02-17,0.8461520271057688
41276985638,672241,2025-02-24,0.3461509280738254
41276985638,672241,2025-03-03,0.8461517138740196
41491392694,672241,2024-11-25,10.083635237550153
41491392694,672241,2024-12-02,10.083107880508532
41491392694,672241,2024-12-09,10.082639974015995
41491392694,672241,2024-12-16,10.081505313288975
41491392694,672241,2024-12-23,10.08046764766954
41491392694,672241,2024-12-30,10.079710049301646
41491392694,672241,2025-01-06,10.07905681460608
41491392694,672241,2025-01-13,10.0785256273522
41491392694,672241,2025-01-20,10.078262192592515
41491392694,672241,2025-01-27,10.077990896517278
41491392694,672241,2025-02-03,10.077663410109512
41491392694,672241,2025-02-10,11.077402862418156
41491392694,672241,2025-02-17,11.57706589114631
41491392694,672241,2025-02-24,10.5767975972139
41491392694,672241,2025-03-03,10.576841483040134
41491392968,672241,2024-11-25,4.86457577904236
41491392968,672241,2024-12-02,5.003344429522548
41491392968,672241,2024-12-09,5.140528271253735
41491392968,672241,2024-12-16,5.276089079142544
41491392968,672241,2024-12-23,5.4099915389449125
41491392968,672241,2024-12-30,5.542211937284837
41491392968,672241,2025-01-06,5.672743481644845
41491392968,672241,2025-01-13,5.801584382590437
41491392968,672241,2025-01-20,5.928736112417943
41491392968,672241,2025-01-27,6.054216612869164
41491392968,672241,2025-02-03,6.178036308105224
41491392968,672241,2025-02-10,6.300191974363891
41491392968,672241,2025-02-17,6.4206738000977746
41491392968,672241,2025-02-24,6.539509674881097
41491392968,672241,2025-03-03,6.656710839913044
41491393273,672241,2024-11-25,8.999988763465748
41491393273,672241,2024-12-02,8.999900038573966
41491393273,672241,2024-12-09,8.999846007818611
41491393273,672241,2024-12-16,8.999741803199214
41491393273,672241,2024-12-23,8.999550896798835
41491393273,672241,2024-12-30,8.999358431480667
41491393273,672241,2025-01-06,8.999178970043047
41491393273,672241,2025-01-13,8.999119262023497
41491393273,672241,2025-01-20,8.999200485223543
41491393273,672241,2025-01-27,8.999311365060144
41491393273,672241,2025-02-03,8.99944392167982
41491393273,672241,2025-02-10,8.999602455174433
41491393273,672241,2025-02-17,9.499787593777981
41491393273,672241,2025-02-24,9.500020644859083
41491393273,672241,2025-03-03,9.500249605819727
41491394123,672241,2024-11-25,0.5997379841921997
41491394123,672241,2024-12-02,0.5998322224138387
41491394123,672241,2024-12-09,0.5998912764120832
41491394123,672241,2024-12-16,0.5999295753754099
41491394123,672241,2024-12-23,0.5999327815253956
41491394123,672241,2024-12-30,0.599901754199665
41491394123,672241,2025-01-06,0.5998763175916518
41491394123,672241,2025-01-13,0.5998825116223492
41491394123,672241,2025-01-20,0.5999171688903772
41491394123,672241,2025-01-27,0.5999735369873462
41491394123,672241,2025-02-03,0.6000329641731503
41491394123,672241,2025-02-10,0.6000755447098687
41491394123,672241,2025-02-17,0.6001080201811946
41491394123,672241,2025-02-24,0.6001414935573135
41491394123,672241,2025-03-03,1.100172135645573
41513223318,672241,2024-11-25,1.60513799211662
41513223318,672241,2024-12-02,1.6051912588365393
41513223318,672241,2024-12-09,1.6052458203303548
41513223318,672241,2024-12-16,1.605312669730122
41513223318,672241,2024-12-23,1.6053916940657724
41513223318,672241,2024-12-30,1.605495453549785
41513223318,672241,2025-01-06,1.6056112020210134
41513223318,672241,2025-01-13,1.6057258185194105
41513223318,672241,2025-01-20,1.6058212190461525
41513223318,672241,2025-01-27,1.6058831152775555
41513223318,672241,2025-02-03,1.6058983606193507
41513223318,672241,2025-02-10,1.6058830561407447
41513223318,672241,2025-02-17,1.605817009937404
41513223318,672241,2025-02-24,1.6057144255865394
41513223318,672241,2025-03-03,1.6055964421609867
41514786616,672241,2024-11-25,3.156098367233785
41514786616,672241,2024-12-02,3.324699622301156
41514786616,672241,2024-12-09,3.4917327337604744
41514786616,672241,2024-12-16,3.657196026368525
41514786616,672241,2024-12-23,3.821089381308259
41514786616,672241,2024-12-30,3.9834128126227077
41514786616,672241,2025-01-06,4.144167175114934
41514786616,672241,2025-01-13,4.303351334730339
41514786616,672241,2025-01-20,4.460963622216111
41514786616,672241,2025-01-27,4.617004341985674
41514786616,672241,2025-02-03,4.771472902218273
41514786616,672241,2025-02-10,4.924369786807416
41514786616,672241,2025-02-17,5.0756948878548975
41514786616,672241,2025-02-24,5.225446404805508
41514786616,672241,2025-03-03,5.373624294130468
41515050363,672241,2024-11-25,3.0001027138156817
41515050363,672241,2024-12-02,3.000216548051676
41515050363,672241,2024-12-09,3.000258243107937
41515050363,672241,2024-12-16,3.0003181157751673
41515050363,672241,2024-12-23,3.0003472750481057
41515050363,672241,2024-12-30,3.0003396336236983
41515050363,672241,2025-01-06,3.000333761150968
41515050363,672241,2025-01-13,3.000326866736151
41515050363,672241,2025-01-20,3.0003383661380494
41515050363,672241,2025-01-27,3.0003871662928683
41515050363,672241,2025-02-03,3.0004815707910475
41515050363,672241,2025-02-10,3.0006079624793207
41515050363,672241,2025-02-17,3.000755564364378
41515050363,672241,2025-02-24,3.000913800516858
41515050363,672241,2025-03-03,3.001049580822053
41603545216,672241,2024-11-25,2.062763802658632
41603545216,672241,2024-12-02,2.0627803784709293
41603545216,672241,2024-12-09,2.062772317111204
41603545216,672241,2024-12-16,2.0627641075700756
41603545216,672241,2024-12-23,2.062750437953961
41603545216,672241,2024-12-30,2.0627407207004156
41603545216,672241,2025-01-06,2.062733392012582
41603545216,672241,2025-01-13,2.0627178007018254
41603545216,672241,2025-01-20,2.06270011346746
41603545216,672241,2025-01-27,2.062682119168056
41603545216,672241,2025-02-03,2.562665944167005
41603545216,672241,2025-02-10,2.562664676744768
41603545216,672241,2025-02-17,2.562677645461178
41603545216,672241,2025-02-24,3.0626948666405385
41603545216,672241,2025-03-03,2.5627110443600354
41604602159,672241,2024-11-25,0.8377075393881548
41604602159,672241,2024-12-02,0.8376443315909354
41604602159,672241,2024-12-09,0.8376044474320634
41604602159,672241,2024-12-16,0.8375815867570627
41604602159,672241,2024-12-23,0.8375789295283593
41604602159,672241,2024-12-30,0.8375883583473015
41604602159,672241,2025-01-06,0.8376025608686809
41604602159,672241,2025-01-13,0.8376197973000716
41604602159,672241,2025-01-20,0.8376369540353477
41604602159,672241,2025-01-27,0.8376525882964146
41604602159,672241,2025-02-03,0.8376624574682788
41604602159,672241,2025-02-10,0.8376664958353154
41604602159,672241,2025-02-17,0.8376644668025148
41604602159,672241,2025-02-24,0.837652141454673
41604602159,672241,2025-03-03,0.837625554917052
41605550723,672241,2024-11-25,0.962051173609252
41605550723,672241,2024-12-02,0.9871682604703156
41605550723,672241,2024-12-09,1.0119661748617625
41605550723,672241,2024-12-16,1.0364450120776165
41605550723,672241,2024-12-23,1.0606051171855244
41605550723,672241,2024-12-30,1.084447334373047
41605550723,672241,2025-01-06,1.1079721309258634
41605550723,672241,2025-01-13,1.1311796518750619
41605550723,672241,2025-01-20,1.154070588954195
41605550723,672241,2025-01-27,1.1766458783010798
41605550723,672241,2025-02-03,1.1989057402061685
41605550723,672241,2025-02-10,1.2208509975532968
41605550723,672241,2025-02-17,1.2424823170582293
41605550723,672241,2025-02-24,1.2637998504511887
41605550723,672241,2025-03-03,1.284803473850816
41662780238,672241,2024-11-25,1.3560161204567347
41662780238,672241,2024-12-02,1.3559920833718004
41662780238,672241,2024-12-09,1.3559704200171256
41662780238,672241,2024-12-16,1.3559501814140704
41662780238,672241,2024-12-23,1.355929795653853
41662780238,672241,2024-12-30,1.355911313280508
41662780238,672241,2025-01-06,1.3558948758827218
41662780238,672241,2025-01-13,1.355878959436133
41662780238,672241,2025-01-20,1.3558649962204117
41662780238,672241,2025-01-27,1.355852866105816
41662780238,672241,2025-02-03,2.355806190400015
41662780238,672241,2025-02-10,1.355828002202458
41662780238,672241,2025-02-17,1.8557990819495451
41662780238,672241,2025-02-24,2.855752247443082
41662780238,672241,2025-03-03,1.3557893618456318
41662784784,672241,2024-11-25,15.911993880046529
41662784784,672241,2024-12-02,15.911478230029402
41662784784,672241,2024-12-09,15.911097439698462
41662784784,672241,2024-12-16,15.910301883079907
41662784784,672241,2024-12-23,15.9094185570319
41662784784,672241,2024-12-30,15.90868088702186
41662784784,672241,2025-01-06,15.90793143315544
41662784784,672241,2025-01-13,15.9071355223663
41662784784,672241,2025-01-20,15.906612882418242
41662784784,672241,2025-01-27,15.905917958387615
41662784784,672241,2025-02-03,17.905525374757982
41662784784,672241,2025-02-10,16.904710799702915
41662784784,672241,2025-02-17,17.90457267127021
41662784784,672241,2025-02-24,18.40407208070456
41662784784,672241,2025-03-03,21.40476493801016
41662829751,672241,2024-11-25,4.864779405006266
41662829751,672241,2024-12-02,4.957938876004682
41662829751,672241,2024-12-09,5.0494977491984105
41662829751,672241,2024-12-16,5.139472372499002
41662829751,672241,2024-12-23,5.22787435493238
41662829751,672241,2024-12-30,5.314709130943674
41662829751,672241,2025-01-06,5.399987596334998
41662829751,672241,2025-01-13,5.48370306975767
41662829751,672241,2025-01-20,5.565865151345926
41662829751,672241,2025-01-27,5.646468696535482
41662829751,672241,2025-02-03,5.725507470148451
41662829751,672241,2025-02-10,6.3029958868607965
41662829751,672241,2025-02-17,7.378957183222635
41662829751,672241,2025-02-24,6.953339478272157
41662829751,672241,2025-03-03,8.026214418804923
41844855621,672241,2024-11-25,-0.00024399264114116637
41844855621,672241,2024-12-02,-0.0003394656866780865
41844855621,672241,2024-12-09,-0.000438932767258593
41844855621,672241,2024-12-16,-0.0005052952314058001
41844855621,672241,2024-12-23,-0.00053788190137391
41844855621,672241,2024-12-30,-0.0005657134325794677
41844855621,672241,2025-01-06,-0.0006089526139014811
41844855621,672241,2025-01-13,-0.0006541760355592008
41844855621,672241,2025-01-20,-0.0006743633649264058
41844855621,672241,2025-01-27,-0.0006733824651909137
41844855621,672241,2025-02-03,-0.0006443337464250021
41844855621,672241,2025-02-10,-0.0006031700249508054
41844855621,672241,2025-02-17,-0.0005616176848780297
41844855621,672241,2025-02-24,-0.0004912693910005816
41844855621,672241,2025-03-03,-0.0004432760506153932
41844855933,672241,2024-11-25,-0.00010006794945502384
41844855933,672241,2024-12-02,-0.00019638985109338147
41844855933,672241,2024-12-09,-0.0003042781084650892
41844855933,672241,2024-12-16,-0.00039841341053703516
41844855933,672241,2024-12-23,-0.0004698145907402751
41844855933,672241,2024-12-30,-0.000523647849707598
41844855933,672241,2025-01-06,-0.0005686144928570835
41844855933,672241,2025-01-13,-0.0006049238546079194
41844855933,672241,2025-01-20,-0.0006271630282022045
41844855933,672241,2025-01-27,-0.0006214662655259773
41844855933,672241,2025-02-03,-0.0005979779339900515
41844855933,672241,2025-02-10,-0.0005655489622193866
41844855933,672241,2025-02-17,-0.0005365883120412307
41844855933,672241,2025-02-24,-0.0005258409375841766
41844855933,672241,2025-03-03,0.49946027039387886
41844856242,672241,2024-11-25,0.08606242336364259
41844856242,672241,2024-12-02,0.08607767222756464
41844856242,672241,2024-12-09,0.08609196684111606
41844856242,672241,2024-12-16,0.08610562677974892
41844856242,672241,2024-12-23,0.08611893013791543
41844856242,672241,2024-12-30,0.08613218651105624
41844856242,672241,2025-01-06,0.08614569578030895
41844856242,672241,2025-01-13,0.0861597551477219
41844856242,672241,2025-01-20,0.08615678896129356
41844856242,672241,2025-01-27,0.08615135446908011
41844856242,672241,2025-02-03,0.0861401225281157
41844856242,672241,2025-02-10,0.08611976869978961
41844856242,672241,2025-02-17,0.08610479603119027
41844856242,672241,2025-02-24,0.0860776215922746
41844856242,672241,2025-03-03,0.0860384382715771
41859075396,672241,2024-11-25,13.252679099380543
41859075396,672241,2024-12-02,13.252674760173536
41859075396,672241,2024-12-09,13.252702793213597
41859075396,672241,2024-12-16,13.252608220594688
41859075396,672241,2024-12-23,13.252477707254178
41859075396,672241,2024-12-30,13.252410208570568
41859075396,672241,2025-01-06,13.25242203986104
41859075396,672241,2025-01-13,13.252479631602156
41859075396,672241,2025-01-20,13.252543750794478
41859075396,672241,2025-01-27,13.252581790047383
41859075396,672241,2025-02-03,13.252583328439531
41859075396,672241,2025-02-10,13.252610911379426
41859075396,672241,2025-02-17,13.252723990247826
41859075396,672241,2025-02-24,13.252860919604025
41859075396,672241,2025-03-03,13.752745389496813
41895087041,672241,2024-11-25,0.0
41895087041,672241,2024-12-02,0.0
41895087041,672241,2024-12-09,0.0
41895087041,672241,2024-12-16,0.0
41895087041,672241,2024-12-23,0.0
41895087041,672241,2024-12-30,0.0
41895087041,672241,2025-01-06,0.0
41895087041,672241,2025-01-13,0.0
41895087041,672241,2025-01-20,0.0
41895087041,672241,2025-01-27,0.0
41895087041,672241,2025-02-03,0.0
41895087041,672241,2025-02-10,0.0
41895087041,672241,2025-02-17,0.0
41895087041,672241,2025-02-24,0.0
41895087041,672241,2025-03-03,0.0
41911704936,672241,2024-11-25,0.6348244143944708
41911704936,672241,2024-12-02,0.6348161429536671
41911704936,672241,2024-12-09,0.6348125399830615
41911704936,672241,2024-12-16,0.6348099501123353
41911704936,672241,2024-12-23,0.6348081721900224
41911704936,672241,2024-12-30,0.634815339916445
41911704936,672241,2025-01-06,0.6348198910337901
41911704936,672241,2025-01-13,0.6348176097500773
41911704936,672241,2025-01-20,0.6348206254497795
41911704936,672241,2025-01-27,0.6348251833460541
41911704936,672241,2025-02-03,0.6348270188071689
41911704936,672241,2025-02-10,0.6348303613021034
41911704936,672241,2025-02-17,0.6348349809620902
41911704936,672241,2025-02-24,0.6348450719350041
41911704936,672241,2025-03-03,0.6348604718217596
41911928478,672241,2024-11-25,1.6052276100512346
41911928478,672241,2024-12-02,1.6235887632690862
41911928478,672241,2024-12-09,1.6414928127367634
41911928478,672241,2024-12-16,1.6589409187748099
41911928478,672241,2024-12-23,1.6759336884683713
41911928478,672241,2024-12-30,1.69247222524529
41911928478,672241,2025-01-06,1.708556697951832
41911928478,672241,2025-01-13,1.7241876174475916
41911928478,672241,2025-01-20,1.7393648994017576
41911928478,672241,2025-01-27,1.754089082977607
41911928478,672241,2025-02-03,1.7683598424545854
41911928478,672241,2025-02-10,1.7821771555400634
41911928478,672241,2025-02-17,1.7955415220810564
41911928478,672241,2025-02-24,1.8084525180902107
41911928478,672241,2025-03-03,2.3209103475032498
41931934851,672241,2024-11-25,0.057975920575678144
41931934851,672241,2024-12-02,0.05795388984254698
41931934851,672241,2024-12-09,0.05792837108209656
41931934851,672241,2024-12-16,0.05789994819329513
41931934851,672241,2024-12-23,0.05786926815591173
41931934851,672241,2024-12-30,0.05783683173944415
41931934851,672241,2025-01-06,0.05780316196676171
41931934851,672241,2025-01-13,0.05776874942177795
41931934851,672241,2025-01-20,0.05773410071292587
41931934851,672241,2025-01-27,0.05769959249059205
41931934851,672241,2025-02-03,0.057665708796874784
41931934851,672241,2025-02-10,0.05763277706769426
41931934851,672241,2025-02-17,0.05760122684482251
41931934851,672241,2025-02-24,0.05757132285196956
41931934851,672241,2025-03-03,0.05754340737250974
42041590570,672241,2024-11-25,0.026686953942116898
42041590570,672241,2024-12-02,0.02663660330633416
42041590570,672241,2024-12-09,0.026581354159764592
42041590570,672241,2024-12-16,0.026542894922415572
42041590570,672241,2024-12-23,0.026512808392485487
42041590570,672241,2024-12-30,0.026483025791243897
42041590570,672241,2025-01-06,0.026450396777211282
42041590570,672241,2025-01-13,0.026416425961176826
42041590570,672241,2025-01-20,0.02638344318174224
42041590570,672241,2025-01-27,0.02635181604975617
42041590570,672241,2025-02-03,0.026321412015403167
42041590570,672241,2025-02-10,0.026294495268414597
42041590570,672241,2025-02-17,0.026280742704222315
42041590570,672241,2025-02-24,0.02629228022404495
42041590570,672241,2025-03-03,0.0262938647513547
42200461570,672241,2024-11-25,0.0222940540290595
42200461570,672241,2024-12-02,0.022304932807683656
42200461570,672241,2024-12-09,0.02228339721721058
42200461570,672241,2024-12-16,0.022272298395924803
42200461570,672241,2024-12-23,0.02227336075184047
42200461570,672241,2024-12-30,0.022279246732290953
42200461570,672241,2025-01-06,0.022284965702928886
42200461570,672241,2025-01-13,0.022289724524939533
42200461570,672241,2025-01-20,0.022295077574357572
42200461570,672241,2025-01-27,0.022301800398181665
42200461570,672241,2025-02-03,0.0223097130774879
42200461570,672241,2025-02-10,0.022317735597347413
42200461570,672241,2025-02-17,0.022324121640023967
42200461570,672241,2025-02-24,0.022327454332711577
42200461570,672241,2025-03-03,0.022323958025107768
42332432433,672241,2024-11-25,0.490036357283939
42332432433,672241,2024-12-02,0.49010606898425424
42332432433,672241,2024-12-09,0.4901428821832641
42332432433,672241,2024-12-16,0.4901647256341522
42332432433,672241,2024-12-23,0.4901780521509729
42332432433,672241,2024-12-30,0.49019294527019397
42332432433,672241,2025-01-06,0.49021146724483244
42332432433,672241,2025-01-13,0.49023461229166027
42332432433,672241,2025-01-20,0.4902618184767048
42332432433,672241,2025-01-27,0.49029150779762337
42332432433,672241,2025-02-03,0.49032317243598544
42332432433,672241,2025-02-10,0.4903550008422934
42332432433,672241,2025-02-17,0.49038721645748523
42332432433,672241,2025-02-24,0.4904196892434963
42332432433,672241,2025-03-03,0.4904584711501727
42332432797,672241,2024-11-25,0.5190032078065655
42332432797,672241,2024-12-02,0.5192857303660926
42332432797,672241,2024-12-09,0.5194820250680605
42332432797,672241,2024-12-16,0.519616000434795
42332432797,672241,2024-12-23,0.5196997925560294
42332432797,672241,2024-12-30,0.5197420856424406
42332432797,672241,2025-01-06,0.5197624744656995
42332432797,672241,2025-01-13,0.5197657454124727
42332432797,672241,2025-01-20,0.5197549576186531
42332432797,672241,2025-01-27,0.5197409829279165
42332432797,672241,2025-02-03,0.519728881277814
42332432797,672241,2025-02-10,0.5197273917630815
42332432797,672241,2025-02-17,0.5197365281863512
42332432797,672241,2025-02-24,0.5197549931522706
42332432797,672241,2025-03-03,0.5197938074596143
42332433059,672241,2024-11-25,0.5166030824239315
42332433059,672241,2024-12-02,0.5166730772562076
42332433059,672241,2024-12-09,0.516668246158832
42332433059,672241,2024-12-16,0.5166303633774376
42332433059,672241,2024-12-23,0.5165880178316615
42332433059,672241,2024-12-30,0.5165573227106648
42332433059,672241,2025-01-06,0.5165422660832883
42332433059,672241,2025-01-13,0.5165443126691266
42332433059,672241,2025-01-20,0.516562939011689
42332433059,672241,2025-01-27,0.5165945522159203
42332433059,672241,2025-02-03,0.516635232426003
42332433059,672241,2025-02-10,0.5166791751199578
42332433059,672241,2025-02-17,0.5167191129259917
42332433059,672241,2025-02-24,0.5167515219270606
42332433059,672241,2025-03-03,0.5167732248205322
42332433314,672241,2024-11-25,0.28844245751816955
42332433314,672241,2024-12-02,0.28844583456789036
42332433314,672241,2024-12-09,0.2884482801839499
42332433314,672241,2024-12-16,0.28845036484276454
42332433314,672241,2024-12-23,0.288452110936144
42332433314,672241,2024-12-30,0.2884534930849076
42332433314,672241,2025-01-06,0.2884546432816727
42332433314,672241,2025-01-13,0.288455460242684
42332433314,672241,2025-01-20,0.28845606621790304
42332433314,672241,2025-01-27,0.28845741289014093
42332433314,672241,2025-02-03,0.28845854004818045
42332433314,672241,2025-02-10,0.28845852897929203
42332433314,672241,2025-02-17,0.28845836516138473
42332433314,672241,2025-02-24,0.288458046814264
42332433314,672241,2025-03-03,0.28845764608757424
42332433924,672241,2024-11-25,0.23041190691121635
42332433924,672241,2024-12-02,0.23047871778717025
42332433924,672241,2024-12-09,0.23054227091036672
42332433924,672241,2024-12-16,0.2306025394358898
42332433924,672241,2024-12-23,0.23065997672185284
42332433924,672241,2024-12-30,0.23070634479767455
42332433924,672241,2025-01-06,0.23073951590800368
42332433924,672241,2025-01-13,0.2307712097965638
42332433924,672241,2025-01-20,0.2307991699202864
42332433924,672241,2025-01-27,0.23081527542011457
42332433924,672241,2025-02-03,0.23081959841187122
42332433924,672241,2025-02-10,0.23081235726694893
42332433924,672241,2025-02-17,0.2307940380738273
42332433924,672241,2025-02-24,0.2307646968294464
42332433924,672241,2025-03-03,0.23072459200630352
42834137936,672241,2024-11-25,0.016950258664680362
42834137936,672241,2024-12-02,0.016830269804044673
42834137936,672241,2024-12-09,0.016672292420981227
42834137936,672241,2024-12-16,0.016501460927891065
42834137936,672241,2024-12-23,0.01635249269440353
42834137936,672241,2024-12-30,0.016226585278107608
42834137936,672241,2025-01-06,0.016135481146323905
42834137936,672241,2025-01-13,0.016086339760797097
42834137936,672241,2025-01-20,0.016089131034488058
42834137936,672241,2025-01-27,0.016140261457421423
42834137936,672241,2025-02-03,0.01622854891752623
42834137936,672241,2025-02-10,0.01632797330250846
42834137936,672241,2025-02-17,0.016423373907537897
42834137936,672241,2025-02-24,0.01650814739336237
42834137936,672241,2025-03-03,0.0165879092203004
42931106661,672241,2024-11-25,0.029044402807795466
42931106661,672241,2024-12-02,0.029065958955323667
42931106661,672241,2024-12-09,0.029076079718000608
42931106661,672241,2024-12-16,0.029076199077780664
42931106661,672241,2024-12-23,0.02906768313766618
42931106661,672241,2024-12-30,0.029051848146036806
42931106661,672241,2025-01-06,0.02902992901939368
42931106661,672241,2025-01-13,0.02900309111666908
42931106661,672241,2025-01-20,0.028972425028665903
42931106661,672241,2025-01-27,0.02893893644972579
42931106661,672241,2025-02-03,0.028903555820302913
42931106661,672241,2025-02-10,0.02887093866851933
42931106661,672241,2025-02-17,0.028838077962690462
42931106661,672241,2025-02-24,0.02880188574230609
42931106661,672241,2025-03-03,0.028766766368672744
42931107278,672241,2024-11-25,0.0
42931107278,672241,2024-12-02,0.0
42931107278,672241,2024-12-09,0.0
42931107278,672241,2024-12-16,0.0
42931107278,672241,2024-12-23,0.0
42931107278,672241,2024-12-30,0.0
42931107278,672241,2025-01-06,0.0
42931107278,672241,2025-01-13,0.0
42931107278,672241,2025-01-20,0.0
42931107278,672241,2025-01-27,0.0
42931107278,672241,2025-02-03,0.0
42931107278,672241,2025-02-10,0.0
42931107278,672241,2025-02-17,0.0
42931107278,672241,2025-02-24,0.0
42931107278,672241,2025-03-03,0.0
42931107587,672241,2024-11-25,0.0
42931107587,672241,2024-12-02,0.0
42931107587,672241,2024-12-09,0.0
42931107587,672241,2024-12-16,0.0
42931107587,672241,2024-12-23,0.0
42931107587,672241,2024-12-30,0.0
42931107587,672241,2025-01-06,0.0
42931107587,672241,2025-01-13,0.0
42931107587,672241,2025-01-20,0.0
42931107587,672241,2025-01-27,0.0
42931107587,672241,2025-02-03,0.0
42931107587,672241,2025-02-10,0.0
42931107587,672241,2025-02-17,0.0
42931107587,672241,2025-02-24,0.0
42931107587,672241,2025-03-03,0.0
42931107890,672241,2024-11-25,0.0
42931107890,672241,2024-12-02,0.0
42931107890,672241,2024-12-09,0.0
42931107890,672241,2024-12-16,0.0
42931107890,672241,2024-12-23,0.0
42931107890,672241,2024-12-30,0.0
42931107890,672241,2025-01-06,0.0
42931107890,672241,2025-01-13,0.0
42931107890,672241,2025-01-20,0.0
42931107890,672241,2025-01-27,0.0
42931107890,672241,2025-02-03,0.0
42931107890,672241,2025-02-10,0.0
42931107890,672241,2025-02-17,0.0
42931107890,672241,2025-02-24,0.0
42931107890,672241,2025-03-03,0.0
42931108114,672241,2024-11-25,0.0
42931108114,672241,2024-12-02,0.0
42931108114,672241,2024-12-09,0.0
42931108114,672241,2024-12-16,0.0
42931108114,672241,2024-12-23,0.0
42931108114,672241,2024-12-30,0.0
42931108114,672241,2025-01-06,0.0
42931108114,672241,2025-01-13,0.0
42931108114,672241,2025-01-20,0.0
42931108114,672241,2025-01-27,0.0
42931108114,672241,2025-02-03,0.0
42931108114,672241,2025-02-10,0.0
42931108114,672241,2025-02-17,0.0
42931108114,672241,2025-02-24,0.0
42931108114,672241,2025-03-03,0.0
42931108441,672241,2024-11-25,0.11545661992359925
42931108441,672241,2024-12-02,0.11542555567347437
42931108441,672241,2024-12-09,0.11540073739466955
42931108441,672241,2024-12-16,0.11538000274620115
42931108441,672241,2024-12-23,0.1153629851162059
42931108441,672241,2024-12-30,0.11534939239424122
42931108441,672241,2025-01-06,0.11533889312179985
42931108441,672241,2025-01-13,0.11533130045162245
42931108441,672241,2025-01-20,0.11532636138126015
42931108441,672241,2025-01-27,0.11532389320658826
42931108441,672241,2025-02-03,0.11532374984169357
42931108441,672241,2025-02-10,0.11532491053698264
42931108441,672241,2025-02-17,0.11532770818025077
42931108441,672241,2025-02-24,0.11533249607755348
42931108441,672241,2025-03-03,0.11533831321159019
42931108792,672241,2024-11-25,0.0
42931108792,672241,2024-12-02,0.0
42931108792,672241,2024-12-09,0.0
42931108792,672241,2024-12-16,0.0
42931108792,672241,2024-12-23,0.0
42931108792,672241,2024-12-30,0.0
42931108792,672241,2025-01-06,0.0
42931108792,672241,2025-01-13,0.0
42931108792,672241,2025-01-20,0.0
42931108792,672241,2025-01-27,0.0
42931108792,672241,2025-02-03,0.0
42931108792,672241,2025-02-10,0.0
42931108792,672241,2025-02-17,0.0
42931108792,672241,2025-02-24,0.0
42931108792,672241,2025-03-03,0.0
42997339136,672241,2024-11-25,0.3428856961385305
42997339136,672241,2024-12-02,0.35319745557764526
42997339136,672241,2024-12-09,0.36339311855099404
42997339136,672241,2024-12-16,0.37347111049481796
42997339136,672241,2024-12-23,0.3834296154340609
42997339136,672241,2024-12-30,0.3932653620849641
42997339136,672241,2025-01-06,0.40297772447082386
42997339136,672241,2025-01-13,0.4125662402508011
42997339136,672241,2025-01-20,0.42202660297012135
42997339136,672241,2025-01-27,0.4313588186874522
42997339136,672241,2025-02-03,0.440560571839358
42997339136,672241,2025-02-10,0.44963244414940207
42997339136,672241,2025-02-17,0.4585765077959234
42997339136,672241,2025-02-24,0.4673899654872599
42997339136,672241,2025-03-03,0.4760725832491906
42997343957,672241,2024-11-25,-6.691751167658966e-06
42997343957,672241,2024-12-02,-6.150612297473046e-06
42997343957,672241,2024-12-09,-1.5008262930590877e-05
42997343957,672241,2024-12-16,-2.9954852594077375e-05
42997343957,672241,2024-12-23,-4.466689352180392e-05
42997343957,672241,2024-12-30,-5.075083303672512e-05
42997343957,672241,2025-01-06,-3.693968152380239e-05
42997343957,672241,2025-01-13,-1.3121778032545994e-05
42997343957,672241,2025-01-20,1.4716672772974171e-05
42997343957,672241,2025-01-27,3.957625836158857e-05
42997343957,672241,2025-02-03,6.426940870183501e-05
42997343957,672241,2025-02-10,8.945887194454494e-05
42997343957,672241,2025-02-17,0.00011500345957608099
42997343957,672241,2025-02-24,0.00013202127452571766
42997343957,672241,2025-03-03,0.0001503506122517706
42997346034,672241,2024-11-25,0.226943332908545
42997346034,672241,2024-12-02,0.2269490345299016
42997346034,672241,2024-12-09,0.2269497061372714
42997346034,672241,2024-12-16,0.22694691353548255
42997346034,672241,2024-12-23,0.2269419856642367
42997346034,672241,2024-12-30,0.2269364404408821
42997346034,672241,2025-01-06,0.22693161034007364
42997346034,672241,2025-01-13,0.22692835892949378
42997346034,672241,2025-01-20,0.22692713106588452
42997346034,672241,2025-01-27,0.22692766992703725
42997346034,672241,2025-02-03,0.22693045829889355
42997346034,672241,2025-02-10,0.22693599713901041
42997346034,672241,2025-02-17,0.2269439409074193
42997346034,672241,2025-02-24,0.22695365044658403
42997346034,672241,2025-03-03,0.22696436709234077
42997350212,672241,2024-11-25,0.0865376122868429
42997350212,672241,2024-12-02,0.0865379052258863
42997350212,672241,2024-12-09,0.08653815908862852
42997350212,672241,2024-12-16,0.086538305075388
42997350212,672241,2024-12-23,0.08653835026447745
42997350212,672241,2024-12-30,0.08653843410251501
42997350212,672241,2025-01-06,0.0865385633054971
42997350212,672241,2025-01-13,0.08653867850376129
42997350212,672241,2025-01-20,0.08653877751306094
42997350212,672241,2025-01-27,0.08653885638443592
42997350212,672241,2025-02-03,0.08653892296593811
42997350212,672241,2025-02-10,0.08653897447668243
42997350212,672241,2025-02-17,0.08653900225170467
42997350212,672241,2025-02-24,0.08653901861399438
42997350212,672241,2025-03-03,0.08653902154961407
42997353572,672241,2024-11-25,0.0
42997353572,672241,2024-12-02,0.0
42997353572,672241,2024-12-09,0.0
42997353572,672241,2024-12-16,0.0
42997353572,672241,2024-12-23,0.0
42997353572,672241,2024-12-30,0.0
42997353572,672241,2025-01-06,0.0
42997353572,672241,2025-01-13,0.0
42997353572,672241,2025-01-20,0.0
42997353572,672241,2025-01-27,0.0
42997353572,672241,2025-02-03,0.0
42997353572,672241,2025-02-10,0.0
42997353572,672241,2025-02-17,0.0
42997353572,672241,2025-02-24,0.0
42997353572,672241,2025-03-03,0.0
42997355673,672241,2024-11-25,0.08653754753393986
42997355673,672241,2024-12-02,0.08653734154093325
42997355673,672241,2024-12-09,0.08653714706160687
42997355673,672241,2024-12-16,0.08653697762022837
42997355673,672241,2024-12-23,0.08653682869365452
42997355673,672241,2024-12-30,0.08653669265555627
42997355673,672241,2025-01-06,0.086536584774069
42997355673,672241,2025-01-13,0.08653648365909829
42997355673,672241,2025-01-20,0.08653640020911126
42997355673,672241,2025-01-27,0.08653632900916493
42997355673,672241,2025-02-03,0.08653628412417483
42997355673,672241,2025-02-10,0.08653625567771445
42997355673,672241,2025-02-17,0.08653621589242459
42997355673,672241,2025-02-24,0.08653616558535193
42997355673,672241,2025-03-03,0.08653613579098252
42997357738,672241,2024-11-25,0.047331932152262876
42997357738,672241,2024-12-02,0.05008047189867176
42997357738,672241,2024-12-09,0.05280502819340685
42997357738,672241,2024-12-16,0.05550446619411003
42997357738,672241,2024-12-23,0.05817789927408351
42997357738,672241,2024-12-30,0.060824656386534906
42997357738,672241,2025-01-06,0.06344424459416427
42997357738,672241,2025-01-13,0.06603633189447065
42997357738,672241,2025-01-20,0.06860070917706437
42997357738,672241,2025-01-27,0.07113728283311549
42997357738,672241,2025-02-03,0.07364602250566023
42997357738,672241,2025-02-10,0.07612696750423148
42997357738,672241,2025-02-17,0.07858018967780739
42997357738,672241,2025-02-24,0.08100580064533397
42997357738,672241,2025-03-03,0.08340391363049658
42997360431,672241,2024-11-25,0.9999814248223803
42997360431,672241,2024-12-02,0.9999903568756794
42997360431,672241,2024-12-09,0.9999944679397219
42997360431,672241,2024-12-16,1.0000005418849827
42997360431,672241,2024-12-23,1.0000084966567648
42997360431,672241,2024-12-30,1.0000164672967438
42997360431,672241,2025-01-06,1.0000226953936693
42997360431,672241,2025-01-13,1.0000296125288028
42997360431,672241,2025-01-20,1.000042615387681
42997360431,672241,2025-01-27,1.0000544329053447
42997360431,672241,2025-02-03,1.0000628627211932
42997360431,672241,2025-02-10,1.0000718785077818
42997360431,672241,2025-02-17,1.0000792016217728
42997360431,672241,2025-02-24,1.0000797594729705
42997360431,672241,2025-03-03,1.0000742539367682
42997361992,672241,2024-11-25,0.02885348149252254
42997361992,672241,2024-12-02,0.028852657129621692
42997361992,672241,2024-12-09,0.028851753943901624
42997361992,672241,2024-12-16,0.02885100663914635
42997361992,672241,2024-12-23,0.028850233877793733
42997361992,672241,2024-12-30,0.028849256616092223
42997361992,672241,2025-01-06,0.028848309122664846
42997361992,672241,2025-01-13,0.0288473962048813
42997361992,672241,2025-01-20,0.028846513163408517
42997361992,672241,2025-01-27,0.028845658550676025
42997361992,672241,2025-02-03,0.028844830617512834
42997361992,672241,2025-02-10,0.02884403409509078
42997361992,672241,2025-02-17,0.028843255705542914
42997361992,672241,2025-02-24,0.02884250284911415
42997361992,672241,2025-03-03,0.028841773457701628
42997363795,672241,2024-11-25,0.028817318857997234
42997363795,672241,2024-12-02,0.0288211462744448
42997363795,672241,2024-12-09,0.028824800356248945
42997363795,672241,2024-12-16,0.0288282745006901
42997363795,672241,2024-12-23,0.02883156732360949
42997363795,672241,2024-12-30,0.02883467867081887
42997363795,672241,2025-01-06,0.02883760159392261
42997363795,672241,2025-01-13,0.02884033474539672
42997363795,672241,2025-01-20,0.028842870828039886
42997363795,672241,2025-01-27,0.028845216370433267
42997363795,672241,2025-02-03,0.02884735801685688
42997363795,672241,2025-02-10,0.02884930528222032
42997363795,672241,2025-02-17,0.02885104587850971
42997363795,672241,2025-02-24,0.028852584436538924
42997363795,672241,2025-03-03,0.028853914168487302
42997366151,672241,2024-11-25,0.17559825853272804
42997366151,672241,2024-12-02,0.1753225055684347
42997366151,672241,2024-12-09,0.17506831266010983
42997366151,672241,2024-12-16,0.1748366296230203
42997366151,672241,2024-12-23,0.17462848341186343
42997366151,672241,2024-12-30,0.17443722150075608
42997366151,672241,2025-01-06,0.1742658605151084
42997366151,672241,2025-01-13,0.17411744168737545
42997366151,672241,2025-01-20,0.1739854379831331
42997366151,672241,2025-01-27,0.17387107518120606
42997366151,672241,2025-02-03,0.17377562449718623
42997366151,672241,2025-02-10,0.17370040093139225
42997366151,672241,2025-02-17,0.17363902645324353
42997366151,672241,2025-02-24,0.17359476789990488
42997366151,672241,2025-03-03,0.1735632738758888
42997370010,672241,2024-11-25,0.3461527553310082
42997370010,672241,2024-12-02,0.3461527858784636
42997370010,672241,2024-12-09,0.34615279763205825
42997370010,672241,2024-12-16,0.3461527855564987
42997370010,672241,2024-12-23,0.3461528749721812
42997370010,672241,2024-12-30,0.3461529850961422
42997370010,672241,2025-01-06,0.3461531374030924
42997370010,672241,2025-01-13,0.34615336864701485
42997370010,672241,2025-01-20,0.34615347372429445
42997370010,672241,2025-01-27,0.3461539567250648
42997370010,672241,2025-02-03,0.34615438738842486
42997370010,672241,2025-02-10,0.34615439186148106
42997370010,672241,2025-02-17,0.34615475515237953
42997370010,672241,2025-02-24,0.34615510154347817
42997370010,672241,2025-03-03,0.3461551184535912
42997372184,672241,2024-11-25,0.3054273952674747
42997372184,672241,2024-12-02,0.30540120751967714
42997372184,672241,2024-12-09,0.3053950677401654
42997372184,672241,2024-12-16,0.3054013742257545
42997372184,672241,2024-12-23,0.3054144609027567
42997372184,672241,2024-12-30,0.30542980261035346
42997372184,672241,2025-01-06,0.3054473234381666
42997372184,672241,2025-01-13,0.30546614564940044
42997372184,672241,2025-01-20,0.30548433945650816
42997372184,672241,2025-01-27,0.3055032444052369
42997372184,672241,2025-02-03,0.3055220534689864
42997372184,672241,2025-02-10,0.30554075839500894
42997372184,672241,2025-02-17,0.3055574509621378
42997372184,672241,2025-02-24,0.305571267496165
42997372184,672241,2025-03-03,0.30558381282721164
42997374577,672241,2024-11-25,0.7212698735256436
42997374577,672241,2024-12-02,0.7212058498065721
42997374577,672241,2024-12-09,0.721184306719935
42997374577,672241,2024-12-16,0.7211780683346435
42997374577,672241,2024-12-23,0.7211328616436525
42997374577,672241,2024-12-30,0.7211594553676999
42997374577,672241,2025-01-06,0.7211476038225714
42997374577,672241,2025-01-13,0.7211375418912035
42997374577,672241,2025-01-20,0.7211145796723316
42997374577,672241,2025-01-27,0.7210929309823773
42997374577,672241,2025-02-03,0.721090134348781
42997374577,672241,2025-02-10,0.7210899725007557
42997374577,672241,2025-02-17,0.7210914043831675
42997374577,672241,2025-02-24,0.7210547168934741
42997374577,672241,2025-03-03,0.721101696785373
42997376375,672241,2024-11-25,0.9459980329473928
42997376375,672241,2024-12-02,0.9459966475555074
42997376375,672241,2024-12-09,0.9459908020126542
42997376375,672241,2024-12-16,0.9459827671827202
42997376375,672241,2024-12-23,0.9459740612402008
42997376375,672241,2024-12-30,0.9459649970813002
42997376375,672241,2025-01-06,0.9459574867269107
42997376375,672241,2025-01-13,0.9459524025025681
42997376375,672241,2025-01-20,0.9459524766610539
42997376375,672241,2025-01-27,0.9459535320121599
42997376375,672241,2025-02-03,0.9459582173269294
42997376375,672241,2025-02-10,0.9459679767713463
42997376375,672241,2025-02-17,0.9459802529617809
42997376375,672241,2025-02-24,0.9459937590612111
42997376375,672241,2025-03-03,0.9460071162720008
42997381110,672241,2024-11-25,0.4980743552546128
42997381110,672241,2024-12-02,0.4980717988408992
42997381110,672241,2024-12-09,0.49806968634724735
42997381110,672241,2024-12-16,0.4980199947840402
42997381110,672241,2024-12-23,0.4979696590166173
42997381110,672241,2024-12-30,0.4979207680539113
42997381110,672241,2025-01-06,0.49788625879227993
42997381110,672241,2025-01-13,0.4978750786043771
42997381110,672241,2025-01-20,0.49789757256938283
42997381110,672241,2025-01-27,0.4979603504535507
42997381110,672241,2025-02-03,0.4980524014848354
42997381110,672241,2025-02-10,0.4981508854127279
42997381110,672241,2025-02-17,0.4982366001417082
42997381110,672241,2025-02-24,0.4983063256076021
42997381110,672241,2025-03-03,0.4983682171647803
42997385022,672241,2024-11-25,0.0016583337818117383
42997385022,672241,2024-12-02,0.0017411299072302988
42997385022,672241,2024-12-09,0.0018539163660602487
42997385022,672241,2024-12-16,0.001992047897368565
42997385022,672241,2024-12-23,0.002137379389955396
42997385022,672241,2024-12-30,0.0022769571458485793
42997385022,672241,2025-01-06,0.0024060059633902453
42997385022,672241,2025-01-13,0.0025100891842226303
42997385022,672241,2025-01-20,0.0025713665536553076
42997385022,672241,2025-01-27,0.0025889123172668227
42997385022,672241,2025-02-03,0.002561384187722393
42997385022,672241,2025-02-10,0.0024986011410719766
42997385022,672241,2025-02-17,0.002419219387345295
42997385022,672241,2025-02-24,0.002324598476119044
42997385022,672241,2025-03-03,0.002220824067708793
42997389826,672241,2024-11-25,4.241719748873558
42997389826,672241,2024-12-02,4.241745282357977
42997389826,672241,2024-12-09,4.241694895602584
42997389826,672241,2024-12-16,4.241609784775031
42997389826,672241,2024-12-23,4.241549052398085
42997389826,672241,2024-12-30,4.241540092700029
42997389826,672241,2025-01-06,4.2415735535866315
42997389826,672241,2025-01-13,4.241620827595972
42997389826,672241,2025-01-20,4.241656406542276
42997389826,672241,2025-01-27,4.241670438949978
42997389826,672241,2025-02-03,4.241666413146606
42997389826,672241,2025-02-10,4.241657375371116
42997389826,672241,2025-02-17,4.241653370261351
42997389826,672241,2025-02-24,4.241660920198932
42997389826,672241,2025-03-03,4.241679829054921
42997394698,672241,2024-11-25,0.474583008634775
42997394698,672241,2024-12-02,0.47463423103717495
42997394698,672241,2024-12-09,0.4746427972157362
42997394698,672241,2024-12-16,0.47465422486423847
42997394698,672241,2024-12-23,0.4746708487156046
42997394698,672241,2024-12-30,0.47469023678215416
42997394698,672241,2025-01-06,0.4747134194927498
42997394698,672241,2025-01-13,0.4747470355878103
42997394698,672241,2025-01-20,0.47479452563727176
42997394698,672241,2025-01-27,0.4748513900859588
42997394698,672241,2025-02-03,0.4749147305445728
42997394698,672241,2025-02-10,0.47497325020433667
42997394698,672241,2025-02-17,0.47501144254261574
42997394698,672241,2025-02-24,0.4750269835378249
42997394698,672241,2025-03-03,0.47501273595035076
42997397695,672241,2024-11-25,1.9303122343380443
42997397695,672241,2024-12-02,1.9303481321310987
42997397695,672241,2024-12-09,1.9303557194383894
42997397695,672241,2024-12-16,1.93035938430029
42997397695,672241,2024-12-23,1.9303740888099021
42997397695,672241,2024-12-30,1.9303878533225314
42997397695,672241,2025-01-06,1.9303947310691707
42997397695,672241,2025-01-13,1.9303934828701084
42997397695,672241,2025-01-20,1.9303820320616034
42997397695,672241,2025-01-27,1.9303634223728308
42997397695,672241,2025-02-03,1.9303349846418523
42997397695,672241,2025-02-10,1.93030303015259
42997397695,672241,2025-02-17,1.9302748517152284
42997397695,672241,2025-02-24,1.9302377764600251
42997397695,672241,2025-03-03,1.9301829664176269
42997399776,672241,2024-11-25,1.6204457608744551
42997399776,672241,2024-12-02,1.6204946970045366
42997399776,672241,2024-12-09,1.620578186788356
42997399776,672241,2024-12-16,1.6206922109545363
42997399776,672241,2024-12-23,1.6208290314777716
42997399776,672241,2024-12-30,1.6209721772150125
42997399776,672241,2025-01-06,1.6211068328884066
42997399776,672241,2025-01-13,1.6212291474468188
42997399776,672241,2025-01-20,1.621327128719669
42997399776,672241,2025-01-27,1.6213996851726327
42997399776,672241,2025-02-03,1.6214421570605253
42997399776,672241,2025-02-10,1.6214507838879135
42997399776,672241,2025-02-17,1.6214300376137034
42997399776,672241,2025-02-24,1.6213812162139285
42997399776,672241,2025-03-03,1.621306944864679
42997403955,672241,2024-11-25,0.44912600341143116
42997403955,672241,2024-12-02,0.44913396203298217
42997403955,672241,2024-12-09,0.44912480913603847
42997403955,672241,2024-12-16,0.4491164549515293
42997403955,672241,2024-12-23,0.449111423614593
42997403955,672241,2024-12-30,0.44910632147972057
42997403955,672241,2025-01-06,0.4490948028480928
42997403955,672241,2025-01-13,0.44907498366423
42997403955,672241,2025-01-20,0.44904798510286453
42997403955,672241,2025-01-27,0.44901643990973356
42997403955,672241,2025-02-03,0.448982903093328
42997403955,672241,2025-02-10,0.4489464233154812
42997403955,672241,2025-02-17,0.4489150092430532
42997403955,672241,2025-02-24,0.4488907086494277
42997403955,672241,2025-03-03,0.4488633284356976
42997420495,672241,2024-11-25,2.7994705350462765
42997420495,672241,2024-12-02,2.799391913763647
42997420495,672241,2024-12-09,2.7994608609765548
42997420495,672241,2024-12-16,2.7995971027665947
42997420495,672241,2024-12-23,2.7997074832456885
42997420495,672241,2024-12-30,2.799812653257
42997420495,672241,2025-01-06,2.7999479363724857
42997420495,672241,2025-01-13,2.8001494048414535
42997420495,672241,2025-01-20,2.8004135782447888
42997420495,672241,2025-01-27,2.800722955976152
42997420495,672241,2025-02-03,2.801031500029364
42997420495,672241,2025-02-10,2.8012885459425645
42997420495,672241,2025-02-17,2.801477336659609
42997420495,672241,2025-02-24,2.8015957104178346
42997420495,672241,2025-03-03,2.8016768185917282
42997421911,672241,2024-11-25,5.391814415564405
42997421911,672241,2024-12-02,5.391903420917393
42997421911,672241,2024-12-09,5.391973731597888
42997421911,672241,2024-12-16,5.391978117013457
42997421911,672241,2024-12-23,5.391959984018107
42997421911,672241,2024-12-30,5.391950178605577
42997421911,672241,2025-01-06,5.391959616320562
42997421911,672241,2025-01-13,5.391982931928081
42997421911,672241,2025-01-20,5.392000832845181
42997421911,672241,2025-01-27,5.391999924177589
42997421911,672241,2025-02-03,5.391945269720583
42997421911,672241,2025-02-10,5.391833725449943
42997421911,672241,2025-02-17,5.3916662554076815
42997421911,672241,2025-02-24,5.391472700886155
42997421911,672241,2025-03-03,5.391335811602314
42997424093,672241,2024-11-25,1.0312154990670699
42997424093,672241,2024-12-02,1.0310592101510756
42997424093,672241,2024-12-09,1.030991569735169
42997424093,672241,2024-12-16,1.030983296734515
42997424093,672241,2024-12-23,1.0310038914391908
42997424093,672241,2024-12-30,1.0310398502664666
42997424093,672241,2025-01-06,1.0310809146067466
42997424093,672241,2025-01-13,1.0311270761001994
42997424093,672241,2025-01-20,1.031170712219256
42997424093,672241,2025-01-27,1.0312138159644233
42997424093,672241,2025-02-03,1.0312560511771869
42997424093,672241,2025-02-10,1.0312838285285992
42997424093,672241,2025-02-17,1.0313017427297109
42997424093,672241,2025-02-24,1.0313112944974905
42997424093,672241,2025-03-03,1.0313145662216536
42997426167,672241,2024-11-25,5.595767553341223
42997426167,672241,2024-12-02,5.595740238157368
42997426167,672241,2024-12-09,5.595791703544795
42997426167,672241,2024-12-16,5.595836572544125
42997426167,672241,2024-12-23,5.595905773326786
42997426167,672241,2024-12-30,5.596001958112841
42997426167,672241,2025-01-06,5.5961180612985135
42997426167,672241,2025-01-13,5.59623495987236
42997426167,672241,2025-01-20,5.596336495156008
42997426167,672241,2025-01-27,5.596426382331567
42997426167,672241,2025-02-03,5.596517581701604
42997426167,672241,2025-02-10,5.596624901278014
42997426167,672241,2025-02-17,5.596767889371482
42997426167,672241,2025-02-24,5.596935569524875
42997426167,672241,2025-03-03,5.597117655146942
42997428553,672241,2024-11-25,4.6266904993533675
42997428553,672241,2024-12-02,4.626638989717257
42997428553,672241,2024-12-09,4.626564015433962
42997428553,672241,2024-12-16,4.626483990591189
42997428553,672241,2024-12-23,4.62641422508273
42997428553,672241,2024-12-30,4.626356528130329
42997428553,672241,2025-01-06,4.626301672387516
42997428553,672241,2025-01-13,4.626240416210281
42997428553,672241,2025-01-20,4.6261733364907025
42997428553,672241,2025-01-27,4.626107243197399
42997428553,672241,2025-02-03,4.626037150213401
42997428553,672241,2025-02-10,4.62596255464582
42997428553,672241,2025-02-17,4.625890343742736
42997428553,672241,2025-02-24,4.625820523860602
42997428553,672241,2025-03-03,4.625762459086962
42997430687,672241,2024-11-25,6.000606375499605
42997430687,672241,2024-12-02,6.0010857977143885
42997430687,672241,2024-12-09,6.001334422055706
42997430687,672241,2024-12-16,6.0014257535191415
42997430687,672241,2024-12-23,6.0013692241541365
42997430687,672241,2024-12-30,6.001152263543525
42997430687,672241,2025-01-06,6.000962351453009
42997430687,672241,2025-01-13,6.000791731294685
42997430687,672241,2025-01-20,6.000784586757638
42997430687,672241,2025-01-27,6.000770010257638
42997430687,672241,2025-02-03,6.000761298283971
42997430687,672241,2025-02-10,6.000582893372682
42997430687,672241,2025-02-17,6.000388167737448
42997430687,672241,2025-02-24,6.000225512359985
42997430687,672241,2025-03-03,6.000063541819335
43159436683,672241,2024-11-25,0.09550967581432657
43159436683,672241,2024-12-02,0.09619309846505775
43159436683,672241,2024-12-09,0.09683580599084288
43159436683,672241,2024-12-16,0.0974363041428637
43159436683,672241,2024-12-23,0.09789531406249583
43159436683,672241,2024-12-30,0.09832482502734315
43159436683,672241,2025-01-06,0.09883671678702464
43159436683,672241,2025-01-13,0.09933163136874337
43159436683,672241,2025-01-20,0.09980779959652526
43159436683,672241,2025-01-27,0.1002634534531613
43159436683,672241,2025-02-03,0.10069677601596858
43159436683,672241,2025-02-10,0.10100826154264174
43159436683,672241,2025-02-17,0.10130962383200144
43159436683,672241,2025-02-24,0.1017125584553871
43159436683,672241,2025-03-03,0.10201984309660428
43159436938,672241,2024-11-25,0.0
43159436938,672241,2024-12-02,0.0
43159436938,672241,2024-12-09,0.0
43159436938,672241,2024-12-16,0.0
43159436938,672241,2024-12-23,0.0
43159436938,672241,2024-12-30,0.0
43159436938,672241,2025-01-06,0.0
43159436938,672241,2025-01-13,0.0
43159436938,672241,2025-01-20,0.0
43159436938,672241,2025-01-27,0.0
43159436938,672241,2025-02-03,0.0
43159436938,672241,2025-02-10,0.0
43159436938,672241,2025-02-17,0.0
43159436938,672241,2025-02-24,0.0
43159436938,672241,2025-03-03,0.0
43292170418,672241,2024-11-25,0.05708295267020427
43292170418,672241,2024-12-02,0.05708914547877618
43292170418,672241,2024-12-09,0.05709676979388846
43292170418,672241,2024-12-16,0.057105883858487444
43292170418,672241,2024-12-23,0.05711653968600426
43292170418,672241,2024-12-30,0.057128798595970504
43292170418,672241,2025-01-06,0.05714271887409077
43292170418,672241,2025-01-13,0.05715837363970751
43292170418,672241,2025-01-20,0.057175826848945746
43292170418,672241,2025-01-27,0.05719514753356416
43292170418,672241,2025-02-03,0.057212555790790445
43292170418,672241,2025-02-10,0.05723105351054669
43292170418,672241,2025-02-17,0.057249791285520296
43292170418,672241,2025-02-24,0.05726791408464712
43292170418,672241,2025-03-03,0.05728843588696084
43292170792,672241,2024-11-25,0.057789473158725464
43292170792,672241,2024-12-02,0.0577701644447878
43292170792,672241,2024-12-09,0.05775087111335867
43292170792,672241,2024-12-16,0.05773200809392867
43292170792,672241,2024-12-23,0.05771395721825559
43292170792,672241,2024-12-30,0.057697089955628916
43292170792,672241,2025-01-06,0.057681721407990674
43292170792,672241,2025-01-13,0.05766813588513229
43292170792,672241,2025-01-20,0.05765654223596633
43292170792,672241,2025-01-27,0.05764710932903063
43292170792,672241,2025-02-03,0.05763993530813948
43292170792,672241,2025-02-10,0.057635065175802434
43292170792,672241,2025-02-17,0.05763247963169864
43292170792,672241,2025-02-24,0.05763212375343989
43292170792,672241,2025-03-03,0.05763389829090912
43292171330,672241,2024-11-25,0.0
43292171330,672241,2024-12-02,0.0
43292171330,672241,2024-12-09,0.0
43292171330,672241,2024-12-16,0.0
43292171330,672241,2024-12-23,0.0
43292171330,672241,2024-12-30,0.0
43292171330,672241,2025-01-06,0.0
43292171330,672241,2025-01-13,0.0
43292171330,672241,2025-01-20,0.0
43292171330,672241,2025-01-27,0.0
43292171330,672241,2025-02-03,0.0
43292171330,672241,2025-02-10,0.0
43292171330,672241,2025-02-17,0.0
43292171330,672241,2025-02-24,0.0
43292171330,672241,2025-03-03,0.0
43292171668,672241,2024-11-25,0.0
43292171668,672241,2024-12-02,0.0
43292171668,672241,2024-12-09,0.0
43292171668,672241,2024-12-16,0.0
43292171668,672241,2024-12-23,0.0
43292171668,672241,2024-12-30,0.0
43292171668,672241,2025-01-06,0.0
43292171668,672241,2025-01-13,0.0
43292171668,672241,2025-01-20,0.0
43292171668,672241,2025-01-27,0.0
43292171668,672241,2025-02-03,0.0
43292171668,672241,2025-02-10,0.0
43292171668,672241,2025-02-17,0.0
43292171668,672241,2025-02-24,0.0
43292171668,672241,2025-03-03,0.0
43464179063,672241,2024-11-25,0.0
43464179063,672241,2024-12-02,0.0
43464179063,672241,2024-12-09,0.0
43464179063,672241,2024-12-16,0.0
43464179063,672241,2024-12-23,0.0
43464179063,672241,2024-12-30,0.0
43464179063,672241,2025-01-06,0.0
43464179063,672241,2025-01-13,0.0
43464179063,672241,2025-01-20,0.0
43464179063,672241,2025-01-27,0.0
43464179063,672241,2025-02-03,0.0
43464179063,672241,2025-02-10,0.0
43464179063,672241,2025-02-17,0.0
43464179063,672241,2025-02-24,0.0
43464179063,672241,2025-03-03,0.0
43583432373,672241,2024-11-25,0.0
43583432373,672241,2024-12-02,0.0
43583432373,672241,2024-12-09,0.0
43583432373,672241,2024-12-16,0.0
43583432373,672241,2024-12-23,0.0
43583432373,672241,2024-12-30,0.0
43583432373,672241,2025-01-06,0.0
43583432373,672241,2025-01-13,0.0
43583432373,672241,2025-01-20,0.0
43583432373,672241,2025-01-27,0.0
43583432373,672241,2025-02-03,0.0
43583432373,672241,2025-02-10,0.0
43583432373,672241,2025-02-17,0.0
43583432373,672241,2025-02-24,0.0
43583432373,672241,2025-03-03,0.0
43675356591,672241,2024-11-25,0.057817380795552334
43675356591,672241,2024-12-02,0.05778573632138014
43675356591,672241,2024-12-09,0.05775604852544609
43675356591,672241,2024-12-16,0.05772824882834002
43675356591,672241,2024-12-23,0.05770219910570738
43675356591,672241,2024-12-30,0.05767967071097777
43675356591,672241,2025-01-06,0.057658931808963386
43675356591,672241,2025-01-13,0.05763843823001828
43675356591,672241,2025-01-20,0.05761977692331054
43675356591,672241,2025-01-27,0.05760294933511147
43675356591,672241,2025-02-03,0.057587798369236276
43675356591,672241,2025-02-10,0.05757422795043143
43675356591,672241,2025-02-17,0.057562154233115004
43675356591,672241,2025-02-24,0.05755145016169398
43675356591,672241,2025-03-03,0.057543874112686785
43675357153,672241,2024-11-25,0.057523389651301306
43675357153,672241,2024-12-02,0.05758298037282102
43675357153,672241,2024-12-09,0.05763156334112185
43675357153,672241,2024-12-16,0.05767079750310624
43675357153,672241,2024-12-23,0.05770209750717665
43675357153,672241,2024-12-30,0.057726741602274874
43675357153,672241,2025-01-06,0.057745824595683184
43675357153,672241,2025-01-13,0.0577603553047827
43675357153,672241,2025-01-20,0.05777127082943456
43675357153,672241,2025-01-27,0.057779449701940856
43675357153,672241,2025-02-03,0.05778576694700187
43675357153,672241,2025-02-10,0.05779110318815304
43675357153,672241,2025-02-17,0.05779637143193586
43675357153,672241,2025-02-24,0.05780256175106984
43675357153,672241,2025-03-03,0.05781076253749199
43675357438,672241,2024-11-25,0.0
43675357438,672241,2024-12-02,0.0
43675357438,672241,2024-12-09,0.0
43675357438,672241,2024-12-16,0.0
43675357438,672241,2024-12-23,0.0
43675357438,672241,2024-12-30,0.0
43675357438,672241,2025-01-06,0.0
43675357438,672241,2025-01-13,0.0
43675357438,672241,2025-01-20,0.0
43675357438,672241,2025-01-27,0.0
43675357438,672241,2025-02-03,0.0
43675357438,672241,2025-02-10,0.0
43675357438,672241,2025-02-17,0.0
43675357438,672241,2025-02-24,0.0
43675357438,672241,2025-03-03,0.0
43675357762,672241,2024-11-25,10.99984152139485
43675357762,672241,2024-12-02,10.999736785164956
43675357762,672241,2024-12-09,10.999623653995968
43675357762,672241,2024-12-16,10.99960594819797
43675357762,672241,2024-12-23,10.999548139534134
43675357762,672241,2024-12-30,10.999474161272042
43675357762,672241,2025-01-06,10.999352140108181
43675357762,672241,2025-01-13,10.999212785666113
43675357762,672241,2025-01-20,10.999137894317272
43675357762,672241,2025-01-27,10.999072253262586
43675357762,672241,2025-02-03,10.999136303130467
43675357762,672241,2025-02-10,10.99916297769609
43675357762,672241,2025-02-17,10.999228787250097
43675357762,672241,2025-02-24,10.999242155298258
43675357762,672241,2025-03-03,10.999245118038608
43675358311,672241,2024-11-25,0.159297154290107
43675358311,672241,2024-12-02,0.16705199786116515
43675358311,672241,2024-12-09,0.17472512338117424
43675358311,672241,2024-12-16,0.18231575188352683
43675358311,672241,2024-12-23,0.18982307709874344
43675358311,672241,2024-12-30,0.19724657478947208
43675358311,672241,2025-01-06,0.204585712787195
43675358311,672241,2025-01-13,0.2118400595262678
43675358311,672241,2025-01-20,0.21900927273693854
43675358311,672241,2025-01-27,0.22609307335186185
43675358311,672241,2025-02-03,0.2330912825823878
43675358311,672241,2025-02-10,0.24000366273589052
43675358311,672241,2025-02-17,0.2468300978637681
43675358311,672241,2025-02-24,0.2535705372921322
43675358311,672241,2025-03-03,0.26022481207347736
43675358612,672241,2024-11-25,1.2515586106586551
43675358612,672241,2024-12-02,1.2975897681088409
43675358612,672241,2024-12-09,1.3432520065393276
43675358612,672241,2024-12-16,1.388545355040186
43675358612,672241,2024-12-23,1.433470382231584
43675358612,672241,2024-12-30,1.478027689413882
43675358612,672241,2025-01-06,1.5222183042420456
43675358612,672241,2025-01-13,1.5660428526799774
43675358612,672241,2025-01-20,1.609502267210588
43675358612,672241,2025-01-27,1.6525972176973431
43675358612,672241,2025-02-03,1.6953284502201413
43675358612,672241,2025-02-10,1.7376962890583274
43675358612,672241,2025-02-17,1.7797010359424836
43675358612,672241,2025-02-24,1.8213427651915646
43675358612,672241,2025-03-03,1.862618747912009
43675358930,672241,2024-11-25,0.0398187245000733
43675358930,672241,2024-12-02,0.041763209132748745
43675358930,672241,2024-12-09,0.0436864532479372
43675358930,672241,2024-12-16,0.045588159552716896
43675358930,672241,2024-12-23,0.04746810587560308
43675358930,672241,2024-12-30,0.049326145652369945
43675358930,672241,2025-01-06,0.05116220307925134
43675358930,672241,2025-01-13,0.05297623963686176
43675358930,672241,2025-01-20,0.054768266293154046
43675358930,672241,2025-01-27,0.05653831035162151
43675358930,672241,2025-02-03,0.05828643295852086
43675358930,672241,2025-02-10,0.06001269204464006
43675358930,672241,2025-02-17,0.06171716990049069
43675358930,672241,2025-02-24,0.06339994200454499
43675358930,672241,2025-03-03,0.06506109306724385
43675359537,672241,2024-11-25,2.5582371517848355
43675359537,672241,2024-12-02,2.682757521426723
43675359537,672241,2024-12-09,2.8062242699053255
43675359537,672241,2024-12-16,2.928635780683483
43675359537,672241,2024-12-23,3.0499903653745615
43675359537,672241,2024-12-30,3.170287484054773
43675359537,672241,2025-01-06,3.2895259689071237
43675359537,672241,2025-01-13,3.407705660106449
43675359537,672241,2025-01-20,3.5248261299109958
43675359537,672241,2025-01-27,3.640887603893299
43675359537,672241,2025-02-03,3.7558902128325182
43675359537,672241,2025-02-10,3.8698339837578812
43675359537,672241,2025-02-17,3.982716754240913
43675359537,672241,2025-02-24,4.094540111184469
43675359537,672241,2025-03-03,4.2053084287391025
43904595253,672241,2024-11-25,0.09341246823730093
43904595253,672241,2024-12-02,0.09343371879168871
43904595253,672241,2024-12-09,0.09345666163841082
43904595253,672241,2024-12-16,0.09349203124743083
43904595253,672241,2024-12-23,0.09353726901669923
43904595253,672241,2024-12-30,0.09359052527296036
43904595253,672241,2025-01-06,0.09364976600698816
43904595253,672241,2025-01-13,0.09371182075180434
43904595253,672241,2025-01-20,0.09377342490139906
43904595253,672241,2025-01-27,0.09383530509294308
43904595253,672241,2025-02-03,0.09388809599535258
43904595253,672241,2025-02-10,0.09394135671197046
43904595253,672241,2025-02-17,0.09399272893334909
43904595253,672241,2025-02-24,0.09403486061780064
43904595253,672241,2025-03-03,0.09408602349440826
43904694832,672241,2024-11-25,0.00034372889367095816
43904694832,672241,2024-12-02,0.0006856972786849491
43904694832,672241,2024-12-09,0.0010113639717218015
43904694832,672241,2024-12-16,0.001286998299739106
43904694832,672241,2024-12-23,0.0015082891001700904
43904694832,672241,2024-12-30,0.0016241356980587485
43904694832,672241,2025-01-06,0.0016187252770373806
43904694832,672241,2025-01-13,0.0015597701492743865
43904694832,672241,2025-01-20,0.0015022517590657092
43904694832,672241,2025-01-27,0.001495156165317979
43904694832,672241,2025-02-03,0.0015223501883702695
43904694832,672241,2025-02-10,0.001515990555323754
43904694832,672241,2025-02-17,0.0013867211309748773
43904694832,672241,2025-02-24,0.0011535294349716563
43904694832,672241,2025-03-03,0.000788121430788713
43913912032,672241,2024-11-25,4.361346901645552e-05
43913912032,672241,2024-12-02,4.541434035822134e-05
43913912032,672241,2024-12-09,7.298240465125616e-05
43913912032,672241,2024-12-16,0.00010714325312626699
43913912032,672241,2024-12-23,0.00011962271604787356
43913912032,672241,2024-12-30,0.00010738773035925964
43913912032,672241,2025-01-06,9.582513812464444e-05
43913912032,672241,2025-01-13,0.00010133019786205677
43913912032,672241,2025-01-20,0.00011754800081062444
43913912032,672241,2025-01-27,0.0001293427416949322
43913912032,672241,2025-02-03,0.000123541233390069
43913912032,672241,2025-02-10,0.00010443291791793069
43913912032,672241,2025-02-17,8.702090022192494e-05
43913912032,672241,2025-02-24,7.710987580859113e-05
43913912032,672241,2025-03-03,7.420670335674812e-05
43965614940,672241,2024-11-25,0.028817318857997234
43965614940,672241,2024-12-02,0.0288211462744448
43965614940,672241,2024-12-09,0.028824800356248945
43965614940,672241,2024-12-16,0.0288282745006901
43965614940,672241,2024-12-23,0.02883156732360949
43965614940,672241,2024-12-30,0.02883467867081887
43965614940,672241,2025-01-06,0.02883760159392261
43965614940,672241,2025-01-13,0.02884033474539672
43965614940,672241,2025-01-20,0.028842870828039886
43965614940,672241,2025-01-27,0.028845216370433267
43965614940,672241,2025-02-03,0.02884735801685688
43965614940,672241,2025-02-10,0.02884930528222032
43965614940,672241,2025-02-17,0.02885104587850971
43965614940,672241,2025-02-24,0.028852584436538924
43965614940,672241,2025-03-03,0.028853914168487302
43987972199,672241,2024-11-25,0.06130103779052626
43987972199,672241,2024-12-02,0.061173458941722214
43987972199,672241,2024-12-09,0.061245111040408695
43987972199,672241,2024-12-16,0.061271677052078866
43987972199,672241,2024-12-23,0.06124539158031356
43987972199,672241,2024-12-30,0.061238035610660824
43987972199,672241,2025-01-06,0.061243838628241454
43987972199,672241,2025-01-13,0.061252190325176925
43987972199,672241,2025-01-20,0.06125254091886878
43987972199,672241,2025-01-27,0.06124844062978363
43987972199,672241,2025-02-03,0.0612314038930703
43987972199,672241,2025-02-10,0.06123837996718057
43987972199,672241,2025-02-17,0.0612515376605961
43987972199,672241,2025-02-24,0.06125101192355836
43987972199,672241,2025-03-03,0.06128002496107626
43990125856,672241,2024-11-25,-2.541563640323652e-05
43990125856,672241,2024-12-02,-4.408893989116258e-06
43990125856,672241,2024-12-09,1.4560167396759915e-05
43990125856,672241,2024-12-16,3.430123513811778e-05
43990125856,672241,2024-12-23,5.530371541612178e-05
43990125856,672241,2024-12-30,7.427084293856745e-05
43990125856,672241,2025-01-06,8.655951112990223e-05
43990125856,672241,2025-01-13,8.819132060755575e-05
43990125856,672241,2025-01-20,8.202936223949964e-05
43990125856,672241,2025-01-27,7.526309026337219e-05
43990125856,672241,2025-02-03,7.304424230927808e-05
43990125856,672241,2025-02-10,8.033667420115354e-05
43990125856,672241,2025-02-17,9.843180893293058e-05
43990125856,672241,2025-02-24,0.00012374459141514804
43990125856,672241,2025-03-03,0.0001503694865788996
43992266349,672241,2024-11-25,0.8926122680076355
43992266349,672241,2024-12-02,0.8926371469297252
43992266349,672241,2024-12-09,0.8925432433792846
43992266349,672241,2024-12-16,0.8924544713858823
43992266349,672241,2024-12-23,0.8923935263652903
43992266349,672241,2024-12-30,0.8923465442176052
43992266349,672241,2025-01-06,0.8922948363076991
43992266349,672241,2025-01-13,0.8922255832951674
43992266349,672241,2025-01-20,0.8921359080547939
43992266349,672241,2025-01-27,0.8920304703271774
43992266349,672241,2025-02-03,0.8919073469142176
43992266349,672241,2025-02-10,0.8917747337755386
43992266349,672241,2025-02-17,0.8916573143893777
43992266349,672241,2025-02-24,0.8915536027036263
43992266349,672241,2025-03-03,0.8914621197733195
44126860168,672241,2024-11-25,0.9998080201971011
44126860168,672241,2024-12-02,0.9997500183196479
44126860168,672241,2024-12-09,0.9996993857415748
44126860168,672241,2024-12-16,0.9996553434490485
44126860168,672241,2024-12-23,0.9996216139231909
44126860168,672241,2024-12-30,0.9995856676392879
44126860168,672241,2025-01-06,0.999556055051288
44126860168,672241,2025-01-13,0.9995333223257079
44126860168,672241,2025-01-20,0.9995281887776203
44126860168,672241,2025-01-27,0.9995398634725632
44126860168,672241,2025-02-03,0.9995534810666875
44126860168,672241,2025-02-10,0.9995594310318321
44126860168,672241,2025-02-17,0.9995532127788539
44126860168,672241,2025-02-24,0.999532256929344
44126860168,672241,2025-03-03,0.9995076786264535
44183603616,672241,2024-11-25,0.25733622748787816
44183603616,672241,2024-12-02,0.27044242517260353
44183603616,672241,2024-12-09,0.2834443171488795
44183603616,672241,2024-12-16,0.29634183174823253
44183603616,672241,2024-12-23,0.30913487545723783
44183603616,672241,2024-12-30,0.3218233728247193
44183603616,672241,2025-01-06,0.3344072565061848
44183603616,672241,2025-01-13,0.34688641734803566
44183603616,672241,2025-01-20,0.35926083845308476
44183603616,672241,2025-01-27,0.37153044827275306
44183603616,672241,2025-02-03,0.3836952327304064
44183603616,672241,2025-02-10,0.3957551850604106
44183603616,672241,2025-02-17,0.4077103098010712
44183603616,672241,2025-02-24,0.4195606553412892
44183603616,672241,2025-03-03,0.43130624213905355
44255064283,672241,2024-11-25,0.028841457692240367
44255064283,672241,2024-12-02,0.028837646686319662
44255064283,672241,2024-12-09,0.02883601717239156
44255064283,672241,2024-12-16,0.028836115878463478
44255064283,672241,2024-12-23,0.028837524175862394
44255064283,672241,2024-12-30,0.028839859953963754
44255064283,672241,2025-01-06,0.028842786261423205
44255064283,672241,2025-01-13,0.028846009514837772
44255064283,672241,2025-01-20,0.028849275987199396
44255064283,672241,2025-01-27,0.02885237544046363
44255064283,672241,2025-02-03,0.028855139602399132
44255064283,672241,2025-02-10,0.028857438561347242
44255064283,672241,2025-02-17,0.028859173352160258
44255064283,672241,2025-02-24,0.028860286750882737
44255064283,672241,2025-03-03,0.028860740396040876
44255064557,672241,2024-11-25,0.05685971321195715
44255064557,672241,2024-12-02,0.056946629129332474
44255064557,672241,2024-12-09,0.05700924665289823
44255064557,672241,2024-12-16,0.05705048165993509
44255064557,672241,2024-12-23,0.05707319874890681
44255064557,672241,2024-12-30,0.057080160610672274
44255064557,672241,2025-01-06,0.057074061692819734
44255064557,672241,2025-01-13,0.05705745967704679
44255064557,672241,2025-01-20,0.05703283999454552
44255064557,672241,2025-01-27,0.05700253606766918
44255064557,672241,2025-02-03,0.05696872923545166
44255064557,672241,2025-02-10,0.05693398712188029
44255064557,672241,2025-02-17,0.05689703590518391
44255064557,672241,2025-02-24,0.056856505161440765
44255064557,672241,2025-03-03,0.0568144381212514
44255064844,672241,2024-11-25,1.0001323595084954
44255064844,672241,2024-12-02,1.0001424558901542
44255064844,672241,2024-12-09,1.0001164417139812
44255064844,672241,2024-12-16,1.0000061236479685
44255064844,672241,2024-12-23,0.9999091795078894
44255064844,672241,2024-12-30,0.9997800167560472
44255064844,672241,2025-01-06,0.999683950239446
44255064844,672241,2025-01-13,0.9995463550045957
44255064844,672241,2025-01-20,0.9994210317575051
44255064844,672241,2025-01-27,0.9992562622275245
44255064844,672241,2025-02-03,0.9992008767126639
44255064844,672241,2025-02-10,0.999201549820354
44255064844,672241,2025-02-17,0.9993167687113772
44255064844,672241,2025-02-24,0.9994479565276725
44255064844,672241,2025-03-03,0.9995887102311181
44255065129,672241,2024-11-25,0.0
44255065129,672241,2024-12-02,0.0
44255065129,672241,2024-12-09,0.0
44255065129,672241,2024-12-16,0.0
44255065129,672241,2024-12-23,0.0
44255065129,672241,2024-12-30,0.0
44255065129,672241,2025-01-06,0.0
44255065129,672241,2025-01-13,0.0
44255065129,672241,2025-01-20,0.0
44255065129,672241,2025-01-27,0.0
44255065129,672241,2025-02-03,0.0
44255065129,672241,2025-02-10,0.0
44255065129,672241,2025-02-17,0.0
44255065129,672241,2025-02-24,0.0
44255065129,672241,2025-03-03,0.0
44255065493,672241,2024-11-25,0.1698759593356169
44255065493,672241,2024-12-02,0.16982200516061474
44255065493,672241,2024-12-09,0.16979361077182573
44255065493,672241,2024-12-16,0.16978100671217422
44255065493,672241,2024-12-23,0.16977654927723398
44255065493,672241,2024-12-30,0.1697750721423611
44255065493,672241,2025-01-06,0.16977285534411074
44255065493,672241,2025-01-13,0.1697681967946167
44255065493,672241,2025-01-20,0.16976008616327723
44255065493,672241,2025-01-27,0.1697496083562839
44255065493,672241,2025-02-03,0.1697359828328862
44255065493,672241,2025-02-10,0.16971864710113765
44255065493,672241,2025-02-17,0.1697006672000279
44255065493,672241,2025-02-24,0.169683549489555
44255065493,672241,2025-03-03,0.16966856523260065
44255065774,672241,2024-11-25,0.0
44255065774,672241,2024-12-02,0.0
44255065774,672241,2024-12-09,0.0
44255065774,672241,2024-12-16,0.0
44255065774,672241,2024-12-23,0.0
44255065774,672241,2024-12-30,0.0
44255065774,672241,2025-01-06,0.0
44255065774,672241,2025-01-13,0.0
44255065774,672241,2025-01-20,0.0
44255065774,672241,2025-01-27,0.0
44255065774,672241,2025-02-03,0.0
44255065774,672241,2025-02-10,0.0
44255065774,672241,2025-02-17,0.0
44255065774,672241,2025-02-24,0.0
44255065774,672241,2025-03-03,0.0
44400044666,672241,2024-11-25,1.6079883232263616
44400044666,672241,2024-12-02,1.608025409178926
44400044666,672241,2024-12-09,1.608032775402709
44400044666,672241,2024-12-16,1.6080158570663983
44400044666,672241,2024-12-23,1.6079853175666308
44400044666,672241,2024-12-30,1.6079483509820371
44400044666,672241,2025-01-06,1.6079117445168252
44400044666,672241,2025-01-13,1.6078777739352343
44400044666,672241,2025-01-20,1.6078490770691933
44400044666,672241,2025-01-27,1.6078248805794473
44400044666,672241,2025-02-03,1.6078039506067479
44400044666,672241,2025-02-10,1.6077923184744949
44400044666,672241,2025-02-17,1.6077847625519708
44400044666,672241,2025-02-24,1.6077774316090312
44400044666,672241,2025-03-03,1.6077772128158287
44400044979,672241,2024-11-25,3.000084157981179
44400044979,672241,2024-12-02,3.000121788498689
44400044979,672241,2024-12-09,3.000166195400702
44400044979,672241,2024-12-16,3.0002092373147224
44400044979,672241,2024-12-23,3.0002410302412295
44400044979,672241,2024-12-30,3.000274400324608
44400044979,672241,2025-01-06,3.000291569996899
44400044979,672241,2025-01-13,3.0002800705524697
44400044979,672241,2025-01-20,3.0002415373361213
44400044979,672241,2025-01-27,3.0001960961149203
44400044979,672241,2025-02-03,3.0001495463377412
44400044979,672241,2025-02-10,3.000105434290622
44400044979,672241,2025-02-17,3.000081409001633
44400044979,672241,2025-02-24,3.000095612798724
44400044979,672241,2025-03-03,3.0001556809235903
44400045247,672241,2024-11-25,1.9999319516039897
44400045247,672241,2024-12-02,1.999879431343249
44400045247,672241,2024-12-09,1.999818019677902
44400045247,672241,2024-12-16,1.9997831260357197
44400045247,672241,2024-12-23,1.9997538671546002
44400045247,672241,2024-12-30,1.9996948199285105
44400045247,672241,2025-01-06,1.9996576636452834
44400045247,672241,2025-01-13,1.999590845145076
44400045247,672241,2025-01-20,1.999490533175193
44400045247,672241,2025-01-27,1.9993922835715132
44400045247,672241,2025-02-03,1.9993138672033248
44400045247,672241,2025-02-10,1.9992731611121461
44400045247,672241,2025-02-17,1.999219188486914
44400045247,672241,2025-02-24,1.9991581035073662
44400045247,672241,2025-03-03,1.999082125374938
44400045545,672241,2024-11-25,1.0211111417580214
44400045545,672241,2024-12-02,1.1905227721497764
44400045545,672241,2024-12-09,1.3583310405971964
44400045545,672241,2024-12-16,1.5245360927862037
44400045545,672241,2024-12-23,1.6891381676131174
44400045545,672241,2024-12-30,1.8521374543793985
44400045545,672241,2025-01-06,2.013534038767099
44400045545,672241,2025-01-13,2.173327892975597
44400045545,672241,2025-01-20,2.3315188941543936
44400045545,672241,2025-01-27,2.4881069129667432
44400045545,672241,2025-02-03,2.6430918453589825
44400045545,672241,2025-02-10,2.7964736514782906
44400045545,672241,2025-02-17,2.9482523459475005
44400045545,672241,2025-02-24,3.0984279660107323
44400045545,672241,2025-03-03,3.247000546701278
44550710390,672241,2024-11-25,0.0
44550710390,672241,2024-12-02,0.0
44550710390,672241,2024-12-09,0.0
44550710390,672241,2024-12-16,0.0
44550710390,672241,2024-12-23,0.0
44550710390,672241,2024-12-30,0.0
44550710390,672241,2025-01-06,0.0
44550710390,672241,2025-01-13,0.0
44550710390,672241,2025-01-20,0.0
44550710390,672241,2025-01-27,0.0
44550710390,672241,2025-02-03,0.0
44550710390,672241,2025-02-10,0.0
44550710390,672241,2025-02-17,0.0
44550710390,672241,2025-02-24,0.0
44550710390,672241,2025-03-03,0.0
44754799164,672241,2024-11-25,0.14415458367838188
44754799164,672241,2024-12-02,0.14418719275802908
44754799164,672241,2024-12-09,0.14421610147849714
44754799164,672241,2024-12-16,0.1442412587075759
44754799164,672241,2024-12-23,0.1442626004250584
44754799164,672241,2024-12-30,0.14428013811035023
44754799164,672241,2025-01-06,0.14429395954847338
44754799164,672241,2025-01-13,0.1443042044534807
44754799164,672241,2025-01-20,0.14431106686378453
44754799164,672241,2025-01-27,0.14431477561895978
44754799164,672241,2025-02-03,0.14431553754337806
44754799164,672241,2025-02-10,0.14431374171426592
44754799164,672241,2025-02-17,0.14430965506191798
44754799164,672241,2025-02-24,0.14430365303868142
44754799164,672241,2025-03-03,0.1442961146011331
44754802163,672241,2024-11-25,0.05813398658819174
44754802163,672241,2024-12-02,0.0579528295638161
44754802163,672241,2024-12-09,0.05781351582103014
44754802163,672241,2024-12-16,0.0577104106397689
44754802163,672241,2024-12-23,0.057638284274674385
44754802163,672241,2024-12-30,0.05759230625985278
44754802163,672241,2025-01-06,0.05756803184501557
44754802163,672241,2025-01-13,0.057561423463267286
44754802163,672241,2025-01-20,0.057568782730115835
44754802163,672241,2025-01-27,0.05758679150443835
44754802163,672241,2025-02-03,0.057612457065535555
44754802163,672241,2025-02-10,0.05764312917414555
44754802163,672241,2025-02-17,0.05767644076860296
44754802163,672241,2025-02-24,0.057710344068899355
44754802163,672241,2025-03-03,0.0577430746691893
44754804524,672241,2024-11-25,0.0
44754804524,672241,2024-12-02,0.0
44754804524,672241,2024-12-09,0.0
44754804524,672241,2024-12-16,0.0
44754804524,672241,2024-12-23,0.0
44754804524,672241,2024-12-30,0.0
44754804524,672241,2025-01-06,0.0
44754804524,672241,2025-01-13,0.0
44754804524,672241,2025-01-20,0.0
44754804524,672241,2025-01-27,0.0
44754804524,672241,2025-02-03,0.0
44754804524,672241,2025-02-10,0.0
44754804524,672241,2025-02-17,0.0
44754804524,672241,2025-02-24,0.0
44754804524,672241,2025-03-03,0.0
44754809351,672241,2024-11-25,1.4373972562022295
44754809351,672241,2024-12-02,1.6054878396418033
44754809351,672241,2024-12-09,1.7720066962534196
44754809351,672241,2024-12-16,1.936953942720614
44754809351,672241,2024-12-23,2.100329680266399
44754809351,672241,2024-12-30,2.2621338985221153
44754809351,672241,2025-01-06,2.4223666686747323
44754809351,672241,2025-01-13,2.5810279154716937
44754809351,672241,2025-01-20,2.7381176013477417
44754809351,672241,2025-01-27,2.893635665944626
44754809351,672241,2025-02-03,3.047582059646069
44754809351,672241,2025-02-10,3.1999566679357065
44754809351,672241,2025-02-17,3.35075949211696
44754809351,672241,2025-02-24,3.4999904597802196
44754809351,672241,2025-03-03,3.6476495892879903
44754812989,672241,2024-11-25,1.802301316025162
44754812989,672241,2024-12-02,1.8022450325836112
44754812989,672241,2024-12-09,1.802199145958203
44754812989,672241,2024-12-16,1.8021723842366628
44754812989,672241,2024-12-23,1.8021473467532714
44754812989,672241,2024-12-30,1.802115138684017
44754812989,672241,2025-01-06,1.8020785616258388
44754812989,672241,2025-01-13,1.8020445340001767
44754812989,672241,2025-01-20,1.8020193270452327
44754812989,672241,2025-01-27,1.80200712675522
44754812989,672241,2025-02-03,1.8020086233951156
44754812989,672241,2025-02-10,1.8020229255819937
44754812989,672241,2025-02-17,1.8020476268377057
44754812989,672241,2025-02-24,1.802079386090819
44754812989,672241,2025-03-03,1.8021148322161
44754818694,672241,2024-11-25,0.16151668999881322
44754818694,672241,2024-12-02,0.16937262497980798
44754818694,672241,2024-12-09,0.17716401629706222
44754818694,672241,2024-12-16,0.18489126918113602
44754818694,672241,2024-12-23,0.19255467257599157
44754818694,672241,2024-12-30,0.20015441154987934
44754818694,672241,2025-01-06,0.20769060515358623
44754818694,672241,2025-01-13,0.2151632937286267
44754818694,672241,2025-01-20,0.22257249271349658
44754818694,672241,2025-01-27,0.22991817638405762
44754818694,672241,2025-02-03,0.23720031143064074
44754818694,672241,2025-02-10,0.24441886599615426
44754818694,672241,2025-02-17,0.2515738030516421
44754818694,672241,2025-02-24,0.2586651025693308
44754818694,672241,2025-03-03,0.26569277427007554
44860382637,672241,2024-11-25,1.0000014257439784
44860382637,672241,2024-12-02,1.0000313197517179
44860382637,672241,2024-12-09,1.0000444158565227
44860382637,672241,2024-12-16,1.0000687926906557
44860382637,672241,2024-12-23,1.0000835855304877
44860382637,672241,2024-12-30,1.0001126950719774
44860382637,672241,2025-01-06,1.0001472102493076
44860382637,672241,2025-01-13,1.0001667729042873
44860382637,672241,2025-01-20,1.0001568757972814
44860382637,672241,2025-01-27,1.0001428425264032
44860382637,672241,2025-02-03,1.0001529031297967
44860382637,672241,2025-02-10,1.00017729079571
44860382637,672241,2025-02-17,1.000192315320364
44860382637,672241,2025-02-24,1.00018752180889
44860382637,672241,2025-03-03,1.0001738052893918
44860382932,672241,2024-11-25,0.0
44860382932,672241,2024-12-02,0.0
44860382932,672241,2024-12-09,0.0
44860382932,672241,2024-12-16,0.0
44860382932,672241,2024-12-23,0.0
44860382932,672241,2024-12-30,0.0
44860382932,672241,2025-01-06,0.0
44860382932,672241,2025-01-13,0.0
44860382932,672241,2025-01-20,0.0
44860382932,672241,2025-01-27,0.0
44860382932,672241,2025-02-03,0.0
44860382932,672241,2025-02-10,0.0
44860382932,672241,2025-02-17,0.0
44860382932,672241,2025-02-24,0.0
44860382932,672241,2025-03-03,0.0
44860383567,672241,2024-11-25,0.23081432136868643
44860383567,672241,2024-12-02,0.2403281427721842
44860383567,672241,2024-12-09,0.24976161456799412
44860383567,672241,2024-12-16,0.2591156316129723
44860383567,672241,2024-12-23,0.26839086100452014
44860383567,672241,2024-12-30,0.2775877701867325
44860383567,672241,2025-01-06,0.2867066413977559
44860383567,672241,2025-01-13,0.2957476143559534
44860383567,672241,2025-01-20,0.30471073529369863
44860383567,672241,2025-01-27,0.31359596725106637
44860383567,672241,2025-02-03,0.32240322260840015
44860383567,672241,2025-02-10,0.33113241483844
44860383567,672241,2025-02-17,0.33978344231019175
44860383567,672241,2025-02-24,0.3483562567606036
44860383567,672241,2025-03-03,0.35685082873331087
44860384161,672241,2024-11-25,0.0
44860384161,672241,2024-12-02,0.0
44860384161,672241,2024-12-09,0.0
44860384161,672241,2024-12-16,0.0
44860384161,672241,2024-12-23,0.0
44860384161,672241,2024-12-30,0.0
44860384161,672241,2025-01-06,0.0
44860384161,672241,2025-01-13,0.0
44860384161,672241,2025-01-20,0.0
44860384161,672241,2025-01-27,0.0
44860384161,672241,2025-02-03,0.0
44860384161,672241,2025-02-10,0.0
44860384161,672241,2025-02-17,0.0
44860384161,672241,2025-02-24,0.0
44860384161,672241,2025-03-03,0.0
44860384494,672241,2024-11-25,8.946393658809972
44860384494,672241,2024-12-02,9.720723547150826
44860384494,672241,2024-12-09,10.487749694466384
44860384494,672241,2024-12-16,11.247482886838888
44860384494,672241,2024-12-23,11.99991683168475
44860384494,672241,2024-12-30,12.74504064021537
44860384494,672241,2025-01-06,13.482845816947897
44860384494,672241,2025-01-13,14.213328054881917
44860384494,672241,2025-01-20,14.936487121733688
44860384494,672241,2025-01-27,15.652325635385058
44860384494,672241,2025-02-03,16.36084814340904
44860384494,672241,2025-02-10,17.06205850509242
44860384494,672241,2025-02-17,17.755960220708147
44860384494,672241,2025-02-24,18.442556402082353
44860384494,672241,2025-03-03,19.121848602226788
44860384733,672241,2024-11-25,0.5649134593995212
44860384733,672241,2024-12-02,0.6039564583012726
44860384733,672241,2024-12-09,0.6426368614996738
44860384733,672241,2024-12-16,0.6809547551929213
44860384733,672241,2024-12-23,0.718910154776456
44860384733,672241,2024-12-30,0.7565030699964395
44860384733,672241,2025-01-06,0.7937334795533785
44860384733,672241,2025-01-13,0.8306013606882922
44860384733,672241,2025-01-20,0.8671066841710936
44860384733,672241,2025-01-27,0.9032494539676337
44860384733,672241,2025-02-03,0.9390296692745845
44860384733,672241,2025-02-10,0.9744472872688662
44860384733,672241,2025-02-17,1.0095023212770606
44860384733,672241,2025-02-24,1.0441947718399747
44860384733,672241,2025-03-03,1.0785246636007462
44860385094,672241,2024-11-25,0.057423035372937296
44860385094,672241,2024-12-02,0.05743839467982258
44860385094,672241,2024-12-09,0.057453031851757125
44860385094,672241,2024-12-16,0.057466922796361605
44860385094,672241,2024-12-23,0.057480055996855586
44860385094,672241,2024-12-30,0.0574924257812721
44860385094,672241,2025-01-06,0.05750403919967843
44860385094,672241,2025-01-13,0.05751491321423384
44860385094,672241,2025-01-20,0.057525066720884734
44860385094,672241,2025-01-27,0.05753453145795045
44860385094,672241,2025-02-03,0.05754334802111648
44860385094,672241,2025-02-10,0.057551561144748756
44860385094,672241,2025-02-17,0.05755921662359476
44860385094,672241,2025-02-24,0.05756637720415181
44860385094,672241,2025-03-03,0.05757309963884673
44860385362,672241,2024-11-25,0.0
44860385362,672241,2024-12-02,0.0
44860385362,672241,2024-12-09,0.0
44860385362,672241,2024-12-16,0.0
44860385362,672241,2024-12-23,0.0
44860385362,672241,2024-12-30,0.0
44860385362,672241,2025-01-06,0.0
44860385362,672241,2025-01-13,0.0
44860385362,672241,2025-01-20,0.0
44860385362,672241,2025-01-27,0.0
44860385362,672241,2025-02-03,0.0
44860385362,672241,2025-02-10,0.0
44860385362,672241,2025-02-17,0.0
44860385362,672241,2025-02-24,0.0
44860385362,672241,2025-03-03,0.0
44860385651,672241,2024-11-25,0.028846287567953783
44860385651,672241,2024-12-02,0.028844273299452803
44860385651,672241,2024-12-09,0.028842483675346097
44860385651,672241,2024-12-16,0.028840911827979612
44860385651,672241,2024-12-23,0.028839556324368243
44860385651,672241,2024-12-30,0.028838408260722617
44860385651,672241,2025-01-06,0.028837460140357235
44860385651,672241,2025-01-13,0.028836699041165027
44860385651,672241,2025-01-20,0.02883611606626551
44860385651,672241,2025-01-27,0.02883569686927745
44860385651,672241,2025-02-03,0.02883543020514795
44860385651,672241,2025-02-10,0.028835300304427502
44860385651,672241,2025-02-17,0.028835291766612706
44860385651,672241,2025-02-24,0.02883538996439096
44860385651,672241,2025-03-03,0.028835578137118574
44860385918,672241,2024-11-25,0.0
44860385918,672241,2024-12-02,0.0
44860385918,672241,2024-12-09,0.0
44860385918,672241,2024-12-16,0.0
44860385918,672241,2024-12-23,0.0
44860385918,672241,2024-12-30,0.0
44860385918,672241,2025-01-06,0.0
44860385918,672241,2025-01-13,0.0
44860385918,672241,2025-01-20,0.0
44860385918,672241,2025-01-27,0.0
44860385918,672241,2025-02-03,0.0
44860385918,672241,2025-02-10,0.0
44860385918,672241,2025-02-17,0.0
44860385918,672241,2025-02-24,0.0
44860385918,672241,2025-03-03,0.0
44942965112,672241,2024-11-25,1.5210091752428314
44942965112,672241,2024-12-02,1.6888121577386213
44942965112,672241,2024-12-09,1.8550549320694671
44942965112,672241,2024-12-16,2.0197350610378404
44942965112,672241,2024-12-23,2.1828513192531
44942965112,672241,2024-12-30,2.3444034738059987
44942965112,672241,2025-01-06,2.50439147273152
44942965112,672241,2025-01-13,2.6628155592336
44942965112,672241,2025-01-20,2.819675938513658
44942965112,672241,2025-01-27,2.974972531487061
44942965112,672241,2025-02-03,3.128705340178644
44942965112,672241,2025-02-10,3.280874215930697
44942965112,672241,2025-02-17,3.4314790132762902
44942965112,672241,2025-02-24,3.5805198134783702
44942965112,672241,2025-03-03,3.7279965837730775
45132580164,672241,2024-11-25,1.7686436591085672
45132580164,672241,2024-12-02,1.9619161319778833
45132580164,672241,2024-12-09,2.1533883609734956
45132580164,672241,2024-12-16,2.34306352091311
45132580164,672241,2024-12-23,2.5309423733835885
45132580164,672241,2024-12-30,2.7170253912731366
45132580164,672241,2025-01-06,2.9013122158850155
45132580164,672241,2025-01-13,3.083802588400264
45132580164,672241,2025-01-20,3.2644962467768397
45132580164,672241,2025-01-27,3.443393076040496
45132580164,672241,2025-02-03,3.620493064601733
45132580164,672241,2025-02-10,3.7957959809199617
45132580164,672241,2025-02-17,3.969301942035025
45132580164,672241,2025-02-24,4.1410108948512905
45132580164,672241,2025-03-03,4.310922973163755
45132656942,672241,2024-11-25,0.40165498490856427
45132656942,672241,2024-12-02,0.42034151807399617
45132656942,672241,2024-12-09,0.43887792959467203
45132656942,672241,2024-12-16,0.4572636344360357
45132656942,672241,2024-12-23,0.475498189629857
45132656942,672241,2024-12-30,0.4935813208208807
45132656942,672241,2025-01-06,0.5115127649603435
45132656942,672241,2025-01-13,0.5292923930034619
45132656942,672241,2025-01-20,0.5469200730394493
45132656942,672241,2025-01-27,0.5643958294304678
45132656942,672241,2025-02-03,0.5817196097872582
45132656942,672241,2025-02-10,0.5988914373872709
45132656942,672241,2025-02-17,0.6159113235630955
45132656942,672241,2025-02-24,0.6327793007166383
45132656942,672241,2025-03-03,0.6494954112838978
45290923710,672241,2024-11-25,0.6038971744405118
45290923710,672241,2024-12-02,0.6039062166555025
45290923710,672241,2024-12-09,0.603917111978715
45290923710,672241,2024-12-16,0.603927363487206
45290923710,672241,2024-12-23,0.60393587913868
45290923710,672241,2024-12-30,0.6039420283326375
45290923710,672241,2025-01-06,0.6039457833388514
45290923710,672241,2025-01-13,0.6039471878213882
45290923710,672241,2025-01-20,0.6039465866249761
45290923710,672241,2025-01-27,0.6039443740915229
45290923710,672241,2025-02-03,0.603941022552173
45290923710,672241,2025-02-10,0.6039369428183192
45290923710,672241,2025-02-17,0.6039325195378585
45290923710,672241,2025-02-24,0.6039280404816488
45290923710,672241,2025-03-03,0.603923649313944
45386498618,672241,2024-11-25,0.14196890098396084
45386498618,672241,2024-12-02,0.15030126002773722
45386498618,672241,2024-12-09,0.15852825982618096
45386498618,672241,2024-12-16,0.1666542278943302
45386498618,672241,2024-12-23,0.1746838312125736
45386498618,672241,2024-12-30,0.18262090166497316
45386498618,672241,2025-01-06,0.19046875435158242
45386498618,672241,2025-01-13,0.19823024959968086
45386498618,672241,2025-01-20,0.20590808905977304
45386498618,672241,2025-01-27,0.21350410486159394
45386498618,672241,2025-02-03,0.22101966510107113
45386498618,672241,2025-02-10,0.22845609397144123
45386498618,672241,2025-02-17,0.23581369821061574
45386498618,672241,2025-02-24,0.24309305191666908
45386498618,672241,2025-03-03,0.25029375426605094
45386576968,672241,2024-11-25,0.09469536835218191
45386576968,672241,2024-12-02,0.1002097213153381
45386576968,672241,2024-12-09,0.10566837313891084
45386576968,672241,2024-12-16,0.11107142679616464
45386576968,672241,2024-12-23,0.11641901372434545
45386576968,672241,2024-12-30,0.12171124092591175
45386576968,672241,2025-01-06,0.12694828285663962
45386576968,672241,2025-01-13,0.13213029850851712
45386576968,672241,2025-01-20,0.13725743681793873
45386576968,672241,2025-01-27,0.14232983242044414
45386576968,672241,2025-02-03,0.14734761460664172
45386576968,672241,2025-02-10,0.152310827612754
45386576968,672241,2025-02-17,0.15721958475531597
45386576968,672241,2025-02-24,0.1620739136531829
45386576968,672241,2025-03-03,0.1668738470116874
45386581155,672241,2024-11-25,0.047331932152262876
45386581155,672241,2024-12-02,0.05008047189867176
45386581155,672241,2024-12-09,0.05280502819340685
45386581155,672241,2024-12-16,0.05550446619411003
45386581155,672241,2024-12-23,0.05817789927408351
45386581155,672241,2024-12-30,0.060824656386534906
45386581155,672241,2025-01-06,0.06344424459416427
45386581155,672241,2025-01-13,0.06603633189447065
45386581155,672241,2025-01-20,0.06860070917706437
45386581155,672241,2025-01-27,0.07113728283311549
45386581155,672241,2025-02-03,0.07364602250566023
45386581155,672241,2025-02-10,0.07612696750423148
45386581155,672241,2025-02-17,0.07858018967780739
45386581155,672241,2025-02-24,0.08100580064533397
45386581155,672241,2025-03-03,0.08340391363049658
45386584131,672241,2024-11-25,0.0
45386584131,672241,2024-12-02,0.0
45386584131,672241,2024-12-09,0.0
45386584131,672241,2024-12-16,0.0
45386584131,672241,2024-12-23,0.0
45386584131,672241,2024-12-30,0.0
45386584131,672241,2025-01-06,0.0
45386584131,672241,2025-01-13,0.0
45386584131,672241,2025-01-20,0.0
45386584131,672241,2025-01-27,0.0
45386584131,672241,2025-02-03,0.0
45386584131,672241,2025-02-10,0.0
45386584131,672241,2025-02-17,0.0
45386584131,672241,2025-02-24,0.0
45386584131,672241,2025-03-03,0.0
45386591373,672241,2024-11-25,0.0
45386591373,672241,2024-12-02,0.0
45386591373,672241,2024-12-09,0.0
45386591373,672241,2024-12-16,0.0
45386591373,672241,2024-12-23,0.0
45386591373,672241,2024-12-30,0.0
45386591373,672241,2025-01-06,0.0
45386591373,672241,2025-01-13,0.0
45386591373,672241,2025-01-20,0.0
45386591373,672241,2025-01-27,0.0
45386591373,672241,2025-02-03,0.0
45386591373,672241,2025-02-10,0.0
45386591373,672241,2025-02-17,0.0
45386591373,672241,2025-02-24,0.0
45386591373,672241,2025-03-03,0.0
45386601898,672241,2024-11-25,0.0
45386601898,672241,2024-12-02,0.0
45386601898,672241,2024-12-09,0.0
45386601898,672241,2024-12-16,0.0
45386601898,672241,2024-12-23,0.0
45386601898,672241,2024-12-30,0.0
45386601898,672241,2025-01-06,0.0
45386601898,672241,2025-01-13,0.0
45386601898,672241,2025-01-20,0.0
45386601898,672241,2025-01-27,0.0
45386601898,672241,2025-02-03,0.0
45386601898,672241,2025-02-10,0.0
45386601898,672241,2025-02-17,0.0
45386601898,672241,2025-02-24,0.0
45386601898,672241,2025-03-03,0.0
45386603948,672241,2024-11-25,0.0
45386603948,672241,2024-12-02,0.0
45386603948,672241,2024-12-09,0.0
45386603948,672241,2024-12-16,0.0
45386603948,672241,2024-12-23,0.0
45386603948,672241,2024-12-30,0.0
45386603948,672241,2025-01-06,0.0
45386603948,672241,2025-01-13,0.0
45386603948,672241,2025-01-20,0.0
45386603948,672241,2025-01-27,0.0
45386603948,672241,2025-02-03,0.0
45386603948,672241,2025-02-10,0.0
45386603948,672241,2025-02-17,0.0
45386603948,672241,2025-02-24,0.0
45386603948,672241,2025-03-03,0.0
45431124522,672241,2024-11-25,0.0
45431124522,672241,2024-12-02,0.0
45431124522,672241,2024-12-09,0.0
45431124522,672241,2024-12-16,0.0
45431124522,672241,2024-12-23,0.0
45431124522,672241,2024-12-30,0.0
45431124522,672241,2025-01-06,0.0
45431124522,672241,2025-01-13,0.0
45431124522,672241,2025-01-20,0.0
45431124522,672241,2025-01-27,0.0
45431124522,672241,2025-02-03,0.0
45431124522,672241,2025-02-10,0.0
45431124522,672241,2025-02-17,0.0
45431124522,672241,2025-02-24,0.0
45431124522,672241,2025-03-03,0.0
45459383935,672241,2024-11-25,0.0
45459383935,672241,2024-12-02,0.0
45459383935,672241,2024-12-09,0.0
45459383935,672241,2024-12-16,0.0
45459383935,672241,2024-12-23,0.0
45459383935,672241,2024-12-30,0.0
45459383935,672241,2025-01-06,0.0
45459383935,672241,2025-01-13,0.0
45459383935,672241,2025-01-20,0.0
45459383935,672241,2025-01-27,0.0
45459383935,672241,2025-02-03,0.0
45459383935,672241,2025-02-10,0.0
45459383935,672241,2025-02-17,0.0
45459383935,672241,2025-02-24,0.0
45459383935,672241,2025-03-03,0.0
45995668920,672241,2024-11-25,12.928480515757963
45995668920,672241,2024-12-02,14.76561476004203
45995668920,672241,2024-12-09,16.5854636883487
45995668920,672241,2024-12-16,18.38806512739165
45995668920,672241,2024-12-23,20.17342672438071
45995668920,672241,2024-12-30,21.94158574105166
45995668920,672241,2025-01-06,23.692537811398644
45995668920,672241,2025-01-13,25.426246692086764
45995668920,672241,2025-01-20,27.142704354107188
45995668920,672241,2025-01-27,28.841914140609624
45995668920,672241,2025-02-03,30.523941285706364
45995668920,672241,2025-02-10,32.18880047773669
45995668920,672241,2025-02-17,33.836499569786476
45995668920,672241,2025-02-24,35.46705205011937
45995668920,672241,2025-03-03,37.08043096832338
46142524974,672241,2024-11-25,0.0
46142524974,672241,2024-12-02,0.0
46142524974,672241,2024-12-09,0.0
46142524974,672241,2024-12-16,0.0
46142524974,672241,2024-12-23,0.0
46142524974,672241,2024-12-30,0.0
46142524974,672241,2025-01-06,0.0
46142524974,672241,2025-01-13,0.0
46142524974,672241,2025-01-20,0.0
46142524974,672241,2025-01-27,0.0
46142524974,672241,2025-02-03,0.0
46142524974,672241,2025-02-10,0.0
46142524974,672241,2025-02-17,0.0
46142524974,672241,2025-02-24,0.0
46142524974,672241,2025-03-03,0.0
46303774477,672241,2024-11-25,0.0
46303774477,672241,2024-12-02,0.0
46303774477,672241,2024-12-09,0.0
46303774477,672241,2024-12-16,0.0
46303774477,672241,2024-12-23,0.0
46303774477,672241,2024-12-30,0.0
46303774477,672241,2025-01-06,0.0
46303774477,672241,2025-01-13,0.0
46303774477,672241,2025-01-20,0.0
46303774477,672241,2025-01-27,0.0
46303774477,672241,2025-02-03,0.0
46303774477,672241,2025-02-10,0.0
46303774477,672241,2025-02-17,0.0
46303774477,672241,2025-02-24,0.0
46303774477,672241,2025-03-03,0.0
46303862950,672241,2024-11-25,0.0
46303862950,672241,2024-12-02,0.0
46303862950,672241,2024-12-09,0.0
46303862950,672241,2024-12-16,0.0
46303862950,672241,2024-12-23,0.0
46303862950,672241,2024-12-30,0.0
46303862950,672241,2025-01-06,0.0
46303862950,672241,2025-01-13,0.0
46303862950,672241,2025-01-20,0.0
46303862950,672241,2025-01-27,0.0
46303862950,672241,2025-02-03,0.0
46303862950,672241,2025-02-10,0.0
46303862950,672241,2025-02-17,0.0
46303862950,672241,2025-02-24,0.0
46303862950,672241,2025-03-03,0.0
46303877432,672241,2024-11-25,0.0
46303877432,672241,2024-12-02,0.0
46303877432,672241,2024-12-09,0.0
46303877432,672241,2024-12-16,0.0
46303877432,672241,2024-12-23,0.0
46303877432,672241,2024-12-30,0.0
46303877432,672241,2025-01-06,0.0
46303877432,672241,2025-01-13,0.0
46303877432,672241,2025-01-20,0.0
46303877432,672241,2025-01-27,0.0
46303877432,672241,2025-02-03,0.0
46303877432,672241,2025-02-10,0.0
46303877432,672241,2025-02-17,0.0
46303877432,672241,2025-02-24,0.0
46303877432,672241,2025-03-03,0.0
46303948414,672241,2024-11-25,0.0
46303948414,672241,2024-12-02,0.0
46303948414,672241,2024-12-09,0.0
46303948414,672241,2024-12-16,0.0
46303948414,672241,2024-12-23,0.0
46303948414,672241,2024-12-30,0.0
46303948414,672241,2025-01-06,0.0
46303948414,672241,2025-01-13,0.0
46303948414,672241,2025-01-20,0.0
46303948414,672241,2025-01-27,0.0
46303948414,672241,2025-02-03,0.0
46303948414,672241,2025-02-10,0.0
46303948414,672241,2025-02-17,0.0
46303948414,672241,2025-02-24,0.0
46303948414,672241,2025-03-03,0.0
46308044959,672241,2024-11-25,0.0
46308044959,672241,2024-12-02,0.0
46308044959,672241,2024-12-09,0.0
46308044959,672241,2024-12-16,0.0
46308044959,672241,2024-12-23,0.0
46308044959,672241,2024-12-30,0.0
46308044959,672241,2025-01-06,0.0
46308044959,672241,2025-01-13,0.0
46308044959,672241,2025-01-20,0.0
46308044959,672241,2025-01-27,0.0
46308044959,672241,2025-02-03,0.0
46308044959,672241,2025-02-10,0.0
46308044959,672241,2025-02-17,0.0
46308044959,672241,2025-02-24,0.0
46308044959,672241,2025-03-03,0.0
46310250952,672241,2024-11-25,0.0
46310250952,672241,2024-12-02,0.0
46310250952,672241,2024-12-09,0.0
46310250952,672241,2024-12-16,0.0
46310250952,672241,2024-12-23,0.0
46310250952,672241,2024-12-30,0.0
46310250952,672241,2025-01-06,0.0
46310250952,672241,2025-01-13,0.0
46310250952,672241,2025-01-20,0.0
46310250952,672241,2025-01-27,0.0
46310250952,672241,2025-02-03,0.0
46310250952,672241,2025-02-10,0.0
46310250952,672241,2025-02-17,0.0
46310250952,672241,2025-02-24,0.0
46310250952,672241,2025-03-03,0.0
46310280482,672241,2024-11-25,0.0
46310280482,672241,2024-12-02,0.0
46310280482,672241,2024-12-09,0.0
46310280482,672241,2024-12-16,0.0
46310280482,672241,2024-12-23,0.0
46310280482,672241,2024-12-30,0.0
46310280482,672241,2025-01-06,0.0
46310280482,672241,2025-01-13,0.0
46310280482,672241,2025-01-20,0.0
46310280482,672241,2025-01-27,0.0
46310280482,672241,2025-02-03,0.0
46310280482,672241,2025-02-10,0.0
46310280482,672241,2025-02-17,0.0
46310280482,672241,2025-02-24,0.0
46310280482,672241,2025-03-03,0.0
46310291987,672241,2024-11-25,0.0
46310291987,672241,2024-12-02,0.0
46310291987,672241,2024-12-09,0.0
46310291987,672241,2024-12-16,0.0
46310291987,672241,2024-12-23,0.0
46310291987,672241,2024-12-30,0.0
46310291987,672241,2025-01-06,0.0
46310291987,672241,2025-01-13,0.0
46310291987,672241,2025-01-20,0.0
46310291987,672241,2025-01-27,0.0
46310291987,672241,2025-02-03,0.0
46310291987,672241,2025-02-10,0.0
46310291987,672241,2025-02-17,0.0
46310291987,672241,2025-02-24,0.0
46310291987,672241,2025-03-03,0.0
46310334441,672241,2024-11-25,0.0
46310334441,672241,2024-12-02,0.0
46310334441,672241,2024-12-09,0.0
46310334441,672241,2024-12-16,0.0
46310334441,672241,2024-12-23,0.0
46310334441,672241,2024-12-30,0.0
46310334441,672241,2025-01-06,0.0
46310334441,672241,2025-01-13,0.0
46310334441,672241,2025-01-20,0.0
46310334441,672241,2025-01-27,0.0
46310334441,672241,2025-02-03,0.0
46310334441,672241,2025-02-10,0.0
46310334441,672241,2025-02-17,0.0
46310334441,672241,2025-02-24,0.0
46310334441,672241,2025-03-03,0.0
46365131910,672241,2024-11-25,0.0
46365131910,672241,2024-12-02,0.0
46365131910,672241,2024-12-09,0.0
46365131910,672241,2024-12-16,0.0
46365131910,672241,2024-12-23,0.0
46365131910,672241,2024-12-30,0.0
46365131910,672241,2025-01-06,0.0
46365131910,672241,2025-01-13,0.0
46365131910,672241,2025-01-20,0.0
46365131910,672241,2025-01-27,0.0
46365131910,672241,2025-02-03,0.0
46365131910,672241,2025-02-10,0.0
46365131910,672241,2025-02-17,0.0
46365131910,672241,2025-02-24,0.0
46365131910,672241,2025-03-03,0.0
46381587960,672241,2024-11-25,0.0
46381587960,672241,2024-12-02,0.0
46381587960,672241,2024-12-09,0.0
46381587960,672241,2024-12-16,0.0
46381587960,672241,2024-12-23,0.0
46381587960,672241,2024-12-30,0.0
46381587960,672241,2025-01-06,0.0
46381587960,672241,2025-01-13,0.0
46381587960,672241,2025-01-20,0.0
46381587960,672241,2025-01-27,0.0
46381587960,672241,2025-02-03,0.0
46381587960,672241,2025-02-10,0.0
46381587960,672241,2025-02-17,0.0
46381587960,672241,2025-02-24,0.0
46381587960,672241,2025-03-03,0.0
46381594945,672241,2024-11-25,0.0
46381594945,672241,2024-12-02,0.0
46381594945,672241,2024-12-09,0.0
46381594945,672241,2024-12-16,0.0
46381594945,672241,2024-12-23,0.0
46381594945,672241,2024-12-30,0.0
46381594945,672241,2025-01-06,0.0
46381594945,672241,2025-01-13,0.0
46381594945,672241,2025-01-20,0.0
46381594945,672241,2025-01-27,0.0
46381594945,672241,2025-02-03,0.0
46381594945,672241,2025-02-10,0.0
46381594945,672241,2025-02-17,0.0
46381594945,672241,2025-02-24,0.0
46381594945,672241,2025-03-03,0.0
46381604933,672241,2024-11-25,0.0
46381604933,672241,2024-12-02,0.0
46381604933,672241,2024-12-09,0.0
46381604933,672241,2024-12-16,0.0
46381604933,672241,2024-12-23,0.0
46381604933,672241,2024-12-30,0.0
46381604933,672241,2025-01-06,0.0
46381604933,672241,2025-01-13,0.0
46381604933,672241,2025-01-20,0.0
46381604933,672241,2025-01-27,0.0
46381604933,672241,2025-02-03,0.0
46381604933,672241,2025-02-10,0.0
46381604933,672241,2025-02-17,0.0
46381604933,672241,2025-02-24,0.0
46381604933,672241,2025-03-03,0.0
46381618435,672241,2024-11-25,0.0
46381618435,672241,2024-12-02,0.0
46381618435,672241,2024-12-09,0.0
46381618435,672241,2024-12-16,0.0
46381618435,672241,2024-12-23,0.0
46381618435,672241,2024-12-30,0.0
46381618435,672241,2025-01-06,0.0
46381618435,672241,2025-01-13,0.0
46381618435,672241,2025-01-20,0.0
46381618435,672241,2025-01-27,0.0
46381618435,672241,2025-02-03,0.0
46381618435,672241,2025-02-10,0.0
46381618435,672241,2025-02-17,0.0
46381618435,672241,2025-02-24,0.0
46381618435,672241,2025-03-03,0.0
46694935963,672241,2024-11-25,0.0
46694935963,672241,2024-12-02,0.0
46694935963,672241,2024-12-09,0.0
46694935963,672241,2024-12-16,0.0
46694935963,672241,2024-12-23,0.0
46694935963,672241,2024-12-30,0.0
46694935963,672241,2025-01-06,0.0
46694935963,672241,2025-01-13,0.0
46694935963,672241,2025-01-20,0.0
46694935963,672241,2025-01-27,0.0
46694935963,672241,2025-02-03,0.0
46694935963,672241,2025-02-10,0.0
46694935963,672241,2025-02-17,0.0
46694935963,672241,2025-02-24,0.0
46694935963,672241,2025-03-03,0.0
46873197417,672241,2024-11-25,0.0
46873197417,672241,2024-12-02,0.0
46873197417,672241,2024-12-09,0.0
46873197417,672241,2024-12-16,0.0
46873197417,672241,2024-12-23,0.0
46873197417,672241,2024-12-30,0.0
46873197417,672241,2025-01-06,0.0
46873197417,672241,2025-01-13,0.0
46873197417,672241,2025-01-20,0.0
46873197417,672241,2025-01-27,0.0
46873197417,672241,2025-02-03,0.0
46873197417,672241,2025-02-10,0.0
46873197417,672241,2025-02-17,0.0
46873197417,672241,2025-02-24,0.0
46873197417,672241,2025-03-03,0.0
46874506460,672241,2024-11-25,0.0
46874506460,672241,2024-12-02,0.0
46874506460,672241,2024-12-09,0.0
46874506460,672241,2024-12-16,0.0
46874506460,672241,2024-12-23,0.0
46874506460,672241,2024-12-30,0.0
46874506460,672241,2025-01-06,0.0
46874506460,672241,2025-01-13,0.0
46874506460,672241,2025-01-20,0.0
46874506460,672241,2025-01-27,0.0
46874506460,672241,2025-02-03,0.0
46874506460,672241,2025-02-10,0.0
46874506460,672241,2025-02-17,0.0
46874506460,672241,2025-02-24,0.0
46874506460,672241,2025-03-03,0.0
46874597940,672241,2024-11-25,0.0
46874597940,672241,2024-12-02,0.0
46874597940,672241,2024-12-09,0.0
46874597940,672241,2024-12-16,0.0
46874597940,672241,2024-12-23,0.0
46874597940,672241,2024-12-30,0.0
46874597940,672241,2025-01-06,0.0
46874597940,672241,2025-01-13,0.0
46874597940,672241,2025-01-20,0.0
46874597940,672241,2025-01-27,0.0
46874597940,672241,2025-02-03,0.0
46874597940,672241,2025-02-10,0.0
46874597940,672241,2025-02-17,0.0
46874597940,672241,2025-02-24,0.0
46874597940,672241,2025-03-03,0.0
47035595969,672241,2024-11-25,0.0
47035595969,672241,2024-12-02,0.0
47035595969,672241,2024-12-09,0.0
47035595969,672241,2024-12-16,0.0
47035595969,672241,2024-12-23,0.0
47035595969,672241,2024-12-30,0.0
47035595969,672241,2025-01-06,0.0
47035595969,672241,2025-01-13,0.0
47035595969,672241,2025-01-20,0.0
47035595969,672241,2025-01-27,0.0
47035595969,672241,2025-02-03,0.0
47035595969,672241,2025-02-10,0.0
47035595969,672241,2025-02-17,0.0
47035595969,672241,2025-02-24,0.0
47035595969,672241,2025-03-03,0.0
47035596434,672241,2024-11-25,0.0
47035596434,672241,2024-12-02,0.0
47035596434,672241,2024-12-09,0.0
47035596434,672241,2024-12-16,0.0
47035596434,672241,2024-12-23,0.0
47035596434,672241,2024-12-30,0.0
47035596434,672241,2025-01-06,0.0
47035596434,672241,2025-01-13,0.0
47035596434,672241,2025-01-20,0.0
47035596434,672241,2025-01-27,0.0
47035596434,672241,2025-02-03,0.0
47035596434,672241,2025-02-10,0.0
47035596434,672241,2025-02-17,0.0
47035596434,672241,2025-02-24,0.0
47035596434,672241,2025-03-03,0.0
47035596938,672241,2024-11-25,0.0
47035596938,672241,2024-12-02,0.0
47035596938,672241,2024-12-09,0.0
47035596938,672241,2024-12-16,0.0
47035596938,672241,2024-12-23,0.0
47035596938,672241,2024-12-30,0.0
47035596938,672241,2025-01-06,0.0
47035596938,672241,2025-01-13,0.0
47035596938,672241,2025-01-20,0.0
47035596938,672241,2025-01-27,0.0
47035596938,672241,2025-02-03,0.0
47035596938,672241,2025-02-10,0.0
47035596938,672241,2025-02-17,0.0
47035596938,672241,2025-02-24,0.0
47035596938,672241,2025-03-03,0.0
47035597416,672241,2024-11-25,0.0
47035597416,672241,2024-12-02,0.0
47035597416,672241,2024-12-09,0.0
47035597416,672241,2024-12-16,0.0
47035597416,672241,2024-12-23,0.0
47035597416,672241,2024-12-30,0.0
47035597416,672241,2025-01-06,0.0
47035597416,672241,2025-01-13,0.0
47035597416,672241,2025-01-20,0.0
47035597416,672241,2025-01-27,0.0
47035597416,672241,2025-02-03,0.0
47035597416,672241,2025-02-10,0.0
47035597416,672241,2025-02-17,0.0
47035597416,672241,2025-02-24,0.0
47035597416,672241,2025-03-03,0.0
47035597915,672241,2024-11-25,0.0
47035597915,672241,2024-12-02,0.0
47035597915,672241,2024-12-09,0.0
47035597915,672241,2024-12-16,0.0
47035597915,672241,2024-12-23,0.0
47035597915,672241,2024-12-30,0.0
47035597915,672241,2025-01-06,0.0
47035597915,672241,2025-01-13,0.0
47035597915,672241,2025-01-20,0.0
47035597915,672241,2025-01-27,0.0
47035597915,672241,2025-02-03,0.0
47035597915,672241,2025-02-10,0.0
47035597915,672241,2025-02-17,0.0
47035597915,672241,2025-02-24,0.0
47035597915,672241,2025-03-03,0.0
47035598475,672241,2024-11-25,0.0
47035598475,672241,2024-12-02,0.0
47035598475,672241,2024-12-09,0.0
47035598475,672241,2024-12-16,0.0
47035598475,672241,2024-12-23,0.0
47035598475,672241,2024-12-30,0.0
47035598475,672241,2025-01-06,0.0
47035598475,672241,2025-01-13,0.0
47035598475,672241,2025-01-20,0.0
47035598475,672241,2025-01-27,0.0
47035598475,672241,2025-02-03,0.0
47035598475,672241,2025-02-10,0.0
47035598475,672241,2025-02-17,0.0
47035598475,672241,2025-02-24,0.0
47035598475,672241,2025-03-03,0.0
47035598960,672241,2024-11-25,0.0
47035598960,672241,2024-12-02,0.0
47035598960,672241,2024-12-09,0.0
47035598960,672241,2024-12-16,0.0
47035598960,672241,2024-12-23,0.0
47035598960,672241,2024-12-30,0.0
47035598960,672241,2025-01-06,0.0
47035598960,672241,2025-01-13,0.0
47035598960,672241,2025-01-20,0.0
47035598960,672241,2025-01-27,0.0
47035598960,672241,2025-02-03,0.0
47035598960,672241,2025-02-10,0.0
47035598960,672241,2025-02-17,0.0
47035598960,672241,2025-02-24,0.0
47035598960,672241,2025-03-03,0.0
47035599495,672241,2024-11-25,0.0
47035599495,672241,2024-12-02,0.0
47035599495,672241,2024-12-09,0.0
47035599495,672241,2024-12-16,0.0
47035599495,672241,2024-12-23,0.0
47035599495,672241,2024-12-30,0.0
47035599495,672241,2025-01-06,0.0
47035599495,672241,2025-01-13,0.0
47035599495,672241,2025-01-20,0.0
47035599495,672241,2025-01-27,0.0
47035599495,672241,2025-02-03,0.0
47035599495,672241,2025-02-10,0.0
47035599495,672241,2025-02-17,0.0
47035599495,672241,2025-02-24,0.0
47035599495,672241,2025-03-03,0.0
47035599949,672241,2024-11-25,0.0
47035599949,672241,2024-12-02,0.0
47035599949,672241,2024-12-09,0.0
47035599949,672241,2024-12-16,0.0
47035599949,672241,2024-12-23,0.0
47035599949,672241,2024-12-30,0.0
47035599949,672241,2025-01-06,0.0
47035599949,672241,2025-01-13,0.0
47035599949,672241,2025-01-20,0.0
47035599949,672241,2025-01-27,0.0
47035599949,672241,2025-02-03,0.0
47035599949,672241,2025-02-10,0.0
47035599949,672241,2025-02-17,0.0
47035599949,672241,2025-02-24,0.0
47035599949,672241,2025-03-03,0.0
47035600918,672241,2024-11-25,0.0
47035600918,672241,2024-12-02,0.0
47035600918,672241,2024-12-09,0.0
47035600918,672241,2024-12-16,0.0
47035600918,672241,2024-12-23,0.0
47035600918,672241,2024-12-30,0.0
47035600918,672241,2025-01-06,0.0
47035600918,672241,2025-01-13,0.0
47035600918,672241,2025-01-20,0.0
47035600918,672241,2025-01-27,0.0
47035600918,672241,2025-02-03,0.0
47035600918,672241,2025-02-10,0.0
47035600918,672241,2025-02-17,0.0
47035600918,672241,2025-02-24,0.0
47035600918,672241,2025-03-03,0.0
47035601421,672241,2024-11-25,0.0
47035601421,672241,2024-12-02,0.0
47035601421,672241,2024-12-09,0.0
47035601421,672241,2024-12-16,0.0
47035601421,672241,2024-12-23,0.0
47035601421,672241,2024-12-30,0.0
47035601421,672241,2025-01-06,0.0
47035601421,672241,2025-01-13,0.0
47035601421,672241,2025-01-20,0.0
47035601421,672241,2025-01-27,0.0
47035601421,672241,2025-02-03,0.0
47035601421,672241,2025-02-10,0.0
47035601421,672241,2025-02-17,0.0
47035601421,672241,2025-02-24,0.0
47035601421,672241,2025-03-03,0.0
47035601997,672241,2024-11-25,0.0
47035601997,672241,2024-12-02,0.0
47035601997,672241,2024-12-09,0.0
47035601997,672241,2024-12-16,0.0
47035601997,672241,2024-12-23,0.0
47035601997,672241,2024-12-30,0.0
47035601997,672241,2025-01-06,0.0
47035601997,672241,2025-01-13,0.0
47035601997,672241,2025-01-20,0.0
47035601997,672241,2025-01-27,0.0
47035601997,672241,2025-02-03,0.0
47035601997,672241,2025-02-10,0.0
47035601997,672241,2025-02-17,0.0
47035601997,672241,2025-02-24,0.0
47035601997,672241,2025-03-03,0.0
47059508492,672241,2024-11-25,0.0
47059508492,672241,2024-12-02,0.0
47059508492,672241,2024-12-09,0.0
47059508492,672241,2024-12-16,0.0
47059508492,672241,2024-12-23,0.0
47059508492,672241,2024-12-30,0.0
47059508492,672241,2025-01-06,0.0
47059508492,672241,2025-01-13,0.0
47059508492,672241,2025-01-20,0.0
47059508492,672241,2025-01-27,0.0
47059508492,672241,2025-02-03,0.0
47059508492,672241,2025-02-10,0.0
47059508492,672241,2025-02-17,0.0
47059508492,672241,2025-02-24,0.0
47059508492,672241,2025-03-03,0.0
47278389944,672241,2024-11-25,0.0
47278389944,672241,2024-12-02,0.0
47278389944,672241,2024-12-09,0.0
47278389944,672241,2024-12-16,0.0
47278389944,672241,2024-12-23,0.0
47278389944,672241,2024-12-30,0.0
47278389944,672241,2025-01-06,0.0
47278389944,672241,2025-01-13,0.0
47278389944,672241,2025-01-20,0.0
47278389944,672241,2025-01-27,0.0
47278389944,672241,2025-02-03,0.0
47278389944,672241,2025-02-10,0.0
47278389944,672241,2025-02-17,0.0
47278389944,672241,2025-02-24,0.0
47278389944,672241,2025-03-03,0.0
47556470434,672241,2024-11-25,0.0
47556470434,672241,2024-12-02,0.0
47556470434,672241,2024-12-09,0.0
47556470434,672241,2024-12-16,0.0
47556470434,672241,2024-12-23,0.0
47556470434,672241,2024-12-30,0.0
47556470434,672241,2025-01-06,0.0
47556470434,672241,2025-01-13,0.0
47556470434,672241,2025-01-20,0.0
47556470434,672241,2025-01-27,0.0
47556470434,672241,2025-02-03,0.0
47556470434,672241,2025-02-10,0.0
47556470434,672241,2025-02-17,0.0
47556470434,672241,2025-02-24,0.0
47556470434,672241,2025-03-03,0.0
47787653976,672241,2024-11-25,0.0
47787653976,672241,2024-12-02,0.0
47787653976,672241,2024-12-09,0.0
47787653976,672241,2024-12-16,0.0
47787653976,672241,2024-12-23,0.0
47787653976,672241,2024-12-30,0.0
47787653976,672241,2025-01-06,0.0
47787653976,672241,2025-01-13,0.0
47787653976,672241,2025-01-20,0.0
47787653976,672241,2025-01-27,0.0
47787653976,672241,2025-02-03,0.0
47787653976,672241,2025-02-10,0.0
47787653976,672241,2025-02-17,0.0
47787653976,672241,2025-02-24,0.0
47787653976,672241,2025-03-03,0.0
47906467455,672241,2024-11-25,0.0
47906467455,672241,2024-12-02,0.0
47906467455,672241,2024-12-09,0.0
47906467455,672241,2024-12-16,0.0
47906467455,672241,2024-12-23,0.0
47906467455,672241,2024-12-30,0.0
47906467455,672241,2025-01-06,0.0
47906467455,672241,2025-01-13,0.0
47906467455,672241,2025-01-20,0.0
47906467455,672241,2025-01-27,0.0
47906467455,672241,2025-02-03,0.0
47906467455,672241,2025-02-10,0.0
47906467455,672241,2025-02-17,0.0
47906467455,672241,2025-02-24,0.0
47906467455,672241,2025-03-03,0.0
48441796938,672241,2024-11-25,0.0
48441796938,672241,2024-12-02,0.0
48441796938,672241,2024-12-09,0.0
48441796938,672241,2024-12-16,0.0
48441796938,672241,2024-12-23,0.0
48441796938,672241,2024-12-30,0.0
48441796938,672241,2025-01-06,0.0
48441796938,672241,2025-01-13,0.0
48441796938,672241,2025-01-20,0.0
48441796938,672241,2025-01-27,0.0
48441796938,672241,2025-02-03,0.0
48441796938,672241,2025-02-10,0.0
48441796938,672241,2025-02-17,0.0
48441796938,672241,2025-02-24,0.0
48441796938,672241,2025-03-03,0.0
48443531970,672241,2024-11-25,0.0
48443531970,672241,2024-12-02,0.0
48443531970,672241,2024-12-09,0.0
48443531970,672241,2024-12-16,0.0
48443531970,672241,2024-12-23,0.0
48443531970,672241,2024-12-30,0.0
48443531970,672241,2025-01-06,0.0
48443531970,672241,2025-01-13,0.0
48443531970,672241,2025-01-20,0.0
48443531970,672241,2025-01-27,0.0
48443531970,672241,2025-02-03,0.0
48443531970,672241,2025-02-10,0.0
48443531970,672241,2025-02-17,0.0
48443531970,672241,2025-02-24,0.0
48443531970,672241,2025-03-03,0.0
48444196993,672241,2024-11-25,0.0
48444196993,672241,2024-12-02,0.0
48444196993,672241,2024-12-09,0.0
48444196993,672241,2024-12-16,0.0
48444196993,672241,2024-12-23,0.0
48444196993,672241,2024-12-30,0.0
48444196993,672241,2025-01-06,0.0
48444196993,672241,2025-01-13,0.0
48444196993,672241,2025-01-20,0.0
48444196993,672241,2025-01-27,0.0
48444196993,672241,2025-02-03,0.0
48444196993,672241,2025-02-10,0.0
48444196993,672241,2025-02-17,0.0
48444196993,672241,2025-02-24,0.0
48444196993,672241,2025-03-03,0.0
48444406916,672241,2024-11-25,0.0
48444406916,672241,2024-12-02,0.0
48444406916,672241,2024-12-09,0.0
48444406916,672241,2024-12-16,0.0
48444406916,672241,2024-12-23,0.0
48444406916,672241,2024-12-30,0.0
48444406916,672241,2025-01-06,0.0
48444406916,672241,2025-01-13,0.0
48444406916,672241,2025-01-20,0.0
48444406916,672241,2025-01-27,0.0
48444406916,672241,2025-02-03,0.0
48444406916,672241,2025-02-10,0.0
48444406916,672241,2025-02-17,0.0
48444406916,672241,2025-02-24,0.0
48444406916,672241,2025-03-03,0.0
48465290456,672241,2024-11-25,0.0
48465290456,672241,2024-12-02,0.0
48465290456,672241,2024-12-09,0.0
48465290456,672241,2024-12-16,0.0
48465290456,672241,2024-12-23,0.0
48465290456,672241,2024-12-30,0.0
48465290456,672241,2025-01-06,0.0
48465290456,672241,2025-01-13,0.0
48465290456,672241,2025-01-20,0.0
48465290456,672241,2025-01-27,0.0
48465290456,672241,2025-02-03,0.0
48465290456,672241,2025-02-10,0.0
48465290456,672241,2025-02-17,0.0
48465290456,672241,2025-02-24,0.0
48465290456,672241,2025-03-03,0.0
48468456999,672241,2024-11-25,0.0
48468456999,672241,2024-12-02,0.0
48468456999,672241,2024-12-09,0.0
48468456999,672241,2024-12-16,0.0
48468456999,672241,2024-12-23,0.0
48468456999,672241,2024-12-30,0.0
48468456999,672241,2025-01-06,0.0
48468456999,672241,2025-01-13,0.0
48468456999,672241,2025-01-20,0.0
48468456999,672241,2025-01-27,0.0
48468456999,672241,2025-02-03,0.0
48468456999,672241,2025-02-10,0.0
48468456999,672241,2025-02-17,0.0
48468456999,672241,2025-02-24,0.0
48468456999,672241,2025-03-03,0.0
48468483975,672241,2024-11-25,0.0
48468483975,672241,2024-12-02,0.0
48468483975,672241,2024-12-09,0.0
48468483975,672241,2024-12-16,0.0
48468483975,672241,2024-12-23,0.0
48468483975,672241,2024-12-30,0.0
48468483975,672241,2025-01-06,0.0
48468483975,672241,2025-01-13,0.0
48468483975,672241,2025-01-20,0.0
48468483975,672241,2025-01-27,0.0
48468483975,672241,2025-02-03,0.0
48468483975,672241,2025-02-10,0.0
48468483975,672241,2025-02-17,0.0
48468483975,672241,2025-02-24,0.0
48468483975,672241,2025-03-03,0.0
48468720437,672241,2024-11-25,0.0
48468720437,672241,2024-12-02,0.0
48468720437,672241,2024-12-09,0.0
48468720437,672241,2024-12-16,0.0
48468720437,672241,2024-12-23,0.0
48468720437,672241,2024-12-30,0.0
48468720437,672241,2025-01-06,0.0
48468720437,672241,2025-01-13,0.0
48468720437,672241,2025-01-20,0.0
48468720437,672241,2025-01-27,0.0
48468720437,672241,2025-02-03,0.0
48468720437,672241,2025-02-10,0.0
48468720437,672241,2025-02-17,0.0
48468720437,672241,2025-02-24,0.0
48468720437,672241,2025-03-03,0.0
48609636473,672241,2024-11-25,0.0
48609636473,672241,2024-12-02,0.0
48609636473,672241,2024-12-09,0.0
48609636473,672241,2024-12-16,0.0
48609636473,672241,2024-12-23,0.0
48609636473,672241,2024-12-30,0.0
48609636473,672241,2025-01-06,0.0
48609636473,672241,2025-01-13,0.0
48609636473,672241,2025-01-20,0.0
48609636473,672241,2025-01-27,0.0
48609636473,672241,2025-02-03,0.0
48609636473,672241,2025-02-10,0.0
48609636473,672241,2025-02-17,0.0
48609636473,672241,2025-02-24,0.0
48609636473,672241,2025-03-03,0.0
48609745445,672241,2024-11-25,0.0
48609745445,672241,2024-12-02,0.0
48609745445,672241,2024-12-09,0.0
48609745445,672241,2024-12-16,0.0
48609745445,672241,2024-12-23,0.0
48609745445,672241,2024-12-30,0.0
48609745445,672241,2025-01-06,0.0
48609745445,672241,2025-01-13,0.0
48609745445,672241,2025-01-20,0.0
48609745445,672241,2025-01-27,0.0
48609745445,672241,2025-02-03,0.0
48609745445,672241,2025-02-10,0.0
48609745445,672241,2025-02-17,0.0
48609745445,672241,2025-02-24,0.0
48609745445,672241,2025-03-03,0.0
48609798496,672241,2024-11-25,0.0
48609798496,672241,2024-12-02,0.0
48609798496,672241,2024-12-09,0.0
48609798496,672241,2024-12-16,0.0
48609798496,672241,2024-12-23,0.0
48609798496,672241,2024-12-30,0.0
48609798496,672241,2025-01-06,0.0
48609798496,672241,2025-01-13,0.0
48609798496,672241,2025-01-20,0.0
48609798496,672241,2025-01-27,0.0
48609798496,672241,2025-02-03,0.0
48609798496,672241,2025-02-10,0.0
48609798496,672241,2025-02-17,0.0
48609798496,672241,2025-02-24,0.0
48609798496,672241,2025-03-03,0.0
48609967412,672241,2024-11-25,0.0
48609967412,672241,2024-12-02,0.0
48609967412,672241,2024-12-09,0.0
48609967412,672241,2024-12-16,0.0
48609967412,672241,2024-12-23,0.0
48609967412,672241,2024-12-30,0.0
48609967412,672241,2025-01-06,0.0
48609967412,672241,2025-01-13,0.0
48609967412,672241,2025-01-20,0.0
48609967412,672241,2025-01-27,0.0
48609967412,672241,2025-02-03,0.0
48609967412,672241,2025-02-10,0.0
48609967412,672241,2025-02-17,0.0
48609967412,672241,2025-02-24,0.0
48609967412,672241,2025-03-03,0.0
48609984414,672241,2024-11-25,0.0
48609984414,672241,2024-12-02,0.0
48609984414,672241,2024-12-09,0.0
48609984414,672241,2024-12-16,0.0
48609984414,672241,2024-12-23,0.0
48609984414,672241,2024-12-30,0.0
48609984414,672241,2025-01-06,0.0
48609984414,672241,2025-01-13,0.0
48609984414,672241,2025-01-20,0.0
48609984414,672241,2025-01-27,0.0
48609984414,672241,2025-02-03,0.0
48609984414,672241,2025-02-10,0.0
48609984414,672241,2025-02-17,0.0
48609984414,672241,2025-02-24,0.0
48609984414,672241,2025-03-03,0.0
48788920432,672241,2024-11-25,0.0
48788920432,672241,2024-12-02,0.0
48788920432,672241,2024-12-09,0.0
48788920432,672241,2024-12-16,0.0
48788920432,672241,2024-12-23,0.0
48788920432,672241,2024-12-30,0.0
48788920432,672241,2025-01-06,0.0
48788920432,672241,2025-01-13,0.0
48788920432,672241,2025-01-20,0.0
48788920432,672241,2025-01-27,0.0
48788920432,672241,2025-02-03,0.0
48788920432,672241,2025-02-10,0.0
48788920432,672241,2025-02-17,0.0
48788920432,672241,2025-02-24,0.0
48788920432,672241,2025-03-03,0.0
48789681494,672241,2024-11-25,0.0
48789681494,672241,2024-12-02,0.0
48789681494,672241,2024-12-09,0.0
48789681494,672241,2024-12-16,0.0
48789681494,672241,2024-12-23,0.0
48789681494,672241,2024-12-30,0.0
48789681494,672241,2025-01-06,0.0
48789681494,672241,2025-01-13,0.0
48789681494,672241,2025-01-20,0.0
48789681494,672241,2025-01-27,0.0
48789681494,672241,2025-02-03,0.0
48789681494,672241,2025-02-10,0.0
48789681494,672241,2025-02-17,0.0
48789681494,672241,2025-02-24,0.0
48789681494,672241,2025-03-03,0.0
48789690935,672241,2024-11-25,0.0
48789690935,672241,2024-12-02,0.0
48789690935,672241,2024-12-09,0.0
48789690935,672241,2024-12-16,0.0
48789690935,672241,2024-12-23,0.0
48789690935,672241,2024-12-30,0.0
48789690935,672241,2025-01-06,0.0
48789690935,672241,2025-01-13,0.0
48789690935,672241,2025-01-20,0.0
48789690935,672241,2025-01-27,0.0
48789690935,672241,2025-02-03,0.0
48789690935,672241,2025-02-10,0.0
48789690935,672241,2025-02-17,0.0
48789690935,672241,2025-02-24,0.0
48789690935,672241,2025-03-03,0.0
