sku_id,period,qty_total,category_id
598294111,2025-03-10,0.8980792008654814,672241
598294111,2025-03-17,1.3980495545054166,672241
598294111,2025-03-24,0.8980090547662872,672241
598294111,2025-03-31,0.39774810073411637,672241
598294111,2025-04-07,1.3975860254925028,672241
598294111,2025-04-14,1.3975896459756247,672241
598294111,2025-04-21,2.8973228082604576,672241
598294111,2025-04-28,1.3974757317233364,672241
598294111,2025-05-05,2.8975305660314885,672241
598294111,2025-05-12,1.3977928346992814,672241
598294111,2025-05-19,0.8982104537369816,672241
598294111,2025-05-26,0.8987106478731871,672241
598294111,2025-06-02,2.898982676391112,672241
598294111,2025-06-09,4.398857314508776,672241
598294111,2025-06-16,1.8989267658249671,672241
598302302,2025-03-10,0.48476095577421874,672241
598302302,2025-03-17,-0.01595741812013394,672241
598302302,2025-03-24,-0.015801412326510528,672241
598302302,2025-03-31,-0.015712085906268408,672241
598302302,2025-04-07,-0.01566443517846721,672241
598302302,2025-04-14,-0.015641034004718966,672241
598302302,2025-04-21,-0.015630068521890812,672241
598302302,2025-04-28,-0.015623521111553594,672241
598302302,2025-05-05,-0.015616086361539994,672241
598302302,2025-05-12,-0.015604347655493844,672241
598302302,2025-05-19,-0.015586003983457684,672241
598302302,2025-05-26,-0.015497233981146975,672241
598302302,2025-06-02,-0.015472423228936785,672241
598302302,2025-06-09,-0.015448608620330671,672241
598302302,2025-06-16,-0.01542515613120117,672241
599653937,2025-03-10,0.32224836834388504,672241
599653937,2025-03-17,1.3223105976147638,672241
599653937,2025-03-24,0.32229394608377127,672241
599653937,2025-03-31,7.822559799162483,672241
599653937,2025-04-07,0.32250054178424503,672241
599653937,2025-04-14,1.322662416368689,672241
599653937,2025-04-21,5.323073841855665,672241
599653937,2025-04-28,11.322470601348536,672241
599653937,2025-05-05,1.3232214133509468,672241
599653937,2025-05-12,3.323063703437081,672241
599653937,2025-05-19,1.3232646601913283,672241
599653937,2025-05-26,0.8232888074882507,672241
599653937,2025-06-02,0.8233972376107066,672241
599653937,2025-06-09,4.323382358498166,672241
599653937,2025-06-16,2.3235717263175926,672241
599703217,2025-03-10,2.5717106042188225,672241
599703217,2025-03-17,1.5724951999346617,672241
599703217,2025-03-24,6.564311727909282,672241
599703217,2025-03-31,2.071337393169036,672241
599703217,2025-04-07,10.065612719224273,672241
599703217,2025-04-14,3.5710920710401544,672241
599703217,2025-04-21,3.563985758802111,672241
599703217,2025-04-28,2.5674002051725866,672241
599703217,2025-05-05,2.064511134075256,672241
599703217,2025-05-12,3.564717395850213,672241
599703217,2025-05-19,3.565833145781571,672241
599703217,2025-05-26,4.063220370659059,672241
599703217,2025-06-02,2.0637235705042145,672241
599703217,2025-06-09,9.567854679098172,672241
599703217,2025-06-16,9.059252744404528,672241
746436995,2025-03-10,-0.1257600210444816,672241
746436995,2025-03-17,-0.11802225381114942,672241
746436995,2025-03-24,1.3895344017804592,672241
746436995,2025-03-31,0.39691494520499954,672241
746436995,2025-04-07,-0.09588186432497098,672241
746436995,2025-04-14,0.4111220520507646,672241
746436995,2025-04-21,-0.08204134643702402,672241
746436995,2025-04-28,-0.07539346419894599,672241
746436995,2025-05-05,0.4310642177982667,672241
746436995,2025-05-12,-0.06264869370965473,672241
746436995,2025-05-19,-0.05655327845524161,672241
746436995,2025-05-26,-0.05064326967854055,672241
746436995,2025-06-02,-0.044915567270971374,672241
746436995,2025-06-09,-0.039377077842826125,672241
746436995,2025-06-16,-0.0340281002105812,672241
2709580011,2025-03-10,0.8855875633661507,672241
2709580011,2025-03-17,0.38570189278730344,672241
2709580011,2025-03-24,-0.11420465081647596,672241
2709580011,2025-03-31,0.8858132917671896,672241
2709580011,2025-04-07,-0.11412176125313278,672241
2709580011,2025-04-14,-0.11407408718891748,672241
2709580011,2025-04-21,-0.11403443762635779,672241
2709580011,2025-04-28,-0.6139503849477304,672241
2709580011,2025-05-05,-0.11386482351086996,672241
2709580011,2025-05-12,-0.11385248329097286,672241
2709580011,2025-05-19,0.8861075510612124,672241
2709580011,2025-05-26,0.8861380242333855,672241
2709580011,2025-06-02,0.8861693425227687,672241
2709580011,2025-06-09,-0.11395584038449502,672241
2709580011,2025-06-16,-0.11407682841144273,672241
2709580215,2025-03-10,0.06319598843531743,672241
2709580215,2025-03-17,0.06315169106237795,672241
2709580215,2025-03-24,0.06311438248366102,672241
2709580215,2025-03-31,1.0630395577214065,672241
2709580215,2025-04-07,0.5630406875058137,672241
2709580215,2025-04-14,0.06304735540582479,672241
2709580215,2025-04-21,0.06303823869290853,672241
2709580215,2025-04-28,0.06303944511451748,672241
2709580215,2025-05-05,0.563023996622243,672241
2709580215,2025-05-12,0.5630383327799096,672241
2709580215,2025-05-19,2.062980420973356,672241
2709580215,2025-05-26,0.06305300518139056,672241
2709580215,2025-06-02,0.06306147795244005,672241
2709580215,2025-06-09,1.563142957169399,672241
2709580215,2025-06-16,0.563109393851812,672241
2787887686,2025-03-10,-0.8940249323051476,672241
2787887686,2025-03-17,-0.8938703446708094,672241
2787887686,2025-03-24,-0.8937631213951236,672241
2787887686,2025-03-31,-0.8936387034322468,672241
2787887686,2025-04-07,-0.893468819354126,672241
2787887686,2025-04-14,-0.8932632677147252,672241
2787887686,2025-04-21,-0.8930475844340022,672241
2787887686,2025-04-28,-0.8928639455766398,672241
2787887686,2025-05-05,-0.89276579097963,672241
2787887686,2025-05-12,-0.8927410277628438,672241
2787887686,2025-05-19,-0.8926666036940862,672241
2787887686,2025-05-26,-0.8926393340855738,672241
2787887686,2025-06-02,4.607328697809474,672241
2787887686,2025-06-09,1.6072915446117242,672241
2787887686,2025-06-16,-0.8927088677224204,672241
3022776581,2025-03-10,-0.23833159069607213,672241
3022776581,2025-03-17,0.26166634141856937,672241
3022776581,2025-03-24,0.261722193011692,672241
3022776581,2025-03-31,0.7617936438875447,672241
3022776581,2025-04-07,-0.23815288574257656,672241
3022776581,2025-04-14,0.2619299519939166,672241
3022776581,2025-04-21,0.26206112880248217,672241
3022776581,2025-04-28,0.26211754436489887,672241
3022776581,2025-05-05,1.2622717760256372,672241
3022776581,2025-05-12,0.2623287409776851,672241
3022776581,2025-05-19,0.2624246364977479,672241
3022776581,2025-05-26,-0.2375050823920387,672241
3022776581,2025-06-02,0.26255427579258084,672241
3022776581,2025-06-09,-0.23737058099092753,672241
3022776581,2025-06-16,-0.23732711333685774,672241
3022776731,2025-03-10,0.40689676529639723,672241
3022776731,2025-03-17,0.40690651097025055,672241
3022776731,2025-03-24,0.4069143115054154,672241
3022776731,2025-03-31,0.40692016825376615,672241
3022776731,2025-04-07,-0.09305374697383478,672241
3022776731,2025-04-14,-0.09304529788092888,672241
3022776731,2025-04-21,0.40694283769578254,672241
3022776731,2025-04-28,-0.09303040889797146,672241
3022776731,2025-05-05,-0.09302116033693358,672241
3022776731,2025-05-12,-0.09301123043769224,672241
3022776731,2025-05-19,0.4069785439700162,672241
3022776731,2025-05-26,-0.09299657056240043,672241
3022776731,2025-06-02,-0.09298713539276876,672241
3022776731,2025-06-09,-0.09297785602785044,672241
3022776731,2025-06-16,-0.09296811255261758,672241
3238598023,2025-03-10,0.36046407903215166,672241
3238598023,2025-03-17,1.3480586804700758,672241
3238598023,2025-03-24,-0.16437306425371728,672241
3238598023,2025-03-31,-0.17637816921358757,672241
3238598023,2025-04-07,-0.18814333838702035,672241
3238598023,2025-04-14,-0.19966621398077536,672241
3238598023,2025-04-21,-0.2109445679712974,672241
3238598023,2025-04-28,-0.22197875492635155,672241
3238598023,2025-05-05,-0.23276717363924876,672241
3238598023,2025-05-12,-0.2433101274689631,672241
3238598023,2025-05-19,0.24643530325341717,672241
3238598023,2025-05-26,-0.263673933813077,672241
3238598023,2025-06-02,-0.2734872955891344,672241
3238598023,2025-06-09,-0.2830573132827152,672241
3238598023,2025-06-16,0.2075543054263419,672241
3252722291,2025-03-10,-0.1223445512338547,672241
3252722291,2025-03-17,-0.1223032538630464,672241
3252722291,2025-03-24,-0.12226737663339693,672241
3252722291,2025-03-31,-0.12224462768370983,672241
3252722291,2025-04-07,-0.12223512259562407,672241
3252722291,2025-04-14,-0.1222321835005631,672241
3252722291,2025-04-21,-0.12222770586323686,672241
3252722291,2025-04-28,-0.12221416102314613,672241
3252722291,2025-05-05,0.3778357560445355,672241
3252722291,2025-05-12,-0.12215476516844717,672241
3252722291,2025-05-19,-0.12210746357218294,672241
3252722291,2025-05-26,-0.12204179661681801,672241
3252722291,2025-06-02,-0.12197495854240162,672241
3252722291,2025-06-09,-0.12190128942943088,672241
3252722291,2025-06-16,-0.12182566343538757,672241
3576081009,2025-03-10,-0.10900484460171264,672241
3576081009,2025-03-17,-0.10934701012361925,672241
3576081009,2025-03-24,-0.10937843927330423,672241
3576081009,2025-03-31,-0.10940312542210076,672241
3576081009,2025-04-07,-0.10942122711597649,672241
3576081009,2025-04-14,-0.10943349761037785,672241
3576081009,2025-04-21,0.3838050887698467,672241
3576081009,2025-04-28,-0.10943717440488068,672241
3576081009,2025-05-05,-0.10942196010646006,672241
3576081009,2025-05-12,-0.10928088351644852,672241
3576081009,2025-05-19,-0.10913624735392712,672241
3576081009,2025-05-26,-0.1088676270126295,672241
3576081009,2025-06-02,-0.10884045832488944,672241
3576081009,2025-06-09,-0.10875189025211651,672241
3576081009,2025-06-16,-0.10866284435922378,672241
3577564803,2025-03-10,4.924244048021315,672241
3577564803,2025-03-17,4.924559020467706,672241
3577564803,2025-03-24,3.424839009274124,672241
3577564803,2025-03-31,5.424862900562938,672241
3577564803,2025-04-07,3.4252690673396344,672241
3577564803,2025-04-14,5.4253656816013285,672241
3577564803,2025-04-21,3.4257506203166646,672241
3577564803,2025-04-28,3.9258678198295804,672241
3577564803,2025-05-05,3.9259867688583814,672241
3577564803,2025-05-12,2.926223308498858,672241
3577564803,2025-05-19,5.926163236235314,672241
3577564803,2025-05-26,5.42646941772474,672241
3577564803,2025-06-02,4.426434391601237,672241
3577564803,2025-06-09,3.9264401977446886,672241
3577564803,2025-06-16,4.926526562302143,672241
3691275758,2025-03-10,-0.09179054389773145,672241
3691275758,2025-03-17,0.40259767965092436,672241
3691275758,2025-03-24,-0.10287393997647323,672241
3691275758,2025-03-31,-0.10828266571143572,672241
3691275758,2025-04-07,0.3863557825798215,672241
3691275758,2025-04-14,0.38109892447436156,672241
3691275758,2025-04-21,-0.12403774348665011,672241
3691275758,2025-04-28,0.37085302895829636,672241
3691275758,2025-05-05,0.36591797335805065,672241
3691275758,2025-05-12,0.36102259472666093,672241
3691275758,2025-05-19,-0.14382839003074066,672241
3691275758,2025-05-26,-0.14857686989961583,672241
3691275758,2025-06-02,0.3467816536593114,672241
3691275758,2025-06-09,-0.15779947446366793,672241
3691275758,2025-06-16,-0.16228853591690434,672241
3692477582,2025-03-10,0.015343757482869508,672241
3692477582,2025-03-17,0.01535121464525152,672241
3692477582,2025-03-24,0.015358621118284468,672241
3692477582,2025-03-31,0.015365931552547292,672241
3692477582,2025-04-07,0.015373131007706924,672241
3692477582,2025-04-14,0.015381511469186988,672241
3692477582,2025-04-21,0.5154574537603287,672241
3692477582,2025-04-28,0.01539870734213121,672241
3692477582,2025-05-05,0.01540753104521339,672241
3692477582,2025-05-12,0.015416222287206884,672241
3692477582,2025-05-19,0.015424782654179035,672241
3692477582,2025-05-26,0.015435819522343908,672241
3692477582,2025-06-02,0.015444142413436272,672241
3692477582,2025-06-09,1.0155877709692962,672241
3692477582,2025-06-16,0.015462154003113918,672241
3693412504,2025-03-10,0.0,672241
3693412504,2025-03-17,0.0,672241
3693412504,2025-03-24,0.0,672241
3693412504,2025-03-31,0.0,672241
3693412504,2025-04-07,0.0,672241
3693412504,2025-04-14,0.0,672241
3693412504,2025-04-21,0.0,672241
3693412504,2025-04-28,0.0,672241
3693412504,2025-05-05,0.0,672241
3693412504,2025-05-12,0.0,672241
3693412504,2025-05-19,0.0,672241
3693412504,2025-05-26,0.0,672241
3693412504,2025-06-02,0.0,672241
3693412504,2025-06-09,0.0,672241
3693412504,2025-06-16,0.0,672241
3867746102,2025-03-10,0.1546866973303915,672241
3867746102,2025-03-17,0.15470289267371698,672241
3867746102,2025-03-24,0.15470788153711174,672241
3867746102,2025-03-31,0.15470172920791897,672241
3867746102,2025-04-07,0.15471634930438807,672241
3867746102,2025-04-14,0.15474117191186373,672241
3867746102,2025-04-21,0.15476566374304496,672241
3867746102,2025-04-28,0.15477928121080914,672241
3867746102,2025-05-05,0.15478206289401408,672241
3867746102,2025-05-12,0.15479538737729995,672241
3867746102,2025-05-19,0.15481931943106006,672241
3867746102,2025-05-26,0.15475806842779158,672241
3867746102,2025-06-02,0.1547712284963707,672241
3867746102,2025-06-09,0.6548723175522506,672241
3867746102,2025-06-16,0.1546624772723567,672241
3880204628,2025-03-10,-0.039831823881813715,672241
3880204628,2025-03-17,-0.046039872884461534,672241
3880204628,2025-03-24,-0.05216712484974531,672241
3880204628,2025-03-31,-0.05821247018292135,672241
3880204628,2025-04-07,-0.06417558004334516,672241
3880204628,2025-04-14,-0.07005613578603882,672241
3880204628,2025-04-21,-0.07585424537942773,672241
3880204628,2025-04-28,-0.08156928660072611,672241
3880204628,2025-05-05,-0.0872007148719361,672241
3880204628,2025-05-12,-0.09274877170834316,672241
3880204628,2025-05-19,-0.09821319858897996,672241
3880204628,2025-05-26,-0.1035981151298109,672241
3880204628,2025-06-02,-0.10889440234062148,672241
3880204628,2025-06-09,-0.11410746519835935,672241
3880204628,2025-06-16,-0.11923662591504336,672241
3926767355,2025-03-10,-0.012120160346279552,672241
3926767355,2025-03-17,-0.012382767486570245,672241
3926767355,2025-03-24,-0.012675408052526815,672241
3926767355,2025-03-31,-0.012950489457071779,672241
3926767355,2025-04-07,-0.013159713341772517,672241
3926767355,2025-04-14,-0.013408930731678897,672241
3926767355,2025-04-21,-0.01359857231995193,672241
3926767355,2025-04-28,-0.013985425995084094,672241
3926767355,2025-05-05,-0.014413627573647975,672241
3926767355,2025-05-12,-0.014572612707962451,672241
3926767355,2025-05-19,-0.014718502423995167,672241
3926767355,2025-05-26,-0.014752471435903608,672241
3926767355,2025-06-02,-0.014882839532690484,672241
3926767355,2025-06-09,-0.015010428288287608,672241
3926767355,2025-06-16,-0.015136968426676167,672241
4079053893,2025-03-10,-0.459242134628673,672241
4079053893,2025-03-17,-0.006159610765080009,672241
4079053893,2025-03-24,-0.5525916491692797,672241
4079053893,2025-03-31,-0.09864535538118108,672241
4079053893,2025-04-07,0.35574175082355874,672241
4079053893,2025-04-14,-0.18938101705760457,672241
4079053893,2025-04-21,-0.234099731877193,672241
4079053893,2025-04-28,-0.27838267008983186,672241
4079053893,2025-05-05,-0.8222046032969959,672241
4079053893,2025-05-12,-0.8656194519228654,672241
4079053893,2025-05-19,-0.9085963717434804,672241
4079053893,2025-05-26,-0.9511788390850106,672241
4079053893,2025-06-02,0.006831337127227832,672241
4079053893,2025-06-09,-1.034919204953939,672241
4079053893,2025-06-16,-1.0761350215527634,672241
4166277217,2025-03-10,3.844415150147374,672241
4166277217,2025-03-17,2.844527871253478,672241
4166277217,2025-03-24,4.344747683289158,672241
4166277217,2025-03-31,5.34488460261251,672241
4166277217,2025-04-07,5.845130865334465,672241
4166277217,2025-04-14,4.345121063088524,672241
4166277217,2025-04-21,5.345316129704503,672241
4166277217,2025-04-28,5.345491876954108,672241
4166277217,2025-05-05,4.345438654816806,672241
4166277217,2025-05-12,5.845598518902973,672241
4166277217,2025-05-19,6.345876884555156,672241
4166277217,2025-05-26,5.846153373072537,672241
4166277217,2025-06-02,5.3460857449479855,672241
4166277217,2025-06-09,10.346866172902264,672241
4166277217,2025-06-16,4.8465257258902295,672241
4203509252,2025-03-10,0.22358480969221034,672241
4203509252,2025-03-17,1.223566211003095,672241
4203509252,2025-03-24,1.223568533952216,672241
4203509252,2025-03-31,0.7235855125516499,672241
4203509252,2025-04-07,1.2235951239160048,672241
4203509252,2025-04-14,0.22362262263921107,672241
4203509252,2025-04-21,1.22362727102684,672241
4203509252,2025-04-28,0.22365755327046732,672241
4203509252,2025-05-05,0.2236778971007975,672241
4203509252,2025-05-12,0.22369643717877924,672241
4203509252,2025-05-19,0.22371701816110745,672241
4203509252,2025-05-26,1.7237451088962585,672241
4203509252,2025-06-02,0.7237444204728458,672241
4203509252,2025-06-09,0.2237523004916004,672241
4203509252,2025-06-16,1.2237846397515852,672241
4233243369,2025-03-10,0.1435578500093137,672241
4233243369,2025-03-17,0.14364595203031477,672241
4233243369,2025-03-24,0.14386395544706404,672241
4233243369,2025-03-31,0.6439405049318203,672241
4233243369,2025-04-07,0.6438313487287731,672241
4233243369,2025-04-14,0.14348630506567334,672241
4233243369,2025-04-21,0.6429752639148395,672241
4233243369,2025-04-28,0.6431993311190969,672241
4233243369,2025-05-05,0.14411561239730353,672241
4233243369,2025-05-12,8.143704087840497,672241
4233243369,2025-05-19,8.14371554688817,672241
4233243369,2025-05-26,0.14401248818197493,672241
4233243369,2025-06-02,0.14310392387000603,672241
4233243369,2025-06-09,0.14277346715706235,672241
4233243369,2025-06-16,0.14308524684638496,672241
4244979510,2025-03-10,0.00020709037884292236,672241
4244979510,2025-03-17,0.0004630628543916826,672241
4244979510,2025-03-24,0.0006875834202412223,672241
4244979510,2025-03-31,0.0008978585224199698,672241
4244979510,2025-04-07,3.0011188454201734,672241
4244979510,2025-04-14,5.501319986883398,672241
4244979510,2025-04-21,5.5014298294024755,672241
4244979510,2025-04-28,3.50149981102713,672241
4244979510,2025-05-05,2.501606095764634,672241
4244979510,2025-05-12,3.5016996625881562,672241
4244979510,2025-05-19,1.5017200470547998,672241
4244979510,2025-05-26,1.501678841520077,672241
4244979510,2025-06-02,2.0016041895328898,672241
4244979510,2025-06-09,0.001563727769840928,672241
4244979510,2025-06-16,0.0015189296194981772,672241
4293110694,2025-03-10,0.03102583456113378,672241
4293110694,2025-03-17,0.031017225141354736,672241
4293110694,2025-03-24,0.03100862003025917,672241
4293110694,2025-03-31,0.031000159561024438,672241
4293110694,2025-04-07,0.03099194994653214,672241
4293110694,2025-04-14,0.030984058761050693,672241
4293110694,2025-04-21,0.030976539119742623,672241
4293110694,2025-04-28,0.03096941216387777,672241
4293110694,2025-05-05,0.0309626943570971,672241
4293110694,2025-05-12,0.030956385465034524,672241
4293110694,2025-05-19,0.030950480256702658,672241
4293110694,2025-05-26,0.030944966250587923,672241
4293110694,2025-06-02,0.03093982906650664,672241
4293110694,2025-06-09,0.030935045508302773,672241
4293110694,2025-06-16,0.030930599688542778,672241
4299736790,2025-03-10,0.0045707989868011036,672241
4299736790,2025-03-17,0.0045691823275636825,672241
4299736790,2025-03-24,0.00456907357852239,672241
4299736790,2025-03-31,0.00457050815881635,672241
4299736790,2025-04-07,0.004573413079040297,672241
4299736790,2025-04-14,0.00457758161049697,672241
4299736790,2025-04-21,0.004582638854088099,672241
4299736790,2025-04-28,0.0045880098425589814,672241
4299736790,2025-05-05,0.004592902368543535,672241
4299736790,2025-05-12,0.0045963479478946,672241
4299736790,2025-05-19,0.004597138819793657,672241
4299736790,2025-05-26,0.004590489119769163,672241
4299736790,2025-06-02,0.5046059707509206,672241
4299736790,2025-06-09,0.0045945669836527266,672241
4299736790,2025-06-16,0.004599863742783466,672241
4299740219,2025-03-10,4.0194041292451175,672241
4299740219,2025-03-17,4.02212466463064,672241
4299740219,2025-03-24,4.024569177700276,672241
4299740219,2025-03-31,4.026728121039734,672241
4299740219,2025-04-07,4.0285240766246835,672241
4299740219,2025-04-14,4.02996415662759,672241
4299740219,2025-04-21,4.030872893994484,672241
4299740219,2025-04-28,4.031047287585382,672241
4299740219,2025-05-05,4.030905801324342,672241
4299740219,2025-05-12,4.030546511017744,672241
4299740219,2025-05-19,4.029802499852746,672241
4299740219,2025-05-26,4.036452916620849,672241
4299740219,2025-06-02,7.017116579211184,672241
4299740219,2025-06-09,5.5243121535987365,672241
4299740219,2025-06-16,7.014130357211927,672241
4391268112,2025-03-10,1.466730509554258,672241
4391268112,2025-03-17,1.4667070492427472,672241
4391268112,2025-03-24,1.4666814371083905,672241
4391268112,2025-03-31,1.4666630404122685,672241
4391268112,2025-04-07,1.4666413720523148,672241
4391268112,2025-04-14,1.466616068466086,672241
4391268112,2025-04-21,1.466592021772964,672241
4391268112,2025-04-28,1.4665724515228082,672241
4391268112,2025-05-05,1.4665569184957072,672241
4391268112,2025-05-12,1.466541723235888,672241
4391268112,2025-05-19,1.4665309564957143,672241
4391268112,2025-05-26,1.4665278062397966,672241
4391268112,2025-06-02,1.466518851655324,672241
4391268112,2025-06-09,1.4665078158198956,672241
4391268112,2025-06-16,1.4664998749051859,672241
4396560443,2025-03-10,0.4938055377512424,672241
4396560443,2025-03-17,0.4938260248066364,672241
4396560443,2025-03-24,0.4938475553982103,672241
4396560443,2025-03-31,0.4938669595462692,672241
4396560443,2025-04-07,0.49388950878642823,672241
4396560443,2025-04-14,0.4939148328294214,672241
4396560443,2025-04-21,0.49393992800880493,672241
4396560443,2025-04-28,0.4939668931429394,672241
4396560443,2025-05-05,0.49400035246352586,672241
4396560443,2025-05-12,0.4940357362356925,672241
4396560443,2025-05-19,0.49407959736808016,672241
4396560443,2025-05-26,0.49406150988446174,672241
4396560443,2025-06-02,0.49409399227799294,672241
4396560443,2025-06-09,0.4941124945940499,672241
4396560443,2025-06-16,0.4941183769462582,672241
4475480724,2025-03-10,6.4406215467574786,672241
4475480724,2025-03-17,6.440890161777223,672241
4475480724,2025-03-24,6.441035910270676,672241
4475480724,2025-03-31,6.44113762253977,672241
4475480724,2025-04-07,6.441226067584214,672241
4475480724,2025-04-14,6.441260963397204,672241
4475480724,2025-04-21,6.441205862879209,672241
4475480724,2025-04-28,6.441079681421437,672241
4475480724,2025-05-05,6.440929836914165,672241
4475480724,2025-05-12,6.440805585372279,672241
4475480724,2025-05-19,6.440759174777137,672241
4475480724,2025-05-26,6.440655181924808,672241
4475480724,2025-06-02,6.440664451711965,672241
4475480724,2025-06-09,6.4406586448758025,672241
4475480724,2025-06-16,6.440636748519368,672241
4475481627,2025-03-10,1.7207581727007963,672241
4475481627,2025-03-17,1.7551261057783796,672241
4475481627,2025-03-24,1.7884383274998015,672241
4475481627,2025-03-31,1.8207789099450644,672241
4475481627,2025-04-07,1.8522243497365471,672241
4475481627,2025-04-14,1.8828454832642867,672241
4475481627,2025-04-21,1.9127083297291716,672241
4475481627,2025-04-28,1.9418756704908984,672241
4475481627,2025-05-05,1.9704087159245682,672241
4475481627,2025-05-12,1.9983682250226216,672241
4475481627,2025-05-19,2.0258168782669688,672241
4475481627,2025-05-26,2.0528242545663717,672241
4475481627,2025-06-02,2.079463287769484,672241
4475481627,2025-06-09,2.105814739360813,672241
4475481627,2025-06-16,2.1319691380237615,672241
4475482043,2025-03-10,0.13744002937220376,672241
4475482043,2025-03-17,0.14174495490880973,672241
4475482043,2025-03-24,0.1460065097511136,672241
4475482043,2025-03-31,0.15022452238763442,672241
4475482043,2025-04-07,0.1543988352099526,672241
4475482043,2025-04-14,0.1585292925113193,672241
4475482043,2025-04-21,0.16261576354079096,672241
4475482043,2025-04-28,0.16665813626550063,672241
4475482043,2025-05-05,0.17065668536087886,672241
4475482043,2025-05-12,0.17461094813552533,672241
4475482043,2025-05-19,0.17852043963469524,672241
4475482043,2025-05-26,0.18238466080181004,672241
4475482043,2025-06-02,0.18620506851615456,672241
4475482043,2025-06-09,0.1899807589766432,672241
4475482043,2025-06-16,0.19371163125400176,672241
4486038235,2025-03-10,0.31333220785810945,672241
4486038235,2025-03-17,0.31335246520081894,672241
4486038235,2025-03-24,0.31337910269963376,672241
4486038235,2025-03-31,0.31341909422793884,672241
4486038235,2025-04-07,0.31344059234586547,672241
4486038235,2025-04-14,0.31342680532753153,672241
4486038235,2025-04-21,0.3133840471831247,672241
4486038235,2025-04-28,0.3133269051240166,672241
4486038235,2025-05-05,0.3132694047779345,672241
4486038235,2025-05-12,0.3132218970758721,672241
4486038235,2025-05-19,0.31318387984618107,672241
4486038235,2025-05-26,0.3131394339092577,672241
4486038235,2025-06-02,0.31309418522851695,672241
4486038235,2025-06-09,0.31303914013378303,672241
4486038235,2025-06-16,0.3129864381495435,672241
4486038328,2025-03-10,0.544742360195236,672241
4486038328,2025-03-17,0.5620208085535672,672241
4486038328,2025-03-24,0.5791214619421047,672241
4486038328,2025-03-31,0.5960414356265863,672241
4486038328,2025-04-07,0.6127812402508245,672241
4486038328,2025-04-14,0.629341241626364,672241
4486038328,2025-04-21,0.6457183896828194,672241
4486038328,2025-04-28,0.6619193714013564,672241
4486038328,2025-05-05,0.6779411641157279,672241
4486038328,2025-05-12,0.6937809335030053,672241
4486038328,2025-05-19,0.7094491692020867,672241
4486038328,2025-05-26,0.7249057680134532,672241
4486038328,2025-06-02,0.740208585679109,672241
4486038328,2025-06-09,0.7553302614993881,672241
4486038328,2025-06-16,0.7702711725246952,672241
4486038387,2025-03-10,0.24366237321832482,672241
4486038387,2025-03-17,0.24365502747011386,672241
4486038387,2025-03-24,0.24361047922174045,672241
4486038387,2025-03-31,0.24356034516648578,672241
4486038387,2025-04-07,0.24352911888130216,672241
4486038387,2025-04-14,0.24352008274086043,672241
4486038387,2025-04-21,0.24352054103512932,672241
4486038387,2025-04-28,0.24351509361640544,672241
4486038387,2025-05-05,0.24349700572009442,672241
4486038387,2025-05-12,0.2434828019872496,672241
4486038387,2025-05-19,0.2435099294952738,672241
4486038387,2025-05-26,0.2434785569031441,672241
4486038387,2025-06-02,0.24353698231421292,672241
4486038387,2025-06-09,0.24356802568591523,672241
4486038387,2025-06-16,0.24359656104130803,672241
4636511797,2025-03-10,1.0001986991305658,672241
4636511797,2025-03-17,1.0003889111240427,672241
4636511797,2025-03-24,1.0004923431155361,672241
4636511797,2025-03-31,1.0005165838438992,672241
4636511797,2025-04-07,1.0005190515945932,672241
4636511797,2025-04-14,1.0005980540046637,672241
4636511797,2025-04-21,1.0007131273194094,672241
4636511797,2025-04-28,1.0007655232643338,672241
4636511797,2025-05-05,1.0007156762600347,672241
4636511797,2025-05-12,1.0006463226278224,672241
4636511797,2025-05-19,1.0006387813890352,672241
4636511797,2025-05-26,1.0006233141731518,672241
4636511797,2025-06-02,1.0005190260398282,672241
4636511797,2025-06-09,1.0003672831827983,672241
4636511797,2025-06-16,1.0002256256577753,672241
4709870548,2025-03-10,1.5365577873749763,672241
4709870548,2025-03-17,1.5365799739121457,672241
4709870548,2025-03-24,1.5366051561064107,672241
4709870548,2025-03-31,1.536641861264925,672241
4709870548,2025-04-07,1.536688360104492,672241
4709870548,2025-04-14,1.5367398748686074,672241
4709870548,2025-04-21,1.5367910619498608,672241
4709870548,2025-04-28,1.5368383373359564,672241
4709870548,2025-05-05,1.5368800770144486,672241
4709870548,2025-05-12,1.5369161767468236,672241
4709870548,2025-05-19,1.536947625884086,672241
4709870548,2025-05-26,1.5369748937497114,672241
4709870548,2025-06-02,1.5369990675238456,672241
4709870548,2025-06-09,1.5370204307148576,672241
4709870548,2025-06-16,1.5370389867689545,672241
4723833696,2025-03-10,0.14057272747970706,672241
4723833696,2025-03-17,0.14065346796367884,672241
4723833696,2025-03-24,0.6409517001708971,672241
4723833696,2025-03-31,1.1409658414314352,672241
4723833696,2025-04-07,0.6412162269802901,672241
4723833696,2025-04-14,1.140669315595411,672241
4723833696,2025-04-21,7.64172196655535,672241
4723833696,2025-04-28,-0.35896757216542774,672241
4723833696,2025-05-05,1.1413860077908695,672241
4723833696,2025-05-12,2.1412216784383054,672241
4723833696,2025-05-19,-0.3585317286317622,672241
4723833696,2025-05-26,0.14114617319234646,672241
4723833696,2025-06-02,2.6411281180728934,672241
4723833696,2025-06-09,7.6414039812331405,672241
4723833696,2025-06-16,2.641035222996685,672241
4723910471,2025-03-10,1.8441088183191459,672241
4723910471,2025-03-17,1.8616262282456946,672241
4723910471,2025-03-24,1.3786324377072043,672241
4723910471,2025-03-31,0.895415146040377,672241
4723910471,2025-04-07,0.41181515910578637,672241
4723910471,2025-04-14,1.4277006052442123,672241
4723910471,2025-04-21,0.44313716368535105,672241
4723910471,2025-04-28,1.958026492202881,672241
4723910471,2025-05-05,0.47266302651604475,672241
4723910471,2025-05-12,2.486791263927028,672241
4723910471,2025-05-19,0.5004771883448006,672241
4723910471,2025-05-26,2.0137037679728342,672241
4723910471,2025-06-02,2.0264071564008805,672241
4723910471,2025-06-09,3.0387652763704383,672241
4723910471,2025-06-16,1.5508638241923494,672241
4723938440,2025-03-10,-0.11257892087867116,672241
4723938440,2025-03-17,-0.1127855630048602,672241
4723938440,2025-03-24,1.3870993475979763,672241
4723938440,2025-03-31,-0.11281252628384708,672241
4723938440,2025-04-07,1.8872728616083891,672241
4723938440,2025-04-14,-1.6128620567833523,672241
4723938440,2025-04-21,-1.112944219459112,672241
4723938440,2025-04-28,-1.6130247331262422,672241
4723938440,2025-05-05,0.8869603999508457,672241
4723938440,2025-05-12,-1.613117478609568,672241
4723938440,2025-05-19,-0.11304739705758027,672241
4723938440,2025-05-26,-0.1131301216970706,672241
4723938440,2025-06-02,0.8868457111060516,672241
4723938440,2025-06-09,7.386787595878046,672241
4723938440,2025-06-16,0.38674090438491715,672241
4724133655,2025-03-10,-0.52329597640869,672241
4724133655,2025-03-17,0.9783717102643301,672241
4724133655,2025-03-24,-0.021063807037858928,672241
4724133655,2025-03-31,0.48119539727399563,672241
4724133655,2025-04-07,-0.51828052957743,672241
4724133655,2025-04-14,2.9803642983508944,672241
4724133655,2025-04-21,-0.01612230563079542,672241
4724133655,2025-04-28,-0.016344216610956253,672241
4724133655,2025-05-05,-0.5155919355211763,672241
4724133655,2025-05-12,0.48547667337921563,672241
4724133655,2025-05-19,-0.5148032276644723,672241
4724133655,2025-05-26,-0.514155166278067,672241
4724133655,2025-06-02,-0.5137786738983116,672241
4724133655,2025-06-09,-0.5133656126299879,672241
4724133655,2025-06-16,-0.5129084855291808,672241
4727839041,2025-03-10,0.03091116581738765,672241
4727839041,2025-03-17,0.030913362326995934,672241
4727839041,2025-03-24,0.03091527524724967,672241
4727839041,2025-03-31,0.03091694000963525,672241
4727839041,2025-04-07,0.030918379992247322,672241
4727839041,2025-04-14,0.03091962290498282,672241
4727839041,2025-04-21,0.030920687318683738,672241
4727839041,2025-04-28,0.03092159392142698,672241
4727839041,2025-05-05,0.03092235773600896,672241
4727839041,2025-05-12,0.030922998018295546,672241
4727839041,2025-05-19,0.030923527535931944,672241
4727839041,2025-05-26,0.030923960400974497,672241
4727839041,2025-06-02,0.030924302050503852,672241
4727839041,2025-06-09,0.030924572005724453,672241
4727839041,2025-06-16,0.03092477664520922,672241
4844412140,2025-03-10,0.03102583456113378,672241
4844412140,2025-03-17,0.031017225141354736,672241
4844412140,2025-03-24,0.03100862003025917,672241
4844412140,2025-03-31,0.031000159561024438,672241
4844412140,2025-04-07,0.03099194994653214,672241
4844412140,2025-04-14,0.030984058761050693,672241
4844412140,2025-04-21,0.030976539119742623,672241
4844412140,2025-04-28,0.03096941216387777,672241
4844412140,2025-05-05,0.0309626943570971,672241
4844412140,2025-05-12,0.030956385465034524,672241
4844412140,2025-05-19,0.030950480256702658,672241
4844412140,2025-05-26,0.030944966250587923,672241
4844412140,2025-06-02,0.03093982906650664,672241
4844412140,2025-06-09,0.030935045508302773,672241
4844412140,2025-06-16,0.030930599688542778,672241
4861004995,2025-03-10,0.0,672241
4861004995,2025-03-17,0.0,672241
4861004995,2025-03-24,0.0,672241
4861004995,2025-03-31,0.0,672241
4861004995,2025-04-07,0.0,672241
4861004995,2025-04-14,0.0,672241
4861004995,2025-04-21,0.0,672241
4861004995,2025-04-28,0.0,672241
4861004995,2025-05-05,0.0,672241
4861004995,2025-05-12,0.0,672241
4861004995,2025-05-19,0.0,672241
4861004995,2025-05-26,0.0,672241
4861004995,2025-06-02,0.0,672241
4861004995,2025-06-09,0.0,672241
4861004995,2025-06-16,0.0,672241
4867304145,2025-03-10,0.0,672241
4867304145,2025-03-17,0.0,672241
4867304145,2025-03-24,0.0,672241
4867304145,2025-03-31,0.0,672241
4867304145,2025-04-07,0.0,672241
4867304145,2025-04-14,0.0,672241
4867304145,2025-04-21,0.0,672241
4867304145,2025-04-28,0.0,672241
4867304145,2025-05-05,0.0,672241
4867304145,2025-05-12,0.0,672241
4867304145,2025-05-19,0.0,672241
4867304145,2025-05-26,0.0,672241
4867304145,2025-06-02,0.0,672241
4867304145,2025-06-09,0.0,672241
4867304145,2025-06-16,0.0,672241
5982960035,2025-03-10,-1.022891371147403,672241
5982960035,2025-03-17,0.47332460458840075,672241
5982960035,2025-03-24,-0.0284163933058732,672241
5982960035,2025-03-31,-1.5314839105772866,672241
5982960035,2025-04-07,-0.03450010552258631,672241
5982960035,2025-04-14,-1.0372043537065339,672241
5982960035,2025-04-21,-1.5395549824211605,672241
5982960035,2025-04-28,-1.0419748868425585,672241
5982960035,2025-05-05,1.9546538701337306,672241
5982960035,2025-05-12,0.45227219021451004,672241
5982960035,2025-05-19,-1.5504282812252193,672241
5982960035,2025-05-26,-0.052180276937826675,672241
5982960035,2025-06-02,-1.5545416336624651,672241
5982960035,2025-06-09,-1.0575824501053805,672241
5982960035,2025-06-16,-0.560647620289848,672241
5996489657,2025-03-10,-0.01538426213762227,672241
5996489657,2025-03-17,0.48460965370976566,672241
5996489657,2025-03-24,-0.015397408295382033,672241
5996489657,2025-03-31,-0.015404442967369127,672241
5996489657,2025-04-07,-0.015411280187505497,672241
5996489657,2025-04-14,-0.0154179037769782,672241
5996489657,2025-04-21,-0.015424333660892919,672241
5996489657,2025-04-28,-0.015430566826618496,672241
5996489657,2025-05-05,-0.015436618000095301,672241
5996489657,2025-05-12,-0.015442474062365066,672241
5996489657,2025-05-19,-0.015448165779013567,672241
5996489657,2025-05-26,-0.015453670809962525,672241
5996489657,2025-06-02,-0.01545899828146645,672241
5996489657,2025-06-09,-0.015464133092863217,672241
5996489657,2025-06-16,-0.015469099880990546,672241
5996490387,2025-03-10,-0.10779269110952575,672241
5996490387,2025-03-17,0.391867519850708,672241
5996490387,2025-03-24,-0.10787770481230502,672241
5996490387,2025-03-31,0.39237842199417194,672241
5996490387,2025-04-07,0.3917345217812245,672241
5996490387,2025-04-14,-0.1080082642817144,672241
5996490387,2025-04-21,-0.10804096164613294,672241
5996490387,2025-04-28,-0.10808524332616792,672241
5996490387,2025-05-05,-0.10812740620010888,672241
5996490387,2025-05-12,-0.10817694848455114,672241
5996490387,2025-05-19,0.8923790315406724,672241
5996490387,2025-05-26,-0.1081361864709553,672241
5996490387,2025-06-02,-0.10817498058015482,672241
5996490387,2025-06-09,-0.10821999682114422,672241
5996490387,2025-06-16,0.39144015226479373,672241
5996537271,2025-03-10,-0.13882309473088805,672241
5996537271,2025-03-17,-0.13882421141098464,672241
5996537271,2025-03-24,-0.1388272984751678,672241
5996537271,2025-03-31,-0.13883278525592757,672241
5996537271,2025-04-07,0.36123882414051506,672241
5996537271,2025-04-14,0.36111754036131605,672241
5996537271,2025-04-21,-0.13883503241147546,672241
5996537271,2025-04-28,-0.13884377118202113,672241
5996537271,2025-05-05,-0.1388532987138302,672241
5996537271,2025-05-12,-0.13886256663589053,672241
5996537271,2025-05-19,-0.13887305935701175,672241
5996537271,2025-05-26,0.36108792407901985,672241
5996537271,2025-06-02,-0.13888137232727132,672241
5996537271,2025-06-09,-0.1389068506526304,672241
5996537271,2025-06-16,-0.13893083000512135,672241
5996540711,2025-03-10,1.2458028883843435,672241
5996540711,2025-03-17,1.7458427409251898,672241
5996540711,2025-03-24,0.24580272408267412,672241
5996540711,2025-03-31,-0.25423699016725343,672241
5996540711,2025-04-07,1.2458015430029055,672241
5996540711,2025-04-14,0.7458297128652659,672241
5996540711,2025-04-21,0.7457381341951114,672241
5996540711,2025-04-28,0.24575106886639286,672241
5996540711,2025-05-05,1.2457171091836416,672241
5996540711,2025-05-12,-0.2543565246800469,672241
5996540711,2025-05-19,-0.254389852535709,672241
5996540711,2025-05-26,0.24562427526982067,672241
5996540711,2025-06-02,0.7456164654755798,672241
5996540711,2025-06-09,2.2453565092119145,672241
5996540711,2025-06-16,0.7454236091276067,672241
5996552646,2025-03-10,3.9971722443074382,672241
5996552646,2025-03-17,0.9979193234666118,672241
5996552646,2025-03-24,0.4978583184378378,672241
5996552646,2025-03-31,0.4976461563623824,672241
5996552646,2025-04-07,2.4967841054328757,672241
5996552646,2025-04-14,0.49724712671712723,672241
5996552646,2025-04-21,0.4970645485579668,672241
5996552646,2025-04-28,0.4968942446321485,672241
5996552646,2025-05-05,0.4967329701353518,672241
5996552646,2025-05-12,0.996747771466848,672241
5996552646,2025-05-19,0.49644279345871145,672241
5996552646,2025-05-26,0.49630081065731035,672241
5996552646,2025-06-02,0.4961759315279295,672241
5996552646,2025-06-09,6.994929413814303,672241
5996552646,2025-06-16,0.9960843373372567,672241
5996815882,2025-03-10,-0.0005073209729422878,672241
5996815882,2025-03-17,-0.00048287883217854044,672241
5996815882,2025-03-24,-0.00045235445629975,672241
5996815882,2025-03-31,0.49954295473819543,672241
5996815882,2025-04-07,0.4995424054641323,672241
5996815882,2025-04-14,0.4995235411021839,672241
5996815882,2025-04-21,-0.0004721509521827122,672241
5996815882,2025-04-28,-0.0004839336760240759,672241
5996815882,2025-05-05,-0.0004905632710000413,672241
5996815882,2025-05-12,-0.0004931661607837784,672241
5996815882,2025-05-19,-0.0004924506483214158,672241
5996815882,2025-05-26,-0.0004908057745633132,672241
5996815882,2025-06-02,0.9995127675820928,672241
5996815882,2025-06-09,-0.00048404700174024817,672241
5996815882,2025-06-16,-0.0004813763519149472,672241
5996820047,2025-03-10,-0.32866928911361515,672241
5996820047,2025-03-17,-0.32806517844530536,672241
5996820047,2025-03-24,-0.32747297508058226,672241
5996820047,2025-03-31,-0.3268949448602029,672241
5996820047,2025-04-07,-0.3263298869449115,672241
5996820047,2025-04-14,2.6751214186819765,672241
5996820047,2025-04-21,0.17472606655484002,672241
5996820047,2025-04-28,-0.3251274027929326,672241
5996820047,2025-05-05,-0.3248481070942325,672241
5996820047,2025-05-12,-0.32458577726090493,672241
5996820047,2025-05-19,0.17550182856899693,672241
5996820047,2025-05-26,-0.3240171408471707,672241
5996820047,2025-06-02,0.17603009213909585,672241
5996820047,2025-06-09,0.17621867749941303,672241
5996820047,2025-06-16,-0.32345565845463714,672241
5996899120,2025-03-10,-0.1079354298234502,672241
5996899120,2025-03-17,-0.10790851795302436,672241
5996899120,2025-03-24,-0.10788034045968378,672241
5996899120,2025-03-31,-0.1078561565359059,672241
5996899120,2025-04-07,-0.10783544654278612,672241
5996899120,2025-04-14,-0.10781765737207372,672241
5996899120,2025-04-21,0.3918683887402574,672241
5996899120,2025-04-28,-0.10787214870194696,672241
5996899120,2025-05-05,-0.10790830099069088,672241
5996899120,2025-05-12,-0.10794694215937846,672241
5996899120,2025-05-19,-0.10798809459054279,672241
5996899120,2025-05-26,-0.10796110096922398,672241
5996899120,2025-06-02,-0.1079965822021776,672241
5996899120,2025-06-09,-0.1080238712589445,672241
5996899120,2025-06-16,-0.10804285553313459,672241
5996932035,2025-03-10,0.0008121178278878982,672241
5996932035,2025-03-17,0.0006648023162043742,672241
5996932035,2025-03-24,0.000520834532763359,672241
5996932035,2025-03-31,0.00044020831432283955,672241
5996932035,2025-04-07,0.00042298692085918424,672241
5996932035,2025-04-14,0.00040937390830230944,672241
5996932035,2025-04-21,0.00033954656703238245,672241
5996932035,2025-04-28,0.0002722833071055822,672241
5996932035,2025-05-05,0.00020765112768951488,672241
5996932035,2025-05-12,0.0001457241805531799,672241
5996932035,2025-05-19,8.65142792061055e-05,672241
5996932035,2025-05-26,-8.7360888593329e-05,672241
5996932035,2025-06-02,-0.00013864889305277572,672241
5996932035,2025-06-09,-0.0001847694082710502,672241
5996932035,2025-06-16,-0.0002256681510761291,672241
5996937634,2025-03-10,0.2340918315273599,672241
5996937634,2025-03-17,0.23415117706713348,672241
5996937634,2025-03-24,5.732731139151999,672241
5996937634,2025-03-31,0.23380474392630815,672241
5996937634,2025-04-07,0.23369289339453495,672241
5996937634,2025-04-14,0.23358524087409183,672241
5996937634,2025-04-21,0.7336193018160939,672241
5996937634,2025-04-28,0.23343586507352274,672241
5996937634,2025-05-05,0.2333657144462374,672241
5996937634,2025-05-12,0.2333017953283663,672241
5996937634,2025-05-19,0.23324294546550664,672241
5996937634,2025-05-26,0.23314484510506586,672241
5996937634,2025-06-02,0.2330880934571909,672241
5996937634,2025-06-09,0.23303000811417274,672241
5996937634,2025-06-16,0.23297061121852194,672241
5996941129,2025-03-10,0.25248918161777323,672241
5996941129,2025-03-17,-0.24804663091461346,672241
5996941129,2025-03-24,-0.24786491249278922,672241
5996941129,2025-03-31,-0.2477243095167307,672241
5996941129,2025-04-07,-0.24760925809900058,672241
5996941129,2025-04-14,-0.2475017917369318,672241
5996941129,2025-04-21,-0.24741193174320042,672241
5996941129,2025-04-28,0.2527770274073333,672241
5996941129,2025-05-05,-0.24758176774567353,672241
5996941129,2025-05-12,0.2529119055561638,672241
5996941129,2025-05-19,-0.24712957961919152,672241
5996941129,2025-05-26,0.25306562795298876,672241
5996941129,2025-06-02,0.2529049736598829,672241
5996941129,2025-06-09,0.25246326214510606,672241
5996941129,2025-06-16,-0.2475969757954126,672241
7405700714,2025-03-10,-0.3710963239130298,672241
7405700714,2025-03-17,-0.3711073532469724,672241
7405700714,2025-03-24,-0.3711186541570215,672241
7405700714,2025-03-31,1.1287735503533654,672241
7405700714,2025-04-07,0.6288597380936515,672241
7405700714,2025-04-14,0.12881696302490625,672241
7405700714,2025-04-21,0.12887432664238463,672241
7405700714,2025-04-28,0.12880125680101728,672241
7405700714,2025-05-05,-0.3711777180087026,672241
7405700714,2025-05-12,-0.37118884910554784,672241
7405700714,2025-05-19,-0.3712001106722529,672241
7405700714,2025-05-26,-0.37121575479505275,672241
7405700714,2025-06-02,0.1287368724231841,672241
7405700714,2025-06-09,-0.37123779660703904,672241
7405700714,2025-06-16,5.628314928309898,672241
9629394497,2025-03-10,-0.00045252097967340976,672241
9629394497,2025-03-17,2.9990366063772624,672241
9629394497,2025-03-24,-2.001428359346526,672241
9629394497,2025-03-31,1.4980982579468654,672241
9629394497,2025-04-07,-4.502240994429098,672241
9629394497,2025-04-14,-3.5026091207035375,672241
9629394497,2025-04-21,-3.0028180207955026,672241
9629394497,2025-04-28,-3.5030232615416823,672241
9629394497,2025-05-05,-2.5032081431490356,672241
9629394497,2025-05-12,-2.0032816644119884,672241
9629394497,2025-05-19,-3.5032033580285344,672241
9629394497,2025-05-26,-3.5030782793947806,672241
9629394497,2025-06-02,-3.5030975047183857,672241
9629394497,2025-06-09,-4.00343948016484,672241
9629394497,2025-06-16,-3.5035935735210573,672241
15766844963,2025-03-10,-0.736703632345149,672241
15766844963,2025-03-17,0.2635016667273071,672241
15766844963,2025-03-24,0.26299734351172227,672241
15766844963,2025-03-31,3.2642735705698036,672241
15766844963,2025-04-07,-1.2364542892306372,672241
15766844963,2025-04-14,-0.23688170363431194,672241
15766844963,2025-04-21,-1.2361926540281987,672241
15766844963,2025-04-28,-0.23675370952912916,672241
15766844963,2025-05-05,0.2628779465351786,672241
15766844963,2025-05-12,-1.2364548867738878,672241
15766844963,2025-05-19,-1.2368176107331352,672241
15766844963,2025-05-26,-0.7362664569027255,672241
15766844963,2025-06-02,-1.2367319620720518,672241
15766844963,2025-06-09,-1.236810412359715,672241
15766844963,2025-06-16,-1.2368317168679792,672241
20377431146,2025-03-10,0.016987775502993477,672241
20377431146,2025-03-17,0.016540254503861027,672241
20377431146,2025-03-24,0.5190916964550885,672241
20377431146,2025-03-31,0.016533236159289005,672241
20377431146,2025-04-07,0.016328493566903107,672241
20377431146,2025-04-14,0.01615310716383464,672241
20377431146,2025-04-21,0.016005327640693415,672241
20377431146,2025-04-28,0.015904356578223963,672241
20377431146,2025-05-05,0.01583118597929438,672241
20377431146,2025-05-12,0.5127854800787657,672241
20377431146,2025-05-19,0.014909272414595304,672241
20377431146,2025-05-26,0.014835019065515001,672241
20377431146,2025-06-02,0.014708016563474785,672241
20377431146,2025-06-09,0.014609555141303895,672241
20377431146,2025-06-16,0.014538352725802658,672241
24738070995,2025-03-10,0.8711415255373727,672241
24738070995,2025-03-17,0.37113612103510296,672241
24738070995,2025-03-24,0.37113705155122684,672241
24738070995,2025-03-31,0.37113755540316384,672241
24738070995,2025-04-07,0.3711379590053101,672241
24738070995,2025-04-14,1.3711618888676869,672241
24738070995,2025-04-21,0.3711487052340472,672241
24738070995,2025-04-28,0.37114796391781757,672241
24738070995,2025-05-05,0.3711471393033098,672241
24738070995,2025-05-12,0.371146057890979,672241
24738070995,2025-05-19,0.371144760875516,672241
24738070995,2025-05-26,0.8711596457762635,672241
24738070995,2025-06-02,0.3711458444755949,672241
24738070995,2025-06-09,0.37114404226080117,672241
24738070995,2025-06-16,0.3711419105024488,672241
24738579136,2025-03-10,0.4793102523200863,672241
24738579136,2025-03-17,0.47931238075923344,672241
24738579136,2025-03-24,0.4793139869265399,672241
24738579136,2025-03-31,0.4793154469910694,672241
24738579136,2025-04-07,0.47931699711342063,672241
24738579136,2025-04-14,0.479317572926643,672241
24738579136,2025-04-21,0.4793174701177081,672241
24738579136,2025-04-28,0.47931765834814943,672241
24738579136,2025-05-05,0.47931786623550554,672241
24738579136,2025-05-12,0.9793464253767248,672241
24738579136,2025-05-19,0.4793233370717392,672241
24738579136,2025-05-26,0.4793357125687067,672241
24738579136,2025-06-02,0.9793320960428351,672241
24738579136,2025-06-09,0.47934176909216025,672241
24738579136,2025-06-16,0.479342258944126,672241
25223257610,2025-03-10,-0.09266037634370589,672241
25223257610,2025-03-17,-0.0926633321469674,672241
25223257610,2025-03-24,-0.09266624165625705,672241
25223257610,2025-03-31,-0.09266913376743992,672241
25223257610,2025-04-07,-0.09267201054370894,672241
25223257610,2025-04-14,-0.09267481758594506,672241
25223257610,2025-04-21,-0.09267757559315572,672241
25223257610,2025-04-28,-0.09268036451756376,672241
25223257610,2025-05-05,-0.09268306892181827,672241
25223257610,2025-05-12,-0.09268568777876376,672241
25223257610,2025-05-19,0.4073147125475603,672241
25223257610,2025-05-26,-0.09269074312187711,672241
25223257610,2025-06-02,0.4073031308476488,672241
25223257610,2025-06-09,-0.09269633638385803,672241
25223257610,2025-06-16,-0.09269905242320316,672241
25223743696,2025-03-10,-0.24706759355035446,672241
25223743696,2025-03-17,-0.24708405444569642,672241
25223743696,2025-03-24,-0.24709747595114817,672241
25223743696,2025-03-31,-0.2471119344476435,672241
25223743696,2025-04-07,-0.24712752000172905,672241
25223743696,2025-04-14,-0.2471400834253338,672241
25223743696,2025-04-21,-0.24714560920663117,672241
25223743696,2025-04-28,0.2535290276332216,672241
25223743696,2025-05-05,-0.247050126367689,672241
25223743696,2025-05-12,0.2536149240480563,672241
25223743696,2025-05-19,-0.24697767095765244,672241
25223743696,2025-05-26,-0.24697261746529098,672241
25223743696,2025-06-02,-0.24700164420256504,672241
25223743696,2025-06-09,-0.24702676672830143,672241
25223743696,2025-06-16,0.25265859133072793,672241
25223744190,2025-03-10,-0.11866720309649222,672241
25223744190,2025-03-17,-0.12167459401430541,672241
25223744190,2025-03-24,-0.12459798205716383,672241
25223744190,2025-03-31,-0.12743757025329436,672241
25223744190,2025-04-07,-0.13019349163142466,672241
25223744190,2025-04-14,-0.13286578195114432,672241
25223744190,2025-04-21,-0.13545463103633046,672241
25223744190,2025-04-28,-0.1379604793662093,672241
25223744190,2025-05-05,-0.14038298574329808,672241
25223744190,2025-05-12,-0.14272139851966678,672241
25223744190,2025-05-19,-0.14497657264781977,672241
25223744190,2025-05-26,-0.14714903098854232,672241
25223744190,2025-06-02,-0.1492383139752152,672241
25223744190,2025-06-09,0.3487444084686862,672241
25223744190,2025-06-16,0.34682496579735805,672241
25671218131,2025-03-10,0.039766665550206096,672241
25671218131,2025-03-17,0.03972172297099904,672241
25671218131,2025-03-24,0.039693172860034764,672241
25671218131,2025-03-31,-0.46036751998485165,672241
25671218131,2025-04-07,0.03957781233665268,672241
25671218131,2025-04-14,-0.4604602848141555,672241
25671218131,2025-04-21,-0.4605066183014643,672241
25671218131,2025-04-28,-0.46055258734320076,672241
25671218131,2025-05-05,-0.46059684074729645,672241
25671218131,2025-05-12,-0.460636697495286,672241
25671218131,2025-05-19,-0.4606668998635757,672241
25671218131,2025-05-26,0.03935212081750657,672241
25671218131,2025-06-02,1.039385118412171,672241
25671218131,2025-06-09,-0.460738981978535,672241
25671218131,2025-06-16,-0.46081638656340035,672241
25671218642,2025-03-10,0.1853357664989988,672241
25671218642,2025-03-17,-0.8184803526822253,672241
25671218642,2025-03-24,0.6791061798587604,672241
25671218642,2025-03-31,-0.32185991047392926,672241
25671218642,2025-04-07,0.1819917144480788,672241
25671218642,2025-04-14,0.18156502252091725,672241
25671218642,2025-04-21,-0.8218993624328372,672241
25671218642,2025-04-28,-0.8225092107018688,672241
25671218642,2025-05-05,-0.8231519428008612,672241
25671218642,2025-05-12,0.6811152452521598,672241
25671218642,2025-05-19,-0.3220406383132076,672241
25671218642,2025-05-26,0.6784167148379663,672241
25671218642,2025-06-02,1.1770824246644376,672241
25671218642,2025-06-09,-0.8229103469855474,672241
25671218642,2025-06-16,-0.3217146001072529,672241
27095798175,2025-03-10,-0.06189440773186883,672241
27095798175,2025-03-17,-0.06201203035894243,672241
27095798175,2025-03-24,-0.06204782409951676,672241
27095798175,2025-03-31,-0.06208881066213423,672241
27095798175,2025-04-07,-0.06216874570099301,672241
27095798175,2025-04-14,-0.062274542018464885,672241
27095798175,2025-04-21,-0.0624162756103952,672241
27095798175,2025-04-28,-0.06256393278397215,672241
27095798175,2025-05-05,-0.06270016548346224,672241
27095798175,2025-05-12,-0.06285878104832732,672241
27095798175,2025-05-19,-0.06299414610185947,672241
27095798175,2025-05-26,-0.06312465544957688,672241
27095798175,2025-06-02,0.9367428786052343,672241
27095798175,2025-06-09,-0.0633526103962138,672241
27095798175,2025-06-16,-0.0634197229093746,672241
27095801676,2025-03-10,0.23542862759643868,672241
27095801676,2025-03-17,0.23554574780311766,672241
27095801676,2025-03-24,0.23570769822568827,672241
27095801676,2025-03-31,0.7358865432910964,672241
27095801676,2025-04-07,1.7360469146200554,672241
27095801676,2025-04-14,0.7369423661160208,672241
27095801676,2025-04-21,7.7354380804816,672241
27095801676,2025-04-28,0.7366770027592061,672241
27095801676,2025-05-05,0.23599171902200544,672241
27095801676,2025-05-12,0.23564149778340227,672241
27095801676,2025-05-19,0.23556891386684442,672241
27095801676,2025-05-26,0.23546112673544062,672241
27095801676,2025-06-02,0.7355657726590423,672241
27095801676,2025-06-09,0.7355527234107876,672241
27095801676,2025-06-16,0.23541860094570777,672241
27095803613,2025-03-10,0.3600038306327221,672241
27095803613,2025-03-17,0.8600711385701486,672241
27095803613,2025-03-24,0.36010284583564367,672241
27095803613,2025-03-31,0.3601427657560886,672241
27095803613,2025-04-07,0.3601722019636716,672241
27095803613,2025-04-14,1.3601555830207888,672241
27095803613,2025-04-21,1.360221453602163,672241
27095803613,2025-04-28,0.8601728512160045,672241
27095803613,2025-05-05,0.8601657374794893,672241
27095803613,2025-05-12,1.8601433236206282,672241
27095803613,2025-05-19,0.3601257426484732,672241
27095803613,2025-05-26,0.860064474121665,672241
27095803613,2025-06-02,1.8600821412004587,672241
27095803613,2025-06-09,0.35999987069148753,672241
27095803613,2025-06-16,0.35997291923285246,672241
27095804199,2025-03-10,0.4322881326022806,672241
27095804199,2025-03-17,0.43215012795835883,672241
27095804199,2025-03-24,0.43856239990523627,672241
27095804199,2025-03-31,0.43926747548469575,672241
27095804199,2025-04-07,-0.0633890336826829,672241
27095804199,2025-04-14,-0.06326651204045264,672241
27095804199,2025-04-21,-0.06316907676704425,672241
27095804199,2025-04-28,-0.06308876236281469,672241
27095804199,2025-05-05,-0.06308502513971692,672241
27095804199,2025-05-12,-0.06305258039316602,672241
27095804199,2025-05-19,-0.06301906709943511,672241
27095804199,2025-05-26,0.43745895232121185,672241
27095804199,2025-06-02,1.437276869118083,672241
27095804199,2025-06-09,0.4356830887143334,672241
27095804199,2025-06-16,-0.06468313736716663,672241
27095805681,2025-03-10,1.5638381851233278,672241
27095805681,2025-03-17,1.0638804143053229,672241
27095805681,2025-03-24,0.5639583765350691,672241
27095805681,2025-03-31,2.5640234903407046,672241
27095805681,2025-04-07,3.064087916216008,672241
27095805681,2025-04-14,2.0641917323988013,672241
27095805681,2025-04-21,2.5643245278484885,672241
27095805681,2025-04-28,2.5644266210258575,672241
27095805681,2025-05-05,3.064462042738531,672241
27095805681,2025-05-12,1.5644807633852689,672241
27095805681,2025-05-19,2.564424144103862,672241
27095805681,2025-05-26,3.5641531171533325,672241
27095805681,2025-06-02,3.0640334874974773,672241
27095805681,2025-06-09,1.06415423551389,672241
27095805681,2025-06-16,2.064013157387737,672241
27095807110,2025-03-10,-0.0605759829640351,672241
27095807110,2025-03-17,-0.06054996979465965,672241
27095807110,2025-03-24,-0.060526076249772354,672241
27095807110,2025-03-31,-0.06052914894491046,672241
27095807110,2025-04-07,-0.06054532759903375,672241
27095807110,2025-04-14,0.4390999780837358,672241
27095807110,2025-04-21,-0.060628687543349935,672241
27095807110,2025-04-28,-0.06065395558443032,672241
27095807110,2025-05-05,-0.060676307426315246,672241
27095807110,2025-05-12,-0.06070515420254541,672241
27095807110,2025-05-19,0.43892262348812827,672241
27095807110,2025-05-26,0.9390091823756193,672241
27095807110,2025-06-02,0.939104187849641,672241
27095807110,2025-06-09,0.4391709493396482,672241
27095807110,2025-06-16,0.4391373766026788,672241
27095807671,2025-03-10,1.0091513459908297,672241
27095807671,2025-03-17,1.010664312728591,672241
27095807671,2025-03-24,-0.987616029240163,672241
27095807671,2025-03-31,0.0135023925957507,672241
27095807671,2025-04-07,2.0141622178047838,672241
27095807671,2025-04-14,1.0145356816327933,672241
27095807671,2025-04-21,2.014392530780926,672241
27095807671,2025-04-28,-0.4854951458042682,672241
27095807671,2025-05-05,-0.985550626453894,672241
27095807671,2025-05-12,-0.9855788449041645,672241
27095807671,2025-05-19,0.014830181647642604,672241
27095807671,2025-05-26,-0.9849276826867099,672241
27095807671,2025-06-02,3.01487100295666,672241
27095807671,2025-06-09,0.01545312786460351,672241
27095807671,2025-06-16,0.015188114831393484,672241
27095808173,2025-03-10,-0.039404727728807876,672241
27095808173,2025-03-17,-0.03980703964747501,672241
27095808173,2025-03-24,-0.040171208184657525,672241
27095808173,2025-03-31,0.46242170795686977,672241
27095808173,2025-04-07,0.45644419026230487,672241
27095808173,2025-04-14,-0.04096088858814545,672241
27095808173,2025-04-21,-0.04142235365212926,672241
27095808173,2025-04-28,0.46111157596649033,672241
27095808173,2025-05-05,-0.04199900249979743,672241
27095808173,2025-05-12,-0.04236653240932048,672241
27095808173,2025-05-19,-0.042702484384097295,672241
27095808173,2025-05-26,-0.04308900585601971,672241
27095808173,2025-06-02,1.9566087413513025,672241
27095808173,2025-06-09,0.9566803090433009,672241
27095808173,2025-06-16,-0.043348415935552054,672241
27095808692,2025-03-10,-0.18218519346947848,672241
27095808692,2025-03-17,0.3178519024832182,672241
27095808692,2025-03-24,0.31778440588196616,672241
27095808692,2025-03-31,-0.18219029334764805,672241
27095808692,2025-04-07,-0.18220418620473114,672241
27095808692,2025-04-14,-0.1822166620071311,672241
27095808692,2025-04-21,0.3178199042691369,672241
27095808692,2025-04-28,0.31776984320224677,672241
27095808692,2025-05-05,-0.18216187105896564,672241
27095808692,2025-05-12,0.8178142762813425,672241
27095808692,2025-05-19,1.3178104283072065,672241
27095808692,2025-05-26,-0.1820684771961709,672241
27095808692,2025-06-02,-0.18204485844511445,672241
27095808692,2025-06-09,0.31795986529858744,672241
27095808692,2025-06-16,-0.18197465202327748,672241
27095809660,2025-03-10,0.18691029992590613,672241
27095809660,2025-03-17,0.1868837052179836,672241
27095809660,2025-03-24,0.6873453378926133,672241
27095809660,2025-03-31,0.6864629168315279,672241
27095809660,2025-04-07,0.18693176520001326,672241
27095809660,2025-04-14,0.18694166377920873,672241
27095809660,2025-04-21,0.6864930858092723,672241
27095809660,2025-04-28,0.18699084306237346,672241
27095809660,2025-05-05,0.18704573726480844,672241
27095809660,2025-05-12,0.1870903033975186,672241
27095809660,2025-05-19,0.187189865696209,672241
27095809660,2025-05-26,1.186311721160561,672241
27095809660,2025-06-02,1.18631804176511,672241
27095809660,2025-06-09,1.6857594044378383,672241
27095809660,2025-06-16,2.68713157117758,672241
27095810173,2025-03-10,-0.034165569445895105,672241
27095810173,2025-03-17,-0.1608559230342984,672241
27095810173,2025-03-24,-0.2863076022934524,672241
27095810173,2025-03-31,4.589440330447033,672241
27095810173,2025-04-07,-0.5333643103994674,672241
27095810173,2025-04-14,-0.6549805535119029,672241
27095810173,2025-04-21,-0.7753564850367266,672241
27095810173,2025-04-28,-0.8944864418711381,672241
27095810173,2025-05-05,-1.0123601606469181,672241
27095810173,2025-05-12,-0.6289823320101596,672241
27095810173,2025-05-19,-0.7443409452539472,672241
27095810173,2025-05-26,-0.858400081870825,672241
27095810173,2025-06-02,-1.4711675545895284,672241
27095810173,2025-06-09,3.4172760841139684,672241
27095810173,2025-06-16,-1.6928963402833852,672241
27095810673,2025-03-10,4.622891753485071,672241
27095810673,2025-03-17,4.1224152949017805,672241
27095810673,2025-03-24,5.121731018382569,672241
27095810673,2025-03-31,5.121440080679871,672241
27095810673,2025-04-07,4.621506329467011,672241
27095810673,2025-04-14,5.121145805310323,672241
27095810673,2025-04-21,4.12150557806032,672241
27095810673,2025-04-28,5.620658948877411,672241
27095810673,2025-05-05,6.119731193185417,672241
27095810673,2025-05-12,3.6202585084198984,672241
27095810673,2025-05-19,3.6201937640602235,672241
27095810673,2025-05-26,3.6194268250856925,672241
27095810673,2025-06-02,3.6193846634833964,672241
27095810673,2025-06-09,6.118970679792307,672241
27095810673,2025-06-16,4.118691249626442,672241
27095811177,2025-03-10,0.20085347278330662,672241
27095811177,2025-03-17,0.20086463878956973,672241
27095811177,2025-03-24,0.20087447924889423,672241
27095811177,2025-03-31,0.20088480123524222,672241
27095811177,2025-04-07,0.20089483333711106,672241
27095811177,2025-04-14,0.20090399562258893,672241
27095811177,2025-04-21,0.20091423123994295,672241
27095811177,2025-04-28,0.20092382266995318,672241
27095811177,2025-05-05,0.20093112545906483,672241
27095811177,2025-05-12,0.7008993740460956,672241
27095811177,2025-05-19,0.20093300134525494,672241
27095811177,2025-05-26,0.20094790254524303,672241
27095811177,2025-06-02,1.200963171439519,672241
27095811177,2025-06-09,0.7009780483797873,672241
27095811177,2025-06-16,0.20098245883621763,672241
27095812646,2025-03-10,0.581339897552511,672241
27095812646,2025-03-17,0.5838769376566395,672241
27095812646,2025-03-24,0.5856375216453618,672241
27095812646,2025-03-31,1.5840064600767652,672241
27095812646,2025-04-07,0.587145543713967,672241
27095812646,2025-04-14,0.5873920162876614,672241
27095812646,2025-04-21,1.0862271069758533,672241
27095812646,2025-04-28,0.5876558596384007,672241
27095812646,2025-05-05,0.5878347894353717,672241
27095812646,2025-05-12,0.5882013655588485,672241
27095812646,2025-05-19,1.0872131057571341,672241
27095812646,2025-05-26,0.5878459264386172,672241
27095812646,2025-06-02,0.5880065598894781,672241
27095812646,2025-06-09,0.5880038874452335,672241
27095812646,2025-06-16,0.5878271575356322,672241
27095813697,2025-03-10,0.8297244225090485,672241
27095813697,2025-03-17,-0.17017141635407185,672241
27095813697,2025-03-24,0.3297861352596305,672241
27095813697,2025-03-31,-0.17015623967281904,672241
27095813697,2025-04-07,-0.17014991719025208,672241
27095813697,2025-04-14,0.8297557674596123,672241
27095813697,2025-04-21,-0.17013865400672232,672241
27095813697,2025-04-28,-0.17013135440540098,672241
27095813697,2025-05-05,-0.1701238559944266,672241
27095813697,2025-05-12,-0.17011694674024325,672241
27095813697,2025-05-19,-0.17011137271720925,672241
27095813697,2025-05-26,-0.17011639613225094,672241
27095813697,2025-06-02,-0.17011305253572817,672241
27095813697,2025-06-09,-0.17010980068532144,672241
27095813697,2025-06-16,-0.1701053177748418,672241
27095814149,2025-03-10,1.3608366577689197,672241
27095814149,2025-03-17,-0.13915686367760804,672241
27095814149,2025-03-24,0.3608311940912615,672241
27095814149,2025-03-31,0.3608269003957762,672241
27095814149,2025-04-07,-0.1391704624151126,672241
27095814149,2025-04-14,-0.13917706134236374,672241
27095814149,2025-04-21,-0.1391829544932991,672241
27095814149,2025-04-28,-0.13918858492778124,672241
27095814149,2025-05-05,0.3608146828068161,672241
27095814149,2025-05-12,-0.13919745949120305,672241
27095814149,2025-05-19,-0.13919984912346195,672241
27095814149,2025-05-26,-0.1392013480279634,672241
27095814149,2025-06-02,0.36078437245066963,672241
27095814149,2025-06-09,-0.13920648741581,672241
27095814149,2025-06-16,0.36077860670258793,672241
27878669323,2025-03-10,-1.6951377768318991,672241
27878669323,2025-03-17,-1.6949730300947685,672241
27878669323,2025-03-24,-1.6949400828603938,672241
27878669323,2025-03-31,-1.1949990901903629,672241
27878669323,2025-04-07,-1.6950263474400429,672241
27878669323,2025-04-14,-1.1949927277689563,672241
27878669323,2025-04-21,-0.6950157967284656,672241
27878669323,2025-04-28,-0.6951146579791222,672241
27878669323,2025-05-05,-1.695179670343326,672241
27878669323,2025-05-12,-0.6951482226664716,672241
27878669323,2025-05-19,-1.6950451580946564,672241
27878669323,2025-05-26,-1.1949522058889563,672241
27878669323,2025-06-02,-1.6948486322879257,672241
27878669323,2025-06-09,1.305313620849491,672241
27878669323,2025-06-16,-1.1946359662318171,672241
27878726372,2025-03-10,1.3185713414748805,672241
27878726372,2025-03-17,1.3185909554977306,672241
27878726372,2025-03-24,2.3186155591274202,672241
27878726372,2025-03-31,1.318631184629881,672241
27878726372,2025-04-07,0.818654607921782,672241
27878726372,2025-04-14,0.8186672168293583,672241
27878726372,2025-04-21,1.3186896130891819,672241
27878726372,2025-04-28,1.818708594786475,672241
27878726372,2025-05-05,0.8187341713780687,672241
27878726372,2025-05-12,1.3187497028500461,672241
27878726372,2025-05-19,1.3187693809918652,672241
27878726372,2025-05-26,0.8187968789356758,672241
27878726372,2025-06-02,0.818817220275638,672241
27878726372,2025-06-09,1.3188318609705365,672241
27878726372,2025-06-16,1.3188564669869474,672241
28809186837,2025-03-10,2.572510608796633,672241
28809186837,2025-03-17,2.0723988643531714,672241
28809186837,2025-03-24,2.072389809735842,672241
28809186837,2025-03-31,3.0726740713996823,672241
28809186837,2025-04-07,2.5725974819710817,672241
28809186837,2025-04-14,2.5726721464514903,672241
28809186837,2025-04-21,2.072630203980503,672241
28809186837,2025-04-28,2.0727162116183826,672241
28809186837,2025-05-05,2.572650599836546,672241
28809186837,2025-05-12,2.5726790976359535,672241
28809186837,2025-05-19,2.0728370382615227,672241
28809186837,2025-05-26,2.072964002554554,672241
28809186837,2025-06-02,4.073034776995711,672241
28809186837,2025-06-09,2.5729219327967043,672241
28809186837,2025-06-16,2.073017663111448,672241
28809187395,2025-03-10,0.38851100178783804,672241
28809187395,2025-03-17,0.40055877373498583,672241
28809187395,2025-03-24,0.41246488711083407,672241
28809187395,2025-03-31,0.42422979441515996,672241
28809187395,2025-04-07,0.43585407395607373,672241
28809187395,2025-04-14,0.44733661993398743,672241
28809187395,2025-04-21,0.45867578027666844,672241
28809187395,2025-04-28,0.46987130964015106,672241
28809187395,2025-05-05,0.48092279550578115,672241
28809187395,2025-05-12,0.4918302817376743,672241
28809187395,2025-05-19,0.5025939104550317,672241
28809187395,2025-05-26,0.5132122808009616,672241
28809187395,2025-06-02,2.023870453145086,672241
28809187395,2025-06-09,0.5341614165146389,672241
28809187395,2025-06-16,0.5443881586934289,672241
28809187852,2025-03-10,0.03092434357083597,672241
28809187852,2025-03-17,0.030923959619025457,672241
28809187852,2025-03-24,0.030923598455921616,672241
28809187852,2025-03-31,0.030923288453413023,672241
28809187852,2025-04-07,0.03092312024130793,672241
28809187852,2025-04-14,0.030922980817748053,672241
28809187852,2025-04-21,0.030922958666290634,672241
28809187852,2025-04-28,0.030922958491811703,672241
28809187852,2025-05-05,0.0309231041500085,672241
28809187852,2025-05-12,0.030923273730035394,672241
28809187852,2025-05-19,0.030923606000236803,672241
28809187852,2025-05-26,0.03092387854134407,672241
28809187852,2025-06-02,0.030924305955495057,672241
28809187852,2025-06-09,0.03092475128533087,672241
28809187852,2025-06-16,0.030925258494673757,672241
28809207396,2025-03-10,0.21649063224083653,672241
28809207396,2025-03-17,0.21639423426646615,672241
28809207396,2025-03-24,0.21636781109988457,672241
28809207396,2025-03-31,0.21633262137811454,672241
28809207396,2025-04-07,0.7139253698074222,672241
28809207396,2025-04-14,0.21634399230650658,672241
28809207396,2025-04-21,0.2163899007031047,672241
28809207396,2025-04-28,0.21642697303514258,672241
28809207396,2025-05-05,0.21646088609723585,672241
28809207396,2025-05-12,0.21649474549409992,672241
28809207396,2025-05-19,0.21645982506368683,672241
28809207396,2025-05-26,0.21701386418238283,672241
28809207396,2025-06-02,0.7169082105794659,672241
28809207396,2025-06-09,0.21706865633764888,672241
28809207396,2025-06-16,0.21708060506884702,672241
28809212359,2025-03-10,1.298564722124956,672241
28809212359,2025-03-17,0.7985913915227392,672241
28809212359,2025-03-24,0.7985692150839436,672241
28809212359,2025-03-31,0.7985493785465196,672241
28809212359,2025-04-07,0.7985277238518229,672241
28809212359,2025-04-14,0.7985038495681225,672241
28809212359,2025-04-21,0.7984768920035619,672241
28809212359,2025-04-28,0.7984501308961693,672241
28809212359,2025-05-05,0.7984246885910959,672241
28809212359,2025-05-12,0.7983975285480902,672241
28809212359,2025-05-19,0.7983515755127849,672241
28809212359,2025-05-26,1.2983849504921325,672241
28809212359,2025-06-02,0.7983298692970981,672241
28809212359,2025-06-09,0.7983303231579998,672241
28809212359,2025-06-16,0.7983279144211215,672241
28809285342,2025-03-10,0.13139419854370304,672241
28809285342,2025-03-17,0.13139627345171623,672241
28809285342,2025-03-24,0.13139111949845683,672241
28809285342,2025-03-31,0.13137382359813665,672241
28809285342,2025-04-07,0.13134394135760208,672241
28809285342,2025-04-14,1.131250064060156,672241
28809285342,2025-04-21,0.13127251838096754,672241
28809285342,2025-04-28,0.13122150299151636,672241
28809285342,2025-05-05,1.1311150480973695,672241
28809285342,2025-05-12,0.6311610459164975,672241
28809285342,2025-05-19,1.6311007942621654,672241
28809285342,2025-05-26,0.13104103982207016,672241
28809285342,2025-06-02,0.6310422074783791,672241
28809285342,2025-06-09,0.6310140315845658,672241
28809285342,2025-06-16,0.13094691275178127,672241
28809472364,2025-03-10,-0.08891912540799686,672241
28809472364,2025-03-17,-0.08889340619155357,672241
28809472364,2025-03-24,0.4112349817946206,672241
28809472364,2025-03-31,-0.08882496954162672,672241
28809472364,2025-04-07,0.4112932602267883,672241
28809472364,2025-04-14,-0.08877500285309306,672241
28809472364,2025-04-21,-0.08878230472325306,672241
28809472364,2025-04-28,-0.08880356531126578,672241
28809472364,2025-05-05,-0.08883763669540881,672241
28809472364,2025-05-12,-0.08888281041797971,672241
28809472364,2025-05-19,0.4111837108405284,672241
28809472364,2025-05-26,0.4111192477049136,672241
28809472364,2025-06-02,-0.08892415652118399,672241
28809472364,2025-06-09,-0.08897352872604752,672241
28809472364,2025-06-16,-0.08901477908019914,672241
28809487326,2025-03-10,-0.3540699524357642,672241
28809487326,2025-03-17,-0.38252544494124313,672241
28809487326,2025-03-24,-0.41074886241294417,672241
28809487326,2025-03-31,-0.43874009896420385,672241
28809487326,2025-04-07,-0.46649906745166553,672241
28809487326,2025-04-14,-0.49402576174695906,672241
28809487326,2025-04-21,-0.5213202748383717,672241
28809487326,2025-04-28,-0.04838275888782689,672241
28809487326,2025-05-05,-0.5752148825141827,672241
28809487326,2025-05-12,-0.10181375951443133,672241
28809487326,2025-05-19,-0.6281832106979963,672241
28809487326,2025-05-26,-0.6543167044751057,672241
28809487326,2025-06-02,-0.6802212677689512,672241
28809487326,2025-06-09,-0.7058931571254636,672241
28809487326,2025-06-16,-0.731331803709533,672241
28809487836,2025-03-10,-0.047853518847552824,672241
28809487836,2025-03-17,-0.047733372467281016,672241
28809487836,2025-03-24,-0.04762412555707675,672241
28809487836,2025-03-31,-0.04752473326048558,672241
28809487836,2025-04-07,-0.04743424912268606,672241
28809487836,2025-04-14,-0.047351767862923666,672241
28809487836,2025-04-21,-0.04727649353298224,672241
28809487836,2025-04-28,-0.04720757453719165,672241
28809487836,2025-05-05,-0.047144276232347786,672241
28809487836,2025-05-12,-0.047085865843504056,672241
28809487836,2025-05-19,-0.04703168483796139,672241
28809487836,2025-05-26,0.4526111853047143,672241
28809487836,2025-06-02,-0.0470066454936164,672241
28809487836,2025-06-09,-0.04706932744499678,672241
28809487836,2025-06-16,-0.04712984641035517,672241
28809488890,2025-03-10,0.034588854853173055,672241
28809488890,2025-03-17,0.03397209703777645,672241
28809488890,2025-03-24,0.033387533534537966,672241
28809488890,2025-03-31,0.03283747383759064,672241
28809488890,2025-04-07,0.032325073362745815,672241
28809488890,2025-04-14,0.03181382296216323,672241
28809488890,2025-04-21,0.5319709209176197,672241
28809488890,2025-04-28,0.031083131746109063,672241
28809488890,2025-05-05,0.0308459598541842,672241
28809488890,2025-05-12,0.5312594085975216,672241
28809488890,2025-05-19,0.03061552728800236,672241
28809488890,2025-05-26,0.03067303738111153,672241
28809488890,2025-06-02,0.030686901813774037,672241
28809488890,2025-06-09,0.030707886112640012,672241
28809488890,2025-06-16,0.030735574340026703,672241
28809489369,2025-03-10,0.21385770961134723,672241
28809489369,2025-03-17,-0.28610777688324707,672241
28809489369,2025-03-24,-0.2861103814016707,672241
28809489369,2025-03-31,-0.2860713240137092,672241
28809489369,2025-04-07,0.21389443409928585,672241
28809489369,2025-04-14,-0.28601904584413335,672241
28809489369,2025-04-21,1.2138661569727023,672241
28809489369,2025-04-28,0.2139540213293486,672241
28809489369,2025-05-05,-0.28618876962248685,672241
28809489369,2025-05-12,0.21385558000985586,672241
28809489369,2025-05-19,1.213867257107086,672241
28809489369,2025-05-26,-0.28622948481680927,672241
28809489369,2025-06-02,-0.28620854130750156,672241
28809489369,2025-06-09,-0.2862443696198618,672241
28809489369,2025-06-16,-0.28632407353567313,672241
28809490329,2025-03-10,-0.21387482152796364,672241
28809490329,2025-03-17,-0.21399372302442377,672241
28809490329,2025-03-24,-0.21413935153034003,672241
28809490329,2025-03-31,-0.21423935199662097,672241
28809490329,2025-04-07,-0.21422731957903005,672241
28809490329,2025-04-14,0.2858403108624212,672241
28809490329,2025-04-21,-0.21402472817667897,672241
28809490329,2025-04-28,-0.2139333997462428,672241
28809490329,2025-05-05,-0.2138639503360626,672241
28809490329,2025-05-12,-0.21381832604922674,672241
28809490329,2025-05-19,-0.21378113051340217,672241
28809490329,2025-05-26,-0.21371731399098123,672241
28809490329,2025-06-02,-0.21367065156876425,672241
28809490329,2025-06-09,-0.2136316317292295,672241
28809490329,2025-06-16,-0.2136163031188179,672241
30181290347,2025-03-10,-0.13917327376163857,672241
30181290347,2025-03-17,-0.13917370485254688,672241
30181290347,2025-03-24,-0.1391741312087404,672241
30181290347,2025-03-31,-0.13917453820981063,672241
30181290347,2025-04-07,-0.13917490020246687,672241
30181290347,2025-04-14,-0.13917525189422025,672241
30181290347,2025-04-21,-0.13917558294191118,672241
30181290347,2025-04-28,-0.13917588919211293,672241
30181290347,2025-05-05,-0.13917617816479094,672241
30181290347,2025-05-12,-0.13917642265448246,672241
30181290347,2025-05-19,-0.13917665590959036,672241
30181290347,2025-05-26,-0.13917681850499894,672241
30181290347,2025-06-02,-0.13917695978282363,672241
30181290347,2025-06-09,1.3608226654119748,672241
30181290347,2025-06-16,-0.13917647190452098,672241
30182210325,2025-03-10,-0.154640492897254,672241
30182210325,2025-03-17,0.8453595512687873,672241
30182210325,2025-03-24,-0.15464051491462488,672241
30182210325,2025-03-31,-0.15464049600808372,672241
30182210325,2025-04-07,-0.1546404759484719,672241
30182210325,2025-04-14,2.845359595018734,672241
30182210325,2025-04-21,-0.15464058646514692,672241
30182210325,2025-04-28,-0.1546405918286889,672241
30182210325,2025-05-05,-0.15464058395050007,672241
30182210325,2025-05-12,-0.15464047672306772,672241
30182210325,2025-05-19,-0.15464057113682786,672241
30182210325,2025-05-26,-0.15464054445902076,672241
30182210325,2025-06-02,-0.1546405507355113,672241
30182210325,2025-06-09,-0.15464048371560493,672241
30182210325,2025-06-16,-0.1546406070588983,672241
30227761388,2025-03-10,-0.0929148007162559,672241
30227761388,2025-03-17,-0.09299181148348135,672241
30227761388,2025-03-24,0.40683053428411364,672241
30227761388,2025-03-31,-0.09302684545787024,672241
30227761388,2025-04-07,-0.09298374146720559,672241
30227761388,2025-04-14,-0.09295158757907115,672241
30227761388,2025-04-21,-0.0929274310398366,672241
30227761388,2025-04-28,-0.09290901235105509,672241
30227761388,2025-05-05,-0.0928946094640638,672241
30227761388,2025-05-12,-0.0928811671113055,672241
30227761388,2025-05-19,-0.09287241781956362,672241
30227761388,2025-05-26,-0.0928874816303896,672241
30227761388,2025-06-02,-0.09286408042295369,672241
30227761388,2025-06-09,-0.09282175344046587,672241
30227761388,2025-06-16,0.4073294667993371,672241
30227761828,2025-03-10,-0.984850518979081,672241
30227761828,2025-03-17,-0.4848889120002175,672241
30227761828,2025-03-24,-0.9850605204305657,672241
30227761828,2025-03-31,-0.48521280879095174,672241
30227761828,2025-04-07,-0.9851984077314029,672241
30227761828,2025-04-14,-0.9852729360043824,672241
30227761828,2025-04-21,-0.9853200582023881,672241
30227761828,2025-04-28,-0.9853427513563459,672241
30227761828,2025-05-05,-0.9853510870265291,672241
30227761828,2025-05-12,-0.9853456198100612,672241
30227761828,2025-05-19,-0.48545353986321804,672241
30227761828,2025-05-26,-0.9853087089849389,672241
30227761828,2025-06-02,-0.9853457275271609,672241
30227761828,2025-06-09,-0.985323739931108,672241
30227761828,2025-06-16,-0.9852696229621227,672241
30227763865,2025-03-10,0.9954010922382193,672241
30227763865,2025-03-17,0.4959961624567959,672241
30227763865,2025-03-24,0.4959313905715784,672241
30227763865,2025-03-31,0.49590454672493967,672241
30227763865,2025-04-07,0.4958927973968523,672241
30227763865,2025-04-14,0.49586847668030776,672241
30227763865,2025-04-21,0.9951136482310935,672241
30227763865,2025-04-28,0.9950581700717106,672241
30227763865,2025-05-05,0.49574529861483574,672241
30227763865,2025-05-12,0.995007606206921,672241
30227763865,2025-05-19,0.9964248765825794,672241
30227763865,2025-05-26,0.4953851355394051,672241
30227763865,2025-06-02,0.4954052374946618,672241
30227763865,2025-06-09,1.4953978184932615,672241
30227763865,2025-06-16,0.4953804634636527,672241
30227764388,2025-03-10,0.015052810062313987,672241
30227764388,2025-03-17,0.015055267082764542,672241
30227764388,2025-03-24,0.5147677766667095,672241
30227764388,2025-03-31,0.014976736943022886,672241
30227764388,2025-04-07,0.014998159071770018,672241
30227764388,2025-04-14,0.5153099090558886,672241
30227764388,2025-04-21,0.015125300907988401,672241
30227764388,2025-04-28,0.015129258782225943,672241
30227764388,2025-05-05,0.015132672107752501,672241
30227764388,2025-05-12,0.015135422441312177,672241
30227764388,2025-05-19,0.015137653677252796,672241
30227764388,2025-05-26,0.015139202639726956,672241
30227764388,2025-06-02,0.01514142829861545,672241
30227764388,2025-06-09,0.015143361177603135,672241
30227764388,2025-06-16,0.015142855420517978,672241
30227765347,2025-03-10,0.4227207262479431,672241
30227765347,2025-03-17,-0.07704758868472686,672241
30227765347,2025-03-24,-0.07704509231448797,672241
30227765347,2025-03-31,-0.07704460357462742,672241
30227765347,2025-04-07,-0.07703999131363817,672241
30227765347,2025-04-14,-0.07703727838826169,672241
30227765347,2025-04-21,-0.0770424217223457,672241
30227765347,2025-04-28,-0.07704929352268086,672241
30227765347,2025-05-05,-0.07705165762421812,672241
30227765347,2025-05-12,-0.0770555251051771,672241
30227765347,2025-05-19,-0.07706684666269056,672241
30227765347,2025-05-26,-0.07709146103064654,672241
30227765347,2025-06-02,-0.07710489570102327,672241
30227765347,2025-06-09,-0.0771190303350944,672241
30227765347,2025-06-16,-0.0771337055240304,672241
30227766812,2025-03-10,0.26186312587474825,672241
30227766812,2025-03-17,0.2617680130402862,672241
30227766812,2025-03-24,0.7618056263831186,672241
30227766812,2025-03-31,0.26163409872000554,672241
30227766812,2025-04-07,0.2615961542901309,672241
30227766812,2025-04-14,0.7616885609437596,672241
30227766812,2025-04-21,0.26156258434188306,672241
30227766812,2025-04-28,0.2615669912772091,672241
30227766812,2025-05-05,0.2615765054291417,672241
30227766812,2025-05-12,0.26158819806179856,672241
30227766812,2025-05-19,0.2616030389591115,672241
30227766812,2025-05-26,2.262145710907432,672241
30227766812,2025-06-02,0.26175714984829085,672241
30227766812,2025-06-09,0.2618627773347934,672241
30227766812,2025-06-16,0.26197857088726473,672241
30227767831,2025-03-10,-0.1391773565848573,672241
30227767831,2025-03-17,-0.13917741777535125,672241
30227767831,2025-03-24,-0.13917747383339168,672241
30227767831,2025-03-31,-0.13917750836003287,672241
30227767831,2025-04-07,-0.1391775895559177,672241
30227767831,2025-04-14,0.8608224122665198,672241
30227767831,2025-04-21,-0.139177639048891,672241
30227767831,2025-04-28,-0.13917755923391023,672241
30227767831,2025-05-05,-0.13917753515149606,672241
30227767831,2025-05-12,-0.1391774660319495,672241
30227767831,2025-05-19,-0.1391774594891883,672241
30227767831,2025-05-26,-0.1391774235261857,672241
30227767831,2025-06-02,0.36082263598691056,672241
30227767831,2025-06-09,-0.13917729331157522,672241
30227767831,2025-06-16,-0.13917727191176663,672241
30227768349,2025-03-10,0.013925306869265644,672241
30227768349,2025-03-17,0.013966320061296479,672241
30227768349,2025-03-24,-0.4860566693841316,672241
30227768349,2025-03-31,0.013850272222713705,672241
30227768349,2025-04-07,-0.48619589273993835,672241
30227768349,2025-04-14,0.5137286908309104,672241
30227768349,2025-04-21,0.013746943869315686,672241
30227768349,2025-04-28,0.013748179446017986,672241
30227768349,2025-05-05,-0.48624232542318757,672241
30227768349,2025-05-12,0.013716156543828378,672241
30227768349,2025-05-19,-0.48637287288991976,672241
30227768349,2025-05-26,1.0135662512258143,672241
30227768349,2025-06-02,-0.4865080235036801,672241
30227768349,2025-06-09,-0.4864871591234865,672241
30227768349,2025-06-16,0.513542144483139,672241
30227768888,2025-03-10,-6.545675212771274e-05,672241
30227768888,2025-03-17,-9.278726210221189e-05,672241
30227768888,2025-03-24,-6.924284516890422e-05,672241
30227768888,2025-03-31,0.4999246403243041,672241
30227768888,2025-04-07,0.49988173224982124,672241
30227768888,2025-04-14,-0.00012199064548112926,672241
30227768888,2025-04-21,0.499893312713752,672241
30227768888,2025-04-28,-9.099782321708716e-05,672241
30227768888,2025-05-05,-2.4136676051444983e-05,672241
30227768888,2025-05-12,5.536883451190411e-05,672241
30227768888,2025-05-19,0.5000921572761796,672241
30227768888,2025-05-26,9.240911634911253e-05,672241
30227768888,2025-06-02,4.3134200005345846e-05,672241
30227768888,2025-06-09,-6.272547591712474e-05,672241
30227768888,2025-06-16,-0.00019492157873507443,672241
30227769326,2025-03-10,-0.6365524030110818,672241
30227769326,2025-03-17,-0.1365839870253862,672241
30227769326,2025-03-24,-0.13661568080821745,672241
30227769326,2025-03-31,-0.1366411138775527,672241
30227769326,2025-04-07,-0.6366715769109983,672241
30227769326,2025-04-14,-0.1366736784219648,672241
30227769326,2025-04-21,-0.13668428149468442,672241
30227769326,2025-04-28,-0.13669633690891958,672241
30227769326,2025-05-05,-0.6367185905954462,672241
30227769326,2025-05-12,0.3632934719874616,672241
30227769326,2025-05-19,-0.6367393878845383,672241
30227769326,2025-05-26,-0.636735480154749,672241
30227769326,2025-06-02,-0.6367456654572601,672241
30227769326,2025-06-09,-0.6367596271019373,672241
30227769326,2025-06-16,-0.6367745076186411,672241
30227769849,2025-03-10,-0.015806320764813253,672241
30227769849,2025-03-17,-0.015611657252100453,672241
30227769849,2025-03-24,-0.01541918032253646,672241
30227769849,2025-03-31,-0.015233099838349057,672241
30227769849,2025-04-07,-0.015056252086440944,672241
30227769849,2025-04-14,-0.014889540873589832,672241
30227769849,2025-04-21,0.4847385093761212,672241
30227769849,2025-04-28,-0.014714312572905466,672241
30227769849,2025-05-05,-0.01463609945915871,672241
30227769849,2025-05-12,0.48489956574525234,672241
30227769849,2025-05-19,-0.014648733798204402,672241
30227769849,2025-05-26,-0.014667265942836044,672241
30227769849,2025-06-02,-0.014692342102259837,672241
30227769849,2025-06-09,-0.014721921318036194,672241
30227769849,2025-06-16,-0.01475484540170277,672241
30323747828,2025-03-10,-0.003780851775373864,672241
30323747828,2025-03-17,-0.003786224461621579,672241
30323747828,2025-03-24,-0.003793074107090552,672241
30323747828,2025-03-31,-0.0038021632429531133,672241
30323747828,2025-04-07,-0.0038121765115944894,672241
30323747828,2025-04-14,-0.0038233121571421003,672241
30323747828,2025-04-21,-0.0038359333496323367,672241
30323747828,2025-04-28,0.49616235434656153,672241
30323747828,2025-05-05,-0.0038247466441869438,672241
30323747828,2025-05-12,-0.0038340814167991677,672241
30323747828,2025-05-19,-0.0038410600837471,672241
30323747828,2025-05-26,-0.00385371313246749,672241
30323747828,2025-06-02,-0.0038573537444398787,672241
30323747828,2025-06-09,-0.003859593164325076,672241
30323747828,2025-06-16,-0.0038609634252100566,672241
30323761316,2025-03-10,0.021038302199639744,672241
30323761316,2025-03-17,0.02103263399843147,672241
30323761316,2025-03-24,0.021018524463631963,672241
30323761316,2025-03-31,0.02100477133394063,672241
30323761316,2025-04-07,0.020996190701550205,672241
30323761316,2025-04-14,0.020985424726260443,672241
30323761316,2025-04-21,0.020974101830289,672241
30323761316,2025-04-28,0.0209637029180485,672241
30323761316,2025-05-05,0.02095615050639041,672241
30323761316,2025-05-12,0.02095276487226036,672241
30323761316,2025-05-19,0.020954981709563197,672241
30323761316,2025-05-26,0.020981286052853154,672241
30323761316,2025-06-02,0.021007184655485095,672241
30323761316,2025-06-09,0.02104242306801224,672241
30323761316,2025-06-16,0.021078088456799732,672241
30323764884,2025-03-10,0.5691917567948979,672241
30323764884,2025-03-17,0.5692580853549566,672241
30323764884,2025-03-24,0.06930556872311266,672241
30323764884,2025-03-31,0.0693425278966574,672241
30323764884,2025-04-07,1.5693635498926164,672241
30323764884,2025-04-14,0.0693530041588557,672241
30323764884,2025-04-21,0.06933174215374549,672241
30323764884,2025-04-28,0.06929768974763556,672241
30323764884,2025-05-05,0.06925975528719391,672241
30323764884,2025-05-12,0.5692180096514131,672241
30323764884,2025-05-19,0.06919699653308392,672241
30323764884,2025-05-26,0.06917964892615713,672241
30323764884,2025-06-02,0.0691784008017286,672241
30323764884,2025-06-09,0.06918277594440025,672241
30323764884,2025-06-16,0.06918132201872762,672241
31260538389,2025-03-10,-0.015828678394100792,672241
31260538389,2025-03-17,-0.015845111484092567,672241
31260538389,2025-03-24,-0.015858195628007818,672241
31260538389,2025-03-31,-0.01586459187087124,672241
31260538389,2025-04-07,-0.015865534820684396,672241
31260538389,2025-04-14,-0.015863500852737404,672241
31260538389,2025-04-21,-0.015857565420967758,672241
31260538389,2025-04-28,-0.01584791166810475,672241
31260538389,2025-05-05,0.484221058117308,672241
31260538389,2025-05-12,-0.01582574685382998,672241
31260538389,2025-05-19,-0.01581361883095879,672241
31260538389,2025-05-26,-0.01579630488578461,672241
31260538389,2025-06-02,-0.015778565120126577,672241
31260538389,2025-06-09,-0.015758397859686385,672241
31260538389,2025-06-16,-0.015735983700155255,672241
31260608522,2025-03-10,-0.01509803504813026,672241
31260608522,2025-03-17,-0.015117987461625015,672241
31260608522,2025-03-24,-0.015117503725791737,672241
31260608522,2025-03-31,-0.015135083523927478,672241
31260608522,2025-04-07,-0.015170871441846312,672241
31260608522,2025-04-14,0.48658444839843784,672241
31260608522,2025-04-21,-0.015043547397422391,672241
31260608522,2025-04-28,-0.01509191265912116,672241
31260608522,2025-05-05,-0.015139255258086182,672241
31260608522,2025-05-12,-0.015185313145325147,672241
31260608522,2025-05-19,-0.015287123375710948,672241
31260608522,2025-05-26,-0.015424698678111831,672241
31260608522,2025-06-02,-0.015463375076380043,672241
31260608522,2025-06-09,-0.015498182102301916,672241
31260608522,2025-06-16,0.4843035660270223,672241
31298226737,2025-03-10,-0.06189788084199463,672241
31298226737,2025-03-17,0.43809181738625147,672241
31298226737,2025-03-24,-0.061886773288369334,672241
31298226737,2025-03-31,-0.06188440749475482,672241
31298226737,2025-04-07,-0.061881925382028746,672241
31298226737,2025-04-14,-0.061880052037598623,672241
31298226737,2025-04-21,-0.06187779937353034,672241
31298226737,2025-04-28,-0.06187492470588872,672241
31298226737,2025-05-05,0.4381134631388851,672241
31298226737,2025-05-12,-0.06186672556075533,672241
31298226737,2025-05-19,-0.06186440921086088,672241
31298226737,2025-05-26,-0.061846610229078294,672241
31298226737,2025-06-02,-0.06185174710611026,672241
31298226737,2025-06-09,-0.061856027797356064,672241
31298226737,2025-06-16,-0.06185061165431226,672241
31299041897,2025-03-10,-0.013832903358408689,672241
31299041897,2025-03-17,-0.013834562041298563,672241
31299041897,2025-03-24,-0.01383722371360166,672241
31299041897,2025-03-31,-0.013840426955622463,672241
31299041897,2025-04-07,-0.013843710486613744,672241
31299041897,2025-04-14,-0.013846614214656067,672241
31299041897,2025-04-21,-0.013848632602451623,672241
31299041897,2025-04-28,-0.013849271578009411,672241
31299041897,2025-05-05,-0.013847999370138458,672241
31299041897,2025-05-12,-0.0138442520241818,672241
31299041897,2025-05-19,-0.013837462521336129,672241
31299041897,2025-05-26,-0.013818991475056067,672241
31299041897,2025-06-02,0.4861298879577355,672241
31299041897,2025-06-09,0.48612435474997845,672241
31299041897,2025-06-16,-0.013835684611209112,672241
31305483427,2025-03-10,0.27012219942165916,672241
31305483427,2025-03-17,0.7695297510535591,672241
31305483427,2025-03-24,0.7700379221815096,672241
31305483427,2025-03-31,-0.23005693780499442,672241
31305483427,2025-04-07,0.26945077423060365,672241
31305483427,2025-04-14,-0.23034053451515904,672241
31305483427,2025-04-21,-0.23043361993811035,672241
31305483427,2025-04-28,-0.2305326037639417,672241
31305483427,2025-05-05,-0.23061957382703785,672241
31305483427,2025-05-12,-0.23068234146625713,672241
31305483427,2025-05-19,0.2688516028331907,672241
31305483427,2025-05-26,-0.23102232429498648,672241
31305483427,2025-06-02,-0.23111094353246356,672241
31305483427,2025-06-09,-0.2311857823712349,672241
31305483427,2025-06-16,0.2689721667674624,672241
31306190523,2025-03-10,-0.23204832635467593,672241
31306190523,2025-03-17,-0.23207742739732667,672241
31306190523,2025-03-24,-0.23211028250382168,672241
31306190523,2025-03-31,-0.2321474482361347,672241
31306190523,2025-04-07,0.2678435272447089,672241
31306190523,2025-04-14,0.2678494592340389,672241
31306190523,2025-04-21,-0.2321621313436782,672241
31306190523,2025-04-28,-0.23217809529419736,672241
31306190523,2025-05-05,0.7678664805781046,672241
31306190523,2025-05-12,-0.23211826541578195,672241
31306190523,2025-05-19,-0.2321076929087103,672241
31306190523,2025-05-26,-0.23210137344585174,672241
31306190523,2025-06-02,-0.2320924573566246,672241
31306190523,2025-06-09,-0.23208307249440582,672241
31306190523,2025-06-16,-0.2320726787081574,672241
31307128374,2025-03-10,0.0,672241
31307128374,2025-03-17,0.0,672241
31307128374,2025-03-24,0.0,672241
31307128374,2025-03-31,0.0,672241
31307128374,2025-04-07,0.0,672241
31307128374,2025-04-14,0.0,672241
31307128374,2025-04-21,0.0,672241
31307128374,2025-04-28,0.0,672241
31307128374,2025-05-05,0.0,672241
31307128374,2025-05-12,0.0,672241
31307128374,2025-05-19,0.0,672241
31307128374,2025-05-26,0.0,672241
31307128374,2025-06-02,0.0,672241
31307128374,2025-06-09,0.0,672241
31307128374,2025-06-16,0.0,672241
31307219296,2025-03-10,0.0,672241
31307219296,2025-03-17,0.0,672241
31307219296,2025-03-24,0.0,672241
31307219296,2025-03-31,0.0,672241
31307219296,2025-04-07,0.0,672241
31307219296,2025-04-14,0.0,672241
31307219296,2025-04-21,0.0,672241
31307219296,2025-04-28,0.0,672241
31307219296,2025-05-05,0.0,672241
31307219296,2025-05-12,0.0,672241
31307219296,2025-05-19,0.0,672241
31307219296,2025-05-26,0.0,672241
31307219296,2025-06-02,0.0,672241
31307219296,2025-06-09,0.0,672241
31307219296,2025-06-16,0.0,672241
31315209729,2025-03-10,-1.4572881936854545,672241
31315209729,2025-03-17,-1.4573217482616143,672241
31315209729,2025-03-24,0.04272163231341963,672241
31315209729,2025-03-31,-0.45725717730950843,672241
31315209729,2025-04-07,0.04277080137146283,672241
31315209729,2025-04-14,3.0428081989589053,672241
31315209729,2025-04-21,0.04265748732429231,672241
31315209729,2025-04-28,-1.9575175191082206,672241
31315209729,2025-05-05,1.0423923770856582,672241
31315209729,2025-05-12,-1.4578183144502064,672241
31315209729,2025-05-19,-1.9579686017433744,672241
31315209729,2025-05-26,-0.9580698165540364,672241
31315209729,2025-06-02,-1.9581544530492514,672241
31315209729,2025-06-09,-1.458263818550388,672241
31315209729,2025-06-16,-0.9583705108495667,672241
31376582820,2025-03-10,-0.015496049944004078,672241
31376582820,2025-03-17,-0.01549082808192259,672241
31376582820,2025-03-24,-0.01548556749238752,672241
31376582820,2025-03-31,-0.015480265140381099,672241
31376582820,2025-04-07,-0.01547492412271841,672241
31376582820,2025-04-14,-0.01546954609500744,672241
31376582820,2025-04-21,-0.015464138948379605,672241
31376582820,2025-04-28,-0.015458696823642096,672241
31376582820,2025-05-05,-0.015453235829493928,672241
31376582820,2025-05-12,-0.015447743902569307,672241
31376582820,2025-05-19,-0.015442238759145308,672241
31376582820,2025-05-26,0.48455708419585386,672241
31376582820,2025-06-02,-0.015532098657445616,672241
31376582820,2025-06-09,-0.015526377135012502,672241
31376582820,2025-06-16,-0.015520583521973535,672241
31376614032,2025-03-10,2.19027982363524,672241
31376614032,2025-03-17,1.8502444354160694,672241
31376614032,2025-03-24,2.009141946238125,672241
31376614032,2025-03-31,2.666968321404742,672241
31376614032,2025-04-07,2.323724546723141,672241
31376614032,2025-04-14,2.4794174691486632,672241
31376614032,2025-04-21,2.6340442508643624,672241
31376614032,2025-04-28,3.2876032179547696,672241
31376614032,2025-05-05,2.9400947923565814,672241
31376614032,2025-05-12,3.0915257241511713,672241
31376614032,2025-05-19,3.24189239420793,672241
31376614032,2025-05-26,3.8911854992137216,672241
31376614032,2025-06-02,3.539428577256173,672241
31376614032,2025-06-09,3.686602134321471,672241
31376614032,2025-06-16,3.8327114187261873,672241
31603725134,2025-03-10,-0.5806779086023173,672241
31603725134,2025-03-17,-0.0807302647106416,672241
31603725134,2025-03-24,0.9192454238796924,672241
31603725134,2025-03-31,1.4191153482014676,672241
31603725134,2025-04-07,0.4190236363286528,672241
31603725134,2025-04-14,-0.5810319424819705,672241
31603725134,2025-04-21,0.41888306260480535,672241
31603725134,2025-04-28,-0.58114245333506,672241
31603725134,2025-05-05,0.4187313010696049,672241
31603725134,2025-05-12,-0.08134301999930749,672241
31603725134,2025-05-19,0.4185380480640492,672241
31603725134,2025-05-26,0.9185850585821843,672241
31603725134,2025-06-02,0.41851506444342207,672241
31603725134,2025-06-09,4.418674193881185,672241
31603725134,2025-06-16,0.41864999430989147,672241
31698186711,2025-03-10,-0.2125302261117713,672241
31698186711,2025-03-17,0.28748384753408457,672241
31698186711,2025-03-24,-0.21250012203043053,672241
31698186711,2025-03-31,-0.21250278181068358,672241
31698186711,2025-04-07,-0.21251348866637088,672241
31698186711,2025-04-14,0.28747548454749305,672241
31698186711,2025-04-21,0.2874781640609164,672241
31698186711,2025-04-28,-0.2125200348294697,672241
31698186711,2025-05-05,-0.21252860186082032,672241
31698186711,2025-05-12,-0.2125370568755954,672241
31698186711,2025-05-19,-0.21254530166508048,672241
31698186711,2025-05-26,-0.21255180293184653,672241
31698186711,2025-06-02,-0.2125613833300618,672241
31698186711,2025-06-09,-0.21257143466139525,672241
31698186711,2025-06-16,-0.21258059347114042,672241
32527221461,2025-03-10,0.03236679618351607,672241
32527221461,2025-03-17,0.03223187534505609,672241
32527221461,2025-03-24,0.5320143032756811,672241
32527221461,2025-03-31,0.031975110295426,672241
32527221461,2025-04-07,0.0318507114750026,672241
32527221461,2025-04-14,0.03173474899625857,672241
32527221461,2025-04-21,0.03162843642837017,672241
32527221461,2025-04-28,0.031529623060697065,672241
32527221461,2025-05-05,0.031438053766383686,672241
32527221461,2025-05-12,0.031353413681578624,672241
32527221461,2025-05-19,0.03127541447842066,672241
32527221461,2025-05-26,0.03120376794006137,672241
32527221461,2025-06-02,0.031138297443843423,672241
32527221461,2025-06-09,0.031078664164926682,672241
32527221461,2025-06-16,0.5309321344337871,672241
32527222047,2025-03-10,5.060835100732013,672241
32527222047,2025-03-17,5.061286937455055,672241
32527222047,2025-03-24,3.56190377731401,672241
32527222047,2025-03-31,3.5619085517935885,672241
32527222047,2025-04-07,4.061574594191268,672241
32527222047,2025-04-14,4.061247662363312,672241
32527222047,2025-04-21,3.0612150722909055,672241
32527222047,2025-04-28,3.060940702937523,672241
32527222047,2025-05-05,3.0606918540740486,672241
32527222047,2025-05-12,3.0605111585211495,672241
32527222047,2025-05-19,3.0603995625955247,672241
32527222047,2025-05-26,3.060143672203001,672241
32527222047,2025-06-02,3.060165402549075,672241
32527222047,2025-06-09,4.5600124881475415,672241
32527222047,2025-06-16,4.560003239985699,672241
32527222347,2025-03-10,1.1053003422853904,672241
32527222347,2025-03-17,2.104988907915131,672241
32527222347,2025-03-24,1.1054686585834035,672241
32527222347,2025-03-31,1.1054376854820147,672241
32527222347,2025-04-07,1.6051133997074796,672241
32527222347,2025-04-14,1.1052313425408764,672241
32527222347,2025-04-21,1.1051264866776016,672241
32527222347,2025-04-28,1.1050272636289307,672241
32527222347,2025-05-05,1.104951354793699,672241
32527222347,2025-05-12,1.1049041817517202,672241
32527222347,2025-05-19,1.1048815361692943,672241
32527222347,2025-05-26,1.6049531676402742,672241
32527222347,2025-06-02,2.1050017361190196,672241
32527222347,2025-06-09,1.6050286541938619,672241
32527222347,2025-06-16,1.1051401526881426,672241
32643461542,2025-03-10,-0.26158345098954106,672241
32643461542,2025-03-17,1.2363200154770941,672241
32643461542,2025-03-24,0.23568250413655623,672241
32643461542,2025-03-31,0.23930199002636918,672241
32643461542,2025-04-07,1.2354564750597234,672241
32643461542,2025-04-14,1.2310298724874948,672241
32643461542,2025-04-21,-0.26365088540886855,672241
32643461542,2025-04-28,1.2386052667709904,672241
32643461542,2025-05-05,0.7331871999998198,672241
32643461542,2025-05-12,0.23523964902915168,672241
32643461542,2025-05-19,-0.26264003872441444,672241
32643461542,2025-05-26,-0.26291555056421534,672241
32643461542,2025-06-02,-0.26246523176937026,672241
32643461542,2025-06-09,-0.2620637126078924,672241
32643461542,2025-06-16,-0.2617315426221725,672241
32644385273,2025-03-10,-0.20491061234144328,672241
32644385273,2025-03-17,-0.20488367607853827,672241
32644385273,2025-03-24,-0.2048981776627915,672241
32644385273,2025-03-31,-0.20491908140082316,672241
32644385273,2025-04-07,-0.20494049401045242,672241
32644385273,2025-04-14,-0.20496032298405606,672241
32644385273,2025-04-21,-0.20497981279963928,672241
32644385273,2025-04-28,-0.2049992639916015,672241
32644385273,2025-05-05,-0.20501994560203468,672241
32644385273,2025-05-12,-0.20504669682557158,672241
32644385273,2025-05-19,-0.20509902151273787,672241
32644385273,2025-05-26,-0.20506595106045053,672241
32644385273,2025-06-02,-0.2047456191666943,672241
32644385273,2025-06-09,1.795304697761111,672241
32644385273,2025-06-16,-0.20472142624884007,672241
32644501966,2025-03-10,-0.18708484409002127,672241
32644501966,2025-03-17,0.813029037989379,672241
32644501966,2025-03-24,-0.1868599660666886,672241
32644501966,2025-03-31,0.3133621931994463,672241
32644501966,2025-04-07,0.3135135653374198,672241
32644501966,2025-04-14,0.3136566831164766,672241
32644501966,2025-04-21,1.3135602142324414,672241
32644501966,2025-04-28,0.31358936271458016,672241
32644501966,2025-05-05,1.81419605795428,672241
32644501966,2025-05-12,-0.1859932984120505,672241
32644501966,2025-05-19,1.8138314183046904,672241
32644501966,2025-05-26,0.31418390653282474,672241
32644501966,2025-06-02,0.31394920829746253,672241
32644501966,2025-06-09,-0.18587714330039481,672241
32644501966,2025-06-16,-0.18582917981714525,672241
32644518750,2025-03-10,0.5221667338155257,672241
32644518750,2025-03-17,0.022230346943479917,672241
32644518750,2025-03-24,0.022289012875646108,672241
32644518750,2025-03-31,0.02236670944503849,672241
32644518750,2025-04-07,0.5224338704932154,672241
32644518750,2025-04-14,0.5224993373572279,672241
32644518750,2025-04-21,0.022563920524588665,672241
32644518750,2025-04-28,0.5226408822741554,672241
32644518750,2025-05-05,1.0226505700273403,672241
32644518750,2025-05-12,0.022698412192475703,672241
32644518750,2025-05-19,1.0226756736823268,672241
32644518750,2025-05-26,0.5226116857754786,672241
32644518750,2025-06-02,0.5224912352520842,672241
32644518750,2025-06-09,5.522522105279933,672241
32644518750,2025-06-16,1.5223995227602338,672241
32746043597,2025-03-10,0.054299026359662744,672241
32746043597,2025-03-17,0.054255919956335136,672241
32746043597,2025-03-24,0.05420091296290511,672241
32746043597,2025-03-31,0.5541777041223647,672241
32746043597,2025-04-07,0.5541303179526563,672241
32746043597,2025-04-14,0.05407402232199254,672241
32746043597,2025-04-21,2.5542345741560126,672241
32746043597,2025-04-28,0.5541119843932321,672241
32746043597,2025-05-05,0.054111996808763996,672241
32746043597,2025-05-12,0.5542124087909706,672241
32746043597,2025-05-19,1.0543289268764033,672241
32746043597,2025-05-26,0.054363057810067617,672241
32746043597,2025-06-02,1.0543705540519648,672241
32746043597,2025-06-09,0.054502493344198266,672241
32746043597,2025-06-16,0.5545190028224374,672241
32812905448,2025-03-10,-0.2633673996367166,672241
32812905448,2025-03-17,-0.26326836275413473,672241
32812905448,2025-03-24,-0.2630751999682831,672241
32812905448,2025-03-31,0.23710550091224636,672241
32812905448,2025-04-07,1.2371061996623742,672241
32812905448,2025-04-14,0.23725152346108852,672241
32812905448,2025-04-21,0.23718166338538,672241
32812905448,2025-04-28,0.23708888285195998,672241
32812905448,2025-05-05,-0.2629103545294403,672241
32812905448,2025-05-12,0.23695958691394037,672241
32812905448,2025-05-19,-0.26300161996418187,672241
32812905448,2025-05-26,-0.26304204625269256,672241
32812905448,2025-06-02,-0.2630267226027584,672241
32812905448,2025-06-09,-0.263015261954993,672241
32812905448,2025-06-16,-0.26301097248138106,672241
32815784212,2025-03-10,-0.046215753491935734,672241
32815784212,2025-03-17,-0.04622553835228568,672241
32815784212,2025-03-24,-0.046234865826928366,672241
32815784212,2025-03-31,-0.046243837274333115,672241
32815784212,2025-04-07,-0.04625239405192639,672241
32815784212,2025-04-14,-0.04626059618750045,672241
32815784212,2025-04-21,-0.04626842695833859,672241
32815784212,2025-04-28,-0.04627592056684048,672241
32815784212,2025-05-05,-0.04628305986992917,672241
32815784212,2025-05-12,-0.04628983477834952,672241
32815784212,2025-05-19,-0.04629634424310771,672241
32815784212,2025-05-26,-0.04629979378526765,672241
32815784212,2025-06-02,-0.04630677573087916,672241
32815784212,2025-06-09,-0.046314525035587514,672241
32815784212,2025-06-16,-0.04632311273133445,672241
33252040650,2025-03-10,0.057499068834952205,672241
33252040650,2025-03-17,0.057543050787142336,672241
33252040650,2025-03-24,0.557610523003705,672241
33252040650,2025-03-31,0.5576596207628217,672241
33252040650,2025-04-07,0.05768569155353431,672241
33252040650,2025-04-14,0.057718186594228615,672241
33252040650,2025-04-21,0.057744334711284206,672241
33252040650,2025-04-28,0.05776440855955328,672241
33252040650,2025-05-05,0.5577893488932197,672241
33252040650,2025-05-12,0.057777563478414784,672241
33252040650,2025-05-19,0.05777670625727355,672241
33252040650,2025-05-26,0.05778740634450952,672241
33252040650,2025-06-02,0.057782381892281076,672241
33252040650,2025-06-09,0.0577754368344342,672241
33252040650,2025-06-16,0.05776839496774039,672241
33258093744,2025-03-10,0.6058574399723622,672241
33258093744,2025-03-17,-0.2609624032473341,672241
33258093744,2025-03-24,-0.25713565264779203,672241
33258093744,2025-03-31,-0.260379015580389,672241
33258093744,2025-04-07,-0.2565521629848731,672241
33258093744,2025-04-14,-0.1375627758251084,672241
33258093744,2025-04-21,-0.24187879944325072,672241
33258093744,2025-04-28,-0.0946038607648928,672241
33258093744,2025-05-05,-0.1120337625117337,672241
33258093744,2025-05-12,0.6260680730486882,672241
33258093744,2025-05-19,-0.25488986320938556,672241
33258093744,2025-05-26,-0.5197511537649003,672241
33258093744,2025-06-02,-0.5018268592703369,672241
33258093744,2025-06-09,-0.49097028166317497,672241
33258093744,2025-06-16,0.37748036351435843,672241
33258116228,2025-03-10,0.6784878918028651,672241
33258116228,2025-03-17,0.6785871724721587,672241
33258116228,2025-03-24,0.6788047568891548,672241
33258116228,2025-03-31,0.6787383350887944,672241
33258116228,2025-04-07,0.6789042594347975,672241
33258116228,2025-04-14,0.17887059939415306,672241
33258116228,2025-04-21,0.6789488018814804,672241
33258116228,2025-04-28,0.17888664808408916,672241
33258116228,2025-05-05,0.1788701489719141,672241
33258116228,2025-05-12,0.1788491614776696,672241
33258116228,2025-05-19,0.1788256848776254,672241
33258116228,2025-05-26,0.17885555315988588,672241
33258116228,2025-06-02,1.1787489168631593,672241
33258116228,2025-06-09,0.6788668329236399,672241
33258116228,2025-06-16,1.6786449787906674,672241
33258136093,2025-03-10,-0.46455784510182435,672241
33258136093,2025-03-17,-0.46448151588977976,672241
33258136093,2025-03-24,-0.4644759937646191,672241
33258136093,2025-03-31,0.5362367075699848,672241
33258136093,2025-04-07,-0.4639360439432654,672241
33258136093,2025-04-14,-0.46376401459803046,672241
33258136093,2025-04-21,-0.4636211214660508,672241
33258136093,2025-04-28,-0.46351491028772673,672241
33258136093,2025-05-05,0.03617743828202803,672241
33258136093,2025-05-12,-0.4637539592322397,672241
33258136093,2025-05-19,-0.463925020219526,672241
33258136093,2025-05-26,0.03608309004768709,672241
33258136093,2025-06-02,-0.46417941244450733,672241
33258136093,2025-06-09,-0.46413191563878836,672241
33258136093,2025-06-16,0.03589617623193489,672241
33300624449,2025-03-10,-0.18146409278713888,672241
33300624449,2025-03-17,-0.18152032581309258,672241
33300624449,2025-03-24,-0.1815440061849522,672241
33300624449,2025-03-31,-0.1815428668408054,672241
33300624449,2025-04-07,0.3184708692694048,672241
33300624449,2025-04-14,-0.18150127382430614,672241
33300624449,2025-04-21,-0.18149997536821094,672241
33300624449,2025-04-28,-0.18151678581208663,672241
33300624449,2025-05-05,1.3184573483779807,672241
33300624449,2025-05-12,-0.1815704761488781,672241
33300624449,2025-05-19,0.318451970473613,672241
33300624449,2025-05-26,-0.18148737446277796,672241
33300624449,2025-06-02,-0.181414883473904,672241
33300624449,2025-06-09,2.3185811833122916,672241
33300624449,2025-06-16,1.8186522871579602,672241
33300985333,2025-03-10,0.0014950144854640746,672241
33300985333,2025-03-17,-0.9986956355485701,672241
33300985333,2025-03-24,1.0006108375370588,672241
33300985333,2025-03-31,-1.4992571431083883,672241
33300985333,2025-04-07,-0.9994364269518672,672241
33300985333,2025-04-14,-1.4998016213764291,672241
33300985333,2025-04-21,-1.5000023969485319,672241
33300985333,2025-04-28,-1.5001843346457153,672241
33300985333,2025-05-05,0.9995375152205015,672241
33300985333,2025-05-12,-1.000634360302708,672241
33300985333,2025-05-19,-1.0005118472064658,672241
33300985333,2025-05-26,0.9989638353732663,672241
33300985333,2025-06-02,0.999312317170107,672241
33300985333,2025-06-09,2.99940021628486,672241
33300985333,2025-06-16,2.9993775859339262,672241
33571814593,2025-03-10,0.8268875819702144,672241
33571814593,2025-03-17,0.8268984186416737,672241
33571814593,2025-03-24,-0.17302782004063852,672241
33571814593,2025-03-31,1.8271542513385886,672241
33571814593,2025-04-07,1.8272902946470588,672241
33571814593,2025-04-14,2.3274086810195262,672241
33571814593,2025-04-21,0.8274375397822654,672241
33571814593,2025-04-28,2.8275903941902456,672241
33571814593,2025-05-05,0.8275818042980847,672241
33571814593,2025-05-12,-0.17237989593923242,672241
33571814593,2025-05-19,-0.17229543132317746,672241
33571814593,2025-05-26,-0.17225494569128388,672241
33571814593,2025-06-02,-0.17224975611311696,672241
33571814593,2025-06-09,-0.1722315844009545,672241
33571814593,2025-06-16,-0.17223795486099833,672241
33750536246,2025-03-10,2.5004270645757076,672241
33750536246,2025-03-17,2.6950075931069373,672241
33750536246,2025-03-24,2.8875868954033312,672241
33750536246,2025-03-31,3.0781689997715587,672241
33750536246,2025-04-07,3.2667556113202183,672241
33750536246,2025-04-14,3.45334761958516,672241
33750536246,2025-04-21,3.637945496029156,672241
33750536246,2025-04-28,3.820549247568119,672241
33750536246,2025-05-05,4.001156625719688,672241
33750536246,2025-05-12,4.179764400790998,672241
33750536246,2025-05-19,4.356368156010974,672241
33750536246,2025-05-26,4.5309662083705184,672241
33750536246,2025-06-02,5.703645322066196,672241
33750536246,2025-06-09,4.874143896126557,672241
33750536246,2025-06-16,6.042824407457559,672241
33750578247,2025-03-10,-0.047320362726262125,672241
33750578247,2025-03-17,-0.04724607284713056,672241
33750578247,2025-03-24,-0.04717676977620209,672241
33750578247,2025-03-31,-0.04710921729518517,672241
33750578247,2025-04-07,-0.04704651020928532,672241
33750578247,2025-04-14,-0.046988488411900384,672241
33750578247,2025-04-21,-0.04693497437240614,672241
33750578247,2025-04-28,-0.04688244526998299,672241
33750578247,2025-05-05,-0.04683385001108087,672241
33750578247,2025-05-12,-0.04679205139981758,672241
33750578247,2025-05-19,-0.04675355229737738,672241
33750578247,2025-05-26,-0.046711590712560445,672241
33750578247,2025-06-02,-0.04668209840230645,672241
33750578247,2025-06-09,-0.04665520914844862,672241
33750578247,2025-06-16,-0.046627638018295295,672241
33750613973,2025-03-10,0.6062092577085014,672241
33750613973,2025-03-17,0.6057880148581263,672241
33750613973,2025-03-24,0.6053808591937001,672241
33750613973,2025-03-31,1.605386222983046,672241
33750613973,2025-04-07,2.105331727014903,672241
33750613973,2025-04-14,1.104875809407083,672241
33750613973,2025-04-21,0.6046832588522161,672241
33750613973,2025-04-28,0.6047295104430115,672241
33750613973,2025-05-05,0.6047907012776934,672241
33750613973,2025-05-12,0.6048301903878851,672241
33750613973,2025-05-19,1.1046774591353834,672241
33750613973,2025-05-26,0.6048489310014995,672241
33750613973,2025-06-02,0.6048545349101514,672241
33750613973,2025-06-09,0.6048549864144,672241
33750613973,2025-06-16,0.6048543014034417,672241
34126797120,2025-03-10,26.350928021329516,672241
34126797120,2025-03-17,18.856858183881965,672241
34126797120,2025-03-24,25.354922624330044,672241
34126797120,2025-03-31,18.855269962529448,672241
34126797120,2025-04-07,19.860988630895687,672241
34126797120,2025-04-14,10.85757856880369,672241
34126797120,2025-04-21,17.360339960283774,672241
34126797120,2025-04-28,12.35512700861652,672241
34126797120,2025-05-05,8.851506181369851,672241
34126797120,2025-05-12,14.352435421776141,672241
34126797120,2025-05-19,22.356125983604727,672241
34126797120,2025-05-26,20.851349650305426,672241
34126797120,2025-06-02,15.353387236178932,672241
34126797120,2025-06-09,24.361203379175663,672241
34126797120,2025-06-16,14.856473462974336,672241
34126805261,2025-03-10,38.105797115557074,672241
34126805261,2025-03-17,31.108711434059455,672241
34126805261,2025-03-24,20.611047909282227,672241
34126805261,2025-03-31,19.11137991600504,672241
34126805261,2025-04-07,21.1088380672303,672241
34126805261,2025-04-14,22.608528944695717,672241
34126805261,2025-04-21,22.107516898195243,672241
34126805261,2025-04-28,20.60717783555946,672241
34126805261,2025-05-05,26.606200180346026,672241
34126805261,2025-05-12,20.605268595701688,672241
34126805261,2025-05-19,26.105705990707474,672241
34126805261,2025-05-26,26.10431076459324,672241
34126805261,2025-06-02,20.103529972619974,672241
34126805261,2025-06-09,46.600920623352195,672241
34126805261,2025-06-16,31.602371139095506,672241
35281682198,2025-03-10,-2.9369143277314935e-05,672241
35281682198,2025-03-17,0.5005244682191335,672241
35281682198,2025-03-24,4.7311274955899596e-05,672241
35281682198,2025-03-31,4.784471346024055e-05,672241
35281682198,2025-04-07,4.8408149760557906e-05,672241
35281682198,2025-04-14,5.25226838336626e-05,672241
35281682198,2025-04-21,5.667646815892685e-05,672241
35281682198,2025-04-28,5.73173581377151e-05,672241
35281682198,2025-05-05,5.802875764051446e-05,672241
35281682198,2025-05-12,5.879321261575282e-05,672241
35281682198,2025-05-19,5.961053338397054e-05,672241
35281682198,2025-05-26,6.048852074580502e-05,672241
35281682198,2025-06-02,6.144045637227619e-05,672241
35281682198,2025-06-09,6.243999260396177e-05,672241
35281682198,2025-06-16,6.350045804705967e-05,672241
35414490964,2025-03-10,9.406893790703565,672241
35414490964,2025-03-17,8.906993898279834,672241
35414490964,2025-03-24,12.407935536382569,672241
35414490964,2025-03-31,15.908413200112616,672241
35414490964,2025-04-07,16.408608183323675,672241
35414490964,2025-04-14,12.908256454424496,672241
35414490964,2025-04-21,9.907773854228893,672241
35414490964,2025-04-28,10.4071159567709,672241
35414490964,2025-05-05,10.907030875302894,672241
35414490964,2025-05-12,7.906593930290846,672241
35414490964,2025-05-19,7.906115732274943,672241
35414490964,2025-05-26,10.405192864677169,672241
35414490964,2025-06-02,9.403930687908412,672241
35414490964,2025-06-09,10.402668526643204,672241
35414490964,2025-06-16,10.401258797405328,672241
35418350431,2025-03-10,1.4133042629909138,672241
35418350431,2025-03-17,1.4134351817865756,672241
35418350431,2025-03-24,2.413551876988794,672241
35418350431,2025-03-31,1.4135446908626959,672241
35418350431,2025-04-07,1.9135748541865198,672241
35418350431,2025-04-14,4.413645959257801,672241
35418350431,2025-04-21,2.4136309766875943,672241
35418350431,2025-04-28,2.4136902073833273,672241
35418350431,2025-05-05,1.913755018333583,672241
35418350431,2025-05-12,1.9138080435039873,672241
35418350431,2025-05-19,1.9138140312998018,672241
35418350431,2025-05-26,2.9136624266278446,672241
35418350431,2025-06-02,3.413512561449061,672241
35418350431,2025-06-09,3.4132814446173714,672241
35418350431,2025-06-16,2.4130173899465,672241
35760801349,2025-03-10,1.5660911068816494,672241
35760801349,2025-03-17,0.06646990227747462,672241
35760801349,2025-03-24,1.5665628330975845,672241
35760801349,2025-03-31,2.0665151154458776,672241
35760801349,2025-04-07,0.06659820196705102,672241
35760801349,2025-04-14,1.0666539411902913,672241
35760801349,2025-04-21,0.06665400786443154,672241
35760801349,2025-04-28,0.5664636089828843,672241
35760801349,2025-05-05,2.5661322902145405,672241
35760801349,2025-05-12,2.5660329363286323,672241
35760801349,2025-05-19,0.5661547890531513,672241
35760801349,2025-05-26,0.5662842016480814,672241
35760801349,2025-06-02,0.5663532894263901,672241
35760801349,2025-06-09,2.0663109892137217,672241
35760801349,2025-06-16,4.5663287549046405,672241
35760801674,2025-03-10,0.7736919489056855,672241
35760801674,2025-03-17,1.273695668442705,672241
35760801674,2025-03-24,1.2735456504621208,672241
35760801674,2025-03-31,1.2735309363210356,672241
35760801674,2025-04-07,1.2736486974921657,672241
35760801674,2025-04-14,2.7733556859176884,672241
35760801674,2025-04-21,7.27401821431533,672241
35760801674,2025-04-28,3.2733152694399923,672241
35760801674,2025-05-05,1.773738859863609,672241
35760801674,2025-05-12,0.773628899484748,672241
35760801674,2025-05-19,3.7735158069967376,672241
35760801674,2025-05-26,4.273547777419519,672241
35760801674,2025-06-02,1.7735961567334961,672241
35760801674,2025-06-09,5.273744840159827,672241
35760801674,2025-06-16,6.773226715994944,672241
35760801996,2025-03-10,2.705301536417965,672241
35760801996,2025-03-17,2.205075459851139,672241
35760801996,2025-03-24,3.7048836372168767,672241
35760801996,2025-03-31,2.2046630286918054,672241
35760801996,2025-04-07,2.2045179525814285,672241
35760801996,2025-04-14,2.7043906789668273,672241
35760801996,2025-04-21,2.2042439516308887,672241
35760801996,2025-04-28,2.204186148676095,672241
35760801996,2025-05-05,2.7041513691114383,672241
35760801996,2025-05-12,3.204084437066799,672241
35760801996,2025-05-19,2.204079979911194,672241
35760801996,2025-05-26,3.203995400946817,672241
35760801996,2025-06-02,3.2040867956109067,672241
35760801996,2025-06-09,3.703975793678185,672241
35760801996,2025-06-16,3.204160542178654,672241
35760802213,2025-03-10,3.6012015505968282,672241
35760802213,2025-03-17,2.601166769632598,672241
35760802213,2025-03-24,3.600499321594279,672241
35760802213,2025-03-31,4.599752593415561,672241
35760802213,2025-04-07,3.60153794977428,672241
35760802213,2025-04-14,2.601073458835518,672241
35760802213,2025-04-21,4.100149663932059,672241
35760802213,2025-04-28,3.6003592228231907,672241
35760802213,2025-05-05,4.100026596173951,672241
35760802213,2025-05-12,3.100642819584125,672241
35760802213,2025-05-19,2.6017082031105043,672241
35760802213,2025-05-26,3.601066027083273,672241
35760802213,2025-06-02,3.6012091397045833,672241
35760802213,2025-06-09,4.6012283878273275,672241
35760802213,2025-06-16,6.101097445950289,672241
35760802537,2025-03-10,-0.24708232208455622,672241
35760802537,2025-03-17,1.2430313885292599,672241
35760802537,2025-03-24,-0.26671220012695995,672241
35760802537,2025-03-31,-0.27621968632336413,672241
35760802537,2025-04-07,-0.2855071076499013,672241
35760802537,2025-04-14,-0.2945745826857992,672241
35760802537,2025-04-21,-0.30342193852655325,672241
35760802537,2025-04-28,-0.3120493529169474,672241
35760802537,2025-05-05,-0.32045699180964493,672241
35760802537,2025-05-12,-0.3286449038006204,672241
35760802537,2025-05-19,-0.33661328346991215,672241
35760802537,2025-05-26,-0.34436116465773164,672241
35760802537,2025-06-02,-0.3518898771064692,672241
35760802537,2025-06-09,-0.359199005442776,672241
35760802537,2025-06-16,-0.3662886858233098,672241
35760802857,2025-03-10,-0.015069982332333448,672241
35760802857,2025-03-17,-0.015087639168455402,672241
35760802857,2025-03-24,-0.015111821568544986,672241
35760802857,2025-03-31,0.9845698001745272,672241
35760802857,2025-04-07,-0.015151960821969707,672241
35760802857,2025-04-14,-0.015171763759820267,672241
35760802857,2025-04-21,-0.015191529894468508,672241
35760802857,2025-04-28,-0.015211196559048124,672241
35760802857,2025-05-05,-0.015230852670201994,672241
35760802857,2025-05-12,-0.015246108491477506,672241
35760802857,2025-05-19,-0.015261252694683813,672241
35760802857,2025-05-26,0.4846243310937124,672241
35760802857,2025-06-02,-0.015311087088475034,672241
35760802857,2025-06-09,-0.015329309942739677,672241
35760802857,2025-06-16,-0.01534964712389364,672241
35760803117,2025-03-10,0.33581526380003557,672241
35760803117,2025-03-17,-0.1697730569214515,672241
35760803117,2025-03-24,-0.17523556152635955,672241
35760803117,2025-03-31,-0.18059793613578556,672241
35760803117,2025-04-07,-0.18585969022058457,672241
35760803117,2025-04-14,-0.19102140187179326,672241
35760803117,2025-04-21,-0.19608371534378163,672241
35760803117,2025-04-28,-0.20104594942174767,672241
35760803117,2025-05-05,-0.2059081361844455,672241
35760803117,2025-05-12,-0.21067019027735456,672241
35760803117,2025-05-19,-0.2153321087020178,672241
35760803117,2025-05-26,-0.2198937829080494,672241
35760803117,2025-06-02,-0.2243552660206193,672241
35760803117,2025-06-09,-0.22871638513983825,672241
35760803117,2025-06-16,0.2670511991448352,672241
35760803493,2025-03-10,0.031070763416766158,672241
35760803493,2025-03-17,0.031054400716739317,672241
35760803493,2025-03-24,0.031044018516142156,672241
35760803493,2025-03-31,0.031039482794608414,672241
35760803493,2025-04-07,0.031040703117164253,672241
35760803493,2025-04-14,0.03104768586987007,672241
35760803493,2025-04-21,0.530895301351747,672241
35760803493,2025-04-28,0.030921812901329716,672241
35760803493,2025-05-05,0.03090822175889485,672241
35760803493,2025-05-12,0.030896959068093883,672241
35760803493,2025-05-19,0.030887819116872554,672241
35760803493,2025-05-26,0.030880661208376285,672241
35760803493,2025-06-02,0.03087531897596532,672241
35760803493,2025-06-09,0.030871682207237763,672241
35760803493,2025-06-16,0.03086959431591302,672241
35760803736,2025-03-10,0.57758677943508,672241
35760803736,2025-03-17,0.5763944367417949,672241
35760803736,2025-03-24,0.07924370189891634,672241
35760803736,2025-03-31,0.07906051341373353,672241
35760803736,2025-04-07,0.07888790729613063,672241
35760803736,2025-04-14,0.07872548804587962,672241
35760803736,2025-04-21,0.07864412750121658,672241
35760803736,2025-04-28,0.07857663342438637,672241
35760803736,2025-05-05,0.07845325309555866,672241
35760803736,2025-05-12,0.07834744346151334,672241
35760803736,2025-05-19,0.078256217356579,672241
35760803736,2025-05-26,0.07789854879427645,672241
35760803736,2025-06-02,0.07782232885305443,672241
35760803736,2025-06-09,0.07774653089995764,672241
35760803736,2025-06-16,0.07770443064647364,672241
35760804010,2025-03-10,0.5119478855754457,672241
35760804010,2025-03-17,0.011964839574772651,672241
35760804010,2025-03-24,0.011963371557069918,672241
35760804010,2025-03-31,0.5119411217458841,672241
35760804010,2025-04-07,0.011973292675719144,672241
35760804010,2025-04-14,0.01197259844211035,672241
35760804010,2025-04-21,0.011983431266830713,672241
35760804010,2025-04-28,0.011996158871212748,672241
35760804010,2025-05-05,0.012001990677769303,672241
35760804010,2025-05-12,0.01199161951201902,672241
35760804010,2025-05-19,0.5120098392851598,672241
35760804010,2025-05-26,0.01198455440886273,672241
35760804010,2025-06-02,0.011987103693400891,672241
35760804010,2025-06-09,0.01198099187327517,672241
35760804010,2025-06-16,0.011969771245147254,672241
35760804375,2025-03-10,4.7106448596551,672241
35760804375,2025-03-17,3.7095891012653763,672241
35760804375,2025-03-24,4.208558896073081,672241
35760804375,2025-03-31,26.206477206322536,672241
35760804375,2025-04-07,2.7071772864409347,672241
35760804375,2025-04-14,7.707035022222748,672241
35760804375,2025-04-21,2.2062812375920737,672241
35760804375,2025-04-28,6.706087469723758,672241
35760804375,2025-05-05,7.205315778823236,672241
35760804375,2025-05-12,9.705741677191062,672241
35760804375,2025-05-19,8.205042189865162,672241
35760804375,2025-05-26,3.2051043150058796,672241
35760804375,2025-06-02,4.20507105292964,672241
35760804375,2025-06-09,13.204917623880172,672241
35760804375,2025-06-16,9.204790886639492,672241
35760804684,2025-03-10,4.688944820182648,672241
35760804684,2025-03-17,2.6890516329666525,672241
35760804684,2025-03-24,2.6892922237554013,672241
35760804684,2025-03-31,1.1894657597327578,672241
35760804684,2025-04-07,1.6896732360208275,672241
35760804684,2025-04-14,1.6898831716170661,672241
35760804684,2025-04-21,1.6900247535667072,672241
35760804684,2025-04-28,1.690183950765441,672241
35760804684,2025-05-05,9.69013128321408,672241
35760804684,2025-05-12,1.6902571749684352,672241
35760804684,2025-05-19,3.6901312289994146,672241
35760804684,2025-05-26,2.689980405616617,672241
35760804684,2025-06-02,1.689684131893861,672241
35760804684,2025-06-09,1.1894229789355193,672241
35760804684,2025-06-16,3.18922924644677,672241
35760805289,2025-03-10,1.215038647862694,672241
35760805289,2025-03-17,3.71470142194001,672241
35760805289,2025-03-24,3.712962339149257,672241
35760805289,2025-03-31,1.7128595172692664,672241
35760805289,2025-04-07,2.7115242770036247,672241
35760805289,2025-04-14,1.7105993398155135,672241
35760805289,2025-04-21,3.209598784891912,672241
35760805289,2025-04-28,1.2088049504322085,672241
35760805289,2025-05-05,1.208302949298881,672241
35760805289,2025-05-12,2.7064007628606865,672241
35760805289,2025-05-19,1.2062258662562255,672241
35760805289,2025-05-26,0.7059522938412008,672241
35760805289,2025-06-02,1.7047942994522378,672241
35760805289,2025-06-09,3.2041622699817673,672241
35760805289,2025-06-16,2.202837336768469,672241
35760805589,2025-03-10,2.5462382387646816,672241
35760805589,2025-03-17,2.046609175134406,672241
35760805589,2025-03-24,3.0465112802098204,672241
35760805589,2025-03-31,2.5467597082772646,672241
35760805589,2025-04-07,2.046771610304389,672241
35760805589,2025-04-14,1.5469346076085615,672241
35760805589,2025-04-21,3.046697800672959,672241
35760805589,2025-04-28,1.54667918363021,672241
35760805589,2025-05-05,1.0465749902932768,672241
35760805589,2025-05-12,2.5466134465715866,672241
35760805589,2025-05-19,1.5465221134069878,672241
35760805589,2025-05-26,2.546600149384376,672241
35760805589,2025-06-02,1.0467201513633042,672241
35760805589,2025-06-09,2.046711545493211,672241
35760805589,2025-06-16,1.0468467660518295,672241
35760805824,2025-03-10,3.1107344732731836,672241
35760805824,2025-03-17,3.165745334685126,672241
35760805824,2025-03-24,2.7198540027722466,672241
35760805824,2025-03-31,2.2731421251827446,672241
35760805824,2025-04-07,2.82554718155094,672241
35760805824,2025-04-14,3.377005137148925,672241
35760805824,2025-04-21,3.4275533217305685,672241
35760805824,2025-04-28,2.4773420895943845,672241
35760805824,2025-05-05,3.5262506542092624,672241
35760805824,2025-05-12,2.5741525381001873,672241
35760805824,2025-05-19,3.6211948938155762,672241
35760805824,2025-05-26,4.66738673279283,672241
35760805824,2025-06-02,3.71242086371873,672241
35760805824,2025-06-09,5.256801417954919,672241
35760805824,2025-06-16,4.800276643616564,672241
35760806147,2025-03-10,0.015559839278940432,672241
35760806147,2025-03-17,0.0155480889913137,672241
35760806147,2025-03-24,0.01553733758835893,672241
35760806147,2025-03-31,0.01552906146776413,672241
35760806147,2025-04-07,0.01552304995054693,672241
35760806147,2025-04-14,0.01551841006964394,672241
35760806147,2025-04-21,0.015515132462774486,672241
35760806147,2025-04-28,0.015513079643190028,672241
35760806147,2025-05-05,0.015512337506446233,672241
35760806147,2025-05-12,0.015512758763346776,672241
35760806147,2025-05-19,0.5154768663587901,672241
35760806147,2025-05-26,0.015507910332113448,672241
35760806147,2025-06-02,0.015500515071406831,672241
35760806147,2025-06-09,0.015495011383901913,672241
35760806147,2025-06-16,0.015491333798691331,672241
35760806438,2025-03-10,-0.27820058664126773,672241
35760806438,2025-03-17,0.22179294251794118,672241
35760806438,2025-03-24,-0.27821026031250023,672241
35760806438,2025-03-31,-0.27821914577770823,672241
35760806438,2025-04-07,-0.2782277686540101,672241
35760806438,2025-04-14,-0.2782361025620472,672241
35760806438,2025-04-21,-0.2782442322890895,672241
35760806438,2025-04-28,-0.2782520847095179,672241
35760806438,2025-05-05,-0.27825972154800105,672241
35760806438,2025-05-12,0.22173360856342741,672241
35760806438,2025-05-19,-0.27826896838949244,672241
35760806438,2025-05-26,-0.27827168063461144,672241
35760806438,2025-06-02,-0.2782775268866723,672241
35760806438,2025-06-09,-0.2782842914582738,672241
35760806438,2025-06-16,-0.2782927011896133,672241
35760806772,2025-03-10,0.13463333267382577,672241
35760806772,2025-03-17,0.13465442904838493,672241
35760806772,2025-03-24,0.13467399586001194,672241
35760806772,2025-03-31,0.13469152149368302,672241
35760806772,2025-04-07,0.13470709753176158,672241
35760806772,2025-04-14,0.13472080882230114,672241
35760806772,2025-04-21,0.1347326413918069,672241
35760806772,2025-04-28,0.1347427226035658,672241
35760806772,2025-05-05,0.13475128318486285,672241
35760806772,2025-05-12,0.13475868875163383,672241
35760806772,2025-05-19,0.6347634455354711,672241
35760806772,2025-05-26,0.13477557633824022,672241
35760806772,2025-06-02,0.13478336905998783,672241
35760806772,2025-06-09,0.13478956780940604,672241
35760806772,2025-06-16,0.13479439470515445,672241
35760807010,2025-03-10,0.025168106979091803,672241
35760807010,2025-03-17,0.02516878644896635,672241
35760807010,2025-03-24,0.0251757031110989,672241
35760807010,2025-03-31,0.02518755069322544,672241
35760807010,2025-04-07,0.025201276082415958,672241
35760807010,2025-04-14,0.025215224113099052,672241
35760807010,2025-04-21,0.025231060908011804,672241
35760807010,2025-04-28,0.025247235303499163,672241
35760807010,2025-05-05,0.025260902377433822,672241
35760807010,2025-05-12,0.025271042252203224,672241
35760807010,2025-05-19,0.025276795935517057,672241
35760807010,2025-05-26,0.025280969363657604,672241
35760807010,2025-06-02,0.0252768789861455,672241
35760807010,2025-06-09,0.025268598097963793,672241
35760807010,2025-06-16,0.02525563403137558,672241
35760807974,2025-03-10,3.9827181013368724,672241
35760807974,2025-03-17,8.622636151038781,672241
35760807974,2025-03-24,6.761791426772314,672241
35760807974,2025-03-31,6.400247687827086,672241
35760807974,2025-04-07,5.538263925047371,672241
35760807974,2025-04-14,6.175609750291264,672241
35760807974,2025-04-21,9.812387419186829,672241
35760807974,2025-04-28,6.449012769347387,672241
35760807974,2025-05-05,10.584877519621527,672241
35760807974,2025-05-12,9.22028348229316,672241
35760807974,2025-05-19,6.8552333301657455,672241
35760807974,2025-05-26,6.489432800495658,672241
35760807974,2025-06-02,6.123066219360374,672241
35760807974,2025-06-09,8.256170002966055,672241
35760807974,2025-06-16,13.888845569599566,672241
35760808239,2025-03-10,1.9429280219979286,672241
35760808239,2025-03-17,-0.05718421374957905,672241
35760808239,2025-03-24,0.4427676487059444,672241
35760808239,2025-03-31,0.4427961661563966,672241
35760808239,2025-04-07,0.44282004521152085,672241
35760808239,2025-04-14,1.4428746432314776,672241
35760808239,2025-04-21,-0.5570083234327765,672241
35760808239,2025-04-28,0.4431103992007188,672241
35760808239,2025-05-05,14.942925771401859,672241
35760808239,2025-05-12,0.9431702095483256,672241
35760808239,2025-05-19,-0.056894783117643954,672241
35760808239,2025-05-26,1.4430968601748952,672241
35760808239,2025-06-02,0.44321511866932783,672241
35760808239,2025-06-09,-0.05699115716627956,672241
35760808239,2025-06-16,0.9431341813077382,672241
35760808536,2025-03-10,3.601844188499756,672241
35760808536,2025-03-17,4.601819669074135,672241
35760808536,2025-03-24,-0.8980157278101242,672241
35760808536,2025-03-31,2.1018723012250744,672241
35760808536,2025-04-07,0.6017756159723117,672241
35760808536,2025-04-14,0.10174434044487257,672241
35760808536,2025-04-21,-0.39826485817441415,672241
35760808536,2025-04-28,2.1016577014023072,672241
35760808536,2025-05-05,0.6017342443380598,672241
35760808536,2025-05-12,1.1016791945837598,672241
35760808536,2025-05-19,0.10173413024928757,672241
35760808536,2025-05-26,1.6017894936045645,672241
35760808536,2025-06-02,1.1017059164327556,672241
35760808536,2025-06-09,7.101911722483903,672241
35760808536,2025-06-16,3.6018483282898233,672241
35760808866,2025-03-10,1.8302182431594063,672241
35760808866,2025-03-17,2.830508426499739,672241
35760808866,2025-03-24,2.3304145978265556,672241
35760808866,2025-03-31,3.3304257461697513,672241
35760808866,2025-04-07,2.3302195328554784,672241
35760808866,2025-04-14,2.3301570058959022,672241
35760808866,2025-04-21,1.3301009445438436,672241
35760808866,2025-04-28,1.8302059036066232,672241
35760808866,2025-05-05,4.830669867338546,672241
35760808866,2025-05-12,1.8301563887408638,672241
35760808866,2025-05-19,2.3297550128882762,672241
35760808866,2025-05-26,1.8302530445560996,672241
35760808866,2025-06-02,3.3302687285872588,672241
35760808866,2025-06-09,2.3302973828518136,672241
35760808866,2025-06-16,2.330124653826636,672241
35760809177,2025-03-10,2.268434117234355,672241
35760809177,2025-03-17,3.76843658509716,672241
35760809177,2025-03-24,1.2683464932022743,672241
35760809177,2025-03-31,1.2683393179551499,672241
35760809177,2025-04-07,2.268381605044931,672241
35760809177,2025-04-14,2.268366739582449,672241
35760809177,2025-04-21,1.7682870642889839,672241
35760809177,2025-04-28,2.268256654595718,672241
35760809177,2025-05-05,2.2683420557037506,672241
35760809177,2025-05-12,3.26838135699362,672241
35760809177,2025-05-19,1.7683003506262238,672241
35760809177,2025-05-26,2.7682853287735902,672241
35760809177,2025-06-02,2.2682820452032972,672241
35760809177,2025-06-09,9.268258881764165,672241
35760809177,2025-06-16,4.268259501550922,672241
35760809493,2025-03-10,0.6548284383245835,672241
35760809493,2025-03-17,0.6548237964020015,672241
35760809493,2025-03-24,0.15477992830193055,672241
35760809493,2025-03-31,0.15477481201664167,672241
35760809493,2025-04-07,0.1547684316715267,672241
35760809493,2025-04-14,0.15476462270471597,672241
35760809493,2025-04-21,0.15476122658283836,672241
35760809493,2025-04-28,1.154832318030169,672241
35760809493,2025-05-05,0.15475731411157467,672241
35760809493,2025-05-12,0.15475491382396633,672241
35760809493,2025-05-19,0.1547518323027891,672241
35760809493,2025-05-26,0.15475297548861583,672241
35760809493,2025-06-02,0.15474844982621425,672241
35760809493,2025-06-09,0.15474700778929093,672241
35760809493,2025-06-16,0.1547465039222336,672241
35760809723,2025-03-10,0.4023908515843096,672241
35760809723,2025-03-17,0.40239302854212644,672241
35760809723,2025-03-24,0.9023379130008861,672241
35760809723,2025-03-31,0.9023817867996693,672241
35760809723,2025-04-07,0.40256927975422757,672241
35760809723,2025-04-14,0.4026832198064,672241
35760809723,2025-04-21,0.4028370267809225,672241
35760809723,2025-04-28,0.4030325935489581,672241
35760809723,2025-05-05,0.4032771128989475,672241
35760809723,2025-05-12,11.901615530890767,672241
35760809723,2025-05-19,0.3997122995181873,672241
35760809723,2025-05-26,0.40017772033347926,672241
35760809723,2025-06-02,0.40053393825571126,672241
35760809723,2025-06-09,0.400821718550332,672241
35760809723,2025-06-16,0.40105625862595634,672241
35760810312,2025-03-10,-0.03095078223761121,672241
35760810312,2025-03-17,-0.03094443779144651,672241
35760810312,2025-03-24,-0.030943094412787017,672241
35760810312,2025-03-31,-0.030941765966516467,672241
35760810312,2025-04-07,-0.03094044971501978,672241
35760810312,2025-04-14,-0.030939047156310753,672241
35760810312,2025-04-21,-0.030937732814086197,672241
35760810312,2025-04-28,-0.030936400329279107,672241
35760810312,2025-05-05,0.4689639836465963,672241
35760810312,2025-05-12,-0.030933833923037078,672241
35760810312,2025-05-19,-0.03093250686300328,672241
35760810312,2025-05-26,-0.030939207798874074,672241
35760810312,2025-06-02,-0.030937864815847024,672241
35760810312,2025-06-09,-0.03093648009370873,672241
35760810312,2025-06-16,-0.030935192944126368,672241
35760810624,2025-03-10,1.2081544080712254,672241
35760810624,2025-03-17,-0.3071859922221717,672241
35760810624,2025-03-24,0.6777889128201058,672241
35760810624,2025-03-31,-0.33685160163225825,672241
35760810624,2025-04-07,0.14884457650338023,672241
35760810624,2025-04-14,-0.3651234697871636,672241
35760810624,2025-04-21,0.1212725391774907,672241
35760810624,2025-04-28,-0.39199698058838706,672241
35760810624,2025-05-05,-0.4049067249227668,672241
35760810624,2025-05-12,0.08253651605319498,672241
35760810624,2025-05-19,-0.4296873208822439,672241
35760810624,2025-05-26,-0.4415594340011264,672241
35760810624,2025-06-02,-0.45307212404799674,672241
35760810624,2025-06-09,-0.46423882661343374,672241
35760810624,2025-06-16,0.024901104907757515,672241
35760810972,2025-03-10,0.01310597429985133,672241
35760810972,2025-03-17,1.5134472141422417,672241
35760810972,2025-03-24,0.01347186035575404,672241
35760810972,2025-03-31,0.5135293741714515,672241
35760810972,2025-04-07,0.013882770821514623,672241
35760810972,2025-04-14,0.014013345017820478,672241
35760810972,2025-04-21,0.01412498592846323,672241
35760810972,2025-04-28,0.014217694523653346,672241
35760810972,2025-05-05,0.5144574977979057,672241
35760810972,2025-05-12,0.5145416017301555,672241
35760810972,2025-05-19,0.014517445823766961,672241
35760810972,2025-05-26,0.014697093714538867,672241
35760810972,2025-06-02,0.5150987285283772,672241
35760810972,2025-06-09,0.015127985997936189,672241
35760810972,2025-06-16,1.014858374147721,672241
35760811216,2025-03-10,1.1772887977433322,672241
35760811216,2025-03-17,3.182025247900899,672241
35760811216,2025-03-24,2.679689398336321,672241
35760811216,2025-03-31,3.6749274258442552,672241
35760811216,2025-04-07,1.6799754277320487,672241
35760811216,2025-04-14,4.67061791608492,672241
35760811216,2025-04-21,1.6755268764631763,672241
35760811216,2025-04-28,1.17809525996711,672241
35760811216,2025-05-05,4.1733841766367945,672241
35760811216,2025-05-12,1.6805417927343709,672241
35760811216,2025-05-19,1.6853952458677957,672241
35760811216,2025-05-26,1.179737757677752,672241
35760811216,2025-06-02,1.1797667990061074,672241
35760811216,2025-06-09,10.679938550030162,672241
35760811216,2025-06-16,7.679744596662422,672241
35797749988,2025-03-10,-1.5897701880081896,672241
35797749988,2025-03-17,-1.5895986663432653,672241
35797749988,2025-03-24,-0.08950130624512664,672241
35797749988,2025-03-31,-0.5894596144045052,672241
35797749988,2025-04-07,-0.08943765815201926,672241
35797749988,2025-04-14,-1.5893657477193468,672241
35797749988,2025-04-21,-1.5893154761605126,672241
35797749988,2025-04-28,-1.589281355172845,672241
35797749988,2025-05-05,-1.5892719589179838,672241
35797749988,2025-05-12,-1.5892074541737269,672241
35797749988,2025-05-19,-1.5890707316187345,672241
35797749988,2025-05-26,-1.5888865037878823,672241
35797749988,2025-06-02,-1.5887350942156315,672241
35797749988,2025-06-09,-1.5886529054607776,672241
35797749988,2025-06-16,-1.5886495360241126,672241
35845590961,2025-03-10,0.15935632648710502,672241
35845590961,2025-03-17,0.6649625403914583,672241
35845590961,2025-03-24,0.158350582447736,672241
35845590961,2025-03-31,0.15794483757868552,672241
35845590961,2025-04-07,0.15768306853252753,672241
35845590961,2025-04-14,0.6515600742054148,672241
35845590961,2025-04-21,0.15747632512743673,672241
35845590961,2025-04-28,0.1572159273365843,672241
35845590961,2025-05-05,0.1569520473387075,672241
35845590961,2025-05-12,0.1566418209959409,672241
35845590961,2025-05-19,0.1563419731206533,672241
35845590961,2025-05-26,0.6549653191488018,672241
35845590961,2025-06-02,0.1558588599945457,672241
35845590961,2025-06-09,0.1555671805950662,672241
35845590961,2025-06-16,0.15530211547536277,672241
35846286376,2025-03-10,0.7474557404684176,672241
35846286376,2025-03-17,0.24744707496188545,672241
35846286376,2025-03-24,0.24744505100381348,672241
35846286376,2025-03-31,1.2474572663467713,672241
35846286376,2025-04-07,0.24744163435902194,672241
35846286376,2025-04-14,0.7474467783789376,672241
35846286376,2025-04-21,0.24743785588585449,672241
35846286376,2025-04-28,0.2474359631992455,672241
35846286376,2025-05-05,0.7474410543230766,672241
35846286376,2025-05-12,1.2474466995486018,672241
35846286376,2025-05-19,1.2474312491209203,672241
35846286376,2025-05-26,1.2474219680268428,672241
35846286376,2025-06-02,0.24742719923264556,672241
35846286376,2025-06-09,0.7474293118726675,672241
35846286376,2025-06-16,0.7474276644162194,672241
35846511668,2025-03-10,0.13911586171586615,672241
35846511668,2025-03-17,0.13913568103818885,672241
35846511668,2025-03-24,0.1391549668165997,672241
35846511668,2025-03-31,1.1391953170281373,672241
35846511668,2025-04-07,0.13919115876781812,672241
35846511668,2025-04-14,0.13920751542820675,672241
35846511668,2025-04-21,0.6392338060461538,672241
35846511668,2025-04-28,0.13923697013157213,672241
35846511668,2025-05-05,0.13924937807171656,672241
35846511668,2025-05-12,0.13926090134786753,672241
35846511668,2025-05-19,0.1392721137081738,672241
35846511668,2025-05-26,0.139280665516786,672241
35846511668,2025-06-02,0.1392887131837577,672241
35846511668,2025-06-09,0.13929498836067958,672241
35846511668,2025-06-16,0.13929949623000104,672241
35846548593,2025-03-10,0.34536413721501275,672241
35846548593,2025-03-17,-0.1546389077137704,672241
35846548593,2025-03-24,-0.1546395899266093,672241
35846548593,2025-03-31,-0.15464005440481737,672241
35846548593,2025-04-07,-0.15464048000763375,672241
35846548593,2025-04-14,-0.15464085250630827,672241
35846548593,2025-04-21,0.3453566092717455,672241
35846548593,2025-04-28,-0.1546409965136405,672241
35846548593,2025-05-05,-0.15464080104362846,672241
35846548593,2025-05-12,-0.1546404831932659,672241
35846548593,2025-05-19,0.3453620930188612,672241
35846548593,2025-05-26,-0.1546398439653326,672241
35846548593,2025-06-02,-0.15464002274861577,672241
35846548593,2025-06-09,-0.15464017267088742,672241
35846548593,2025-06-16,-0.15464040306952387,672241
36407064097,2025-03-10,-0.4861220967165888,672241
36407064097,2025-03-17,0.5139500626856595,672241
36407064097,2025-03-24,0.013925545295957575,672241
36407064097,2025-03-31,-0.48608052954866,672241
36407064097,2025-04-07,0.013969064145758714,672241
36407064097,2025-04-14,2.0141683901243255,672241
36407064097,2025-04-21,0.014126405960200872,672241
36407064097,2025-04-28,-0.4858020141048738,672241
36407064097,2025-05-05,0.5143140210540154,672241
36407064097,2025-05-12,0.5143319478301148,672241
36407064097,2025-05-19,0.5143851440531729,672241
36407064097,2025-05-26,1.5142981152698638,672241
36407064097,2025-06-02,1.5143157945915866,672241
36407064097,2025-06-09,1.0143286458938543,672241
36407064097,2025-06-16,2.0142173360647835,672241
36442662378,2025-03-10,8.363188258781577,672241
36442662378,2025-03-17,2.8633096330521117,672241
36442662378,2025-03-24,3.863281604655906,672241
36442662378,2025-03-31,-0.6355951502147574,672241
36442662378,2025-04-07,0.8654845115484084,672241
36442662378,2025-04-14,0.8661069504349053,672241
36442662378,2025-04-21,6.36579348017807,672241
36442662378,2025-04-28,7.365221398585907,672241
36442662378,2025-05-05,3.3641686523467627,672241
36442662378,2025-05-12,4.363531275813088,672241
36442662378,2025-05-19,2.36283732256259,672241
36442662378,2025-05-26,0.3618868100854473,672241
36442662378,2025-06-02,-0.63872768525232,672241
36442662378,2025-06-09,10.360564519456364,672241
36442662378,2025-06-16,1.8582719433636332,672241
36442913739,2025-03-10,1.637840328510284,672241
36442913739,2025-03-17,1.1378075351485866,672241
36442913739,2025-03-24,0.6379348983209231,672241
36442913739,2025-03-31,0.13798615554173654,672241
36442913739,2025-04-07,0.1379348002418137,672241
36442913739,2025-04-14,0.13747225486476367,672241
36442913739,2025-04-21,5.637982435959985,672241
36442913739,2025-04-28,0.13735193143313829,672241
36442913739,2025-05-05,2.637698842321581,672241
36442913739,2025-05-12,3.6375751027498207,672241
36442913739,2025-05-19,0.6377445336377053,672241
36442913739,2025-05-26,1.6377468936393524,672241
36442913739,2025-06-02,-0.8623181825110503,672241
36442913739,2025-06-09,1.1378562934976457,672241
36442913739,2025-06-16,0.13767627756346068,672241
36918045023,2025-03-10,0.030673658399249244,672241
36918045023,2025-03-17,0.030702469470182327,672241
36918045023,2025-03-24,0.030729441951241408,672241
36918045023,2025-03-31,0.030754803830129164,672241
36918045023,2025-04-07,0.030778680157936958,672241
36918045023,2025-04-14,0.03081308310611231,672241
36918045023,2025-04-21,0.030846391826044706,672241
36918045023,2025-04-28,0.030866980507326607,672241
36918045023,2025-05-05,0.030886763775907856,672241
36918045023,2025-05-12,0.03090590293342714,672241
36918045023,2025-05-19,0.030924483979082464,672241
36918045023,2025-05-26,0.030847859091700576,672241
36918045023,2025-06-02,0.030865001952748286,672241
36918045023,2025-06-09,0.03088125626790527,672241
36918045023,2025-06-16,0.5308696908269704,672241
36923304973,2025-03-10,0.3597849868508318,672241
36923304973,2025-03-17,-0.1402256147060553,672241
36923304973,2025-03-24,-0.1402193934943224,672241
36923304973,2025-03-31,0.35975963097286634,672241
36923304973,2025-04-07,-0.140221295757548,672241
36923304973,2025-04-14,-0.1402212275547303,672241
36923304973,2025-04-21,-0.14022194523043036,672241
36923304973,2025-04-28,-0.14022324632149474,672241
36923304973,2025-05-05,-0.1402253123530421,672241
36923304973,2025-05-12,-0.140227719993157,672241
36923304973,2025-05-19,-0.1402296955383467,672241
36923304973,2025-05-26,-0.1402291149688168,672241
36923304973,2025-06-02,-0.14023033555776357,672241
36923304973,2025-06-09,-0.14023109109506318,672241
36923304973,2025-06-16,-0.140231369802997,672241
36924668188,2025-03-10,0.0,672241
36924668188,2025-03-17,0.0,672241
36924668188,2025-03-24,0.0,672241
36924668188,2025-03-31,0.0,672241
36924668188,2025-04-07,0.0,672241
36924668188,2025-04-14,0.0,672241
36924668188,2025-04-21,0.0,672241
36924668188,2025-04-28,0.0,672241
36924668188,2025-05-05,0.0,672241
36924668188,2025-05-12,0.0,672241
36924668188,2025-05-19,0.0,672241
36924668188,2025-05-26,0.0,672241
36924668188,2025-06-02,0.0,672241
36924668188,2025-06-09,0.0,672241
36924668188,2025-06-16,0.0,672241
36924687323,2025-03-10,0.0,672241
36924687323,2025-03-17,0.0,672241
36924687323,2025-03-24,0.0,672241
36924687323,2025-03-31,0.0,672241
36924687323,2025-04-07,0.0,672241
36924687323,2025-04-14,0.0,672241
36924687323,2025-04-21,0.0,672241
36924687323,2025-04-28,0.0,672241
36924687323,2025-05-05,0.0,672241
36924687323,2025-05-12,0.0,672241
36924687323,2025-05-19,0.0,672241
36924687323,2025-05-26,0.0,672241
36924687323,2025-06-02,0.0,672241
36924687323,2025-06-09,0.0,672241
36924687323,2025-06-16,0.0,672241
36924792617,2025-03-10,0.046393020995804356,672241
36924792617,2025-03-17,0.04640936618295804,672241
36924792617,2025-03-24,0.04642369440761965,672241
36924792617,2025-03-31,0.04643613347885636,672241
36924792617,2025-04-07,0.0464467681648455,672241
36924792617,2025-04-14,0.04645560927821836,672241
36924792617,2025-04-21,0.04646285679074646,672241
36924792617,2025-04-28,0.04646857728950776,672241
36924792617,2025-05-05,0.046472777648403345,672241
36924792617,2025-05-12,0.04647562290543878,672241
36924792617,2025-05-19,0.04647726360494388,672241
36924792617,2025-05-26,0.5464624476748496,672241
36924792617,2025-06-02,0.04647631743782558,672241
36924792617,2025-06-09,0.5464895416984942,672241
36924792617,2025-06-16,0.046470959825889224,672241
36925028712,2025-03-10,0.0308334831249399,672241
36925028712,2025-03-17,0.0308290876312545,672241
36925028712,2025-03-24,0.030825610517211104,672241
36925028712,2025-03-31,0.0308229917123738,672241
36925028712,2025-04-07,0.030821171572913347,672241
36925028712,2025-04-14,0.030820099444677476,672241
36925028712,2025-04-21,0.030819716947941247,672241
36925028712,2025-04-28,0.030819978510216055,672241
36925028712,2025-05-05,0.030820830437812727,672241
36925028712,2025-05-12,0.03082222762225326,672241
36925028712,2025-05-19,0.030824121979592098,672241
36925028712,2025-05-26,0.030826473797429105,672241
36925028712,2025-06-02,0.030829233888847056,672241
36925028712,2025-06-09,0.030832364453499607,672241
36925028712,2025-06-16,0.030835823226989786,672241
36925173329,2025-03-10,0.0,672241
36925173329,2025-03-17,0.0,672241
36925173329,2025-03-24,0.0,672241
36925173329,2025-03-31,0.0,672241
36925173329,2025-04-07,0.0,672241
36925173329,2025-04-14,0.0,672241
36925173329,2025-04-21,0.0,672241
36925173329,2025-04-28,0.0,672241
36925173329,2025-05-05,0.0,672241
36925173329,2025-05-12,0.0,672241
36925173329,2025-05-19,0.0,672241
36925173329,2025-05-26,0.0,672241
36925173329,2025-06-02,0.0,672241
36925173329,2025-06-09,0.0,672241
36925173329,2025-06-16,0.0,672241
36925451776,2025-03-10,-0.031063198366918975,672241
36925451776,2025-03-17,-0.031057048724070016,672241
36925451776,2025-03-24,-0.031050511956154884,672241
36925451776,2025-03-31,-0.031043600624404186,672241
36925451776,2025-04-07,-0.031036313788525054,672241
36925451776,2025-04-14,-0.031028674409925107,672241
36925451776,2025-04-21,-0.031020680726822743,672241
36925451776,2025-04-28,-0.031012345081292636,672241
36925451776,2025-05-05,-0.031003677193160627,672241
36925451776,2025-05-12,0.46900452210369287,672241
36925451776,2025-05-19,-0.0309887629758447,672241
36925451776,2025-05-26,-0.030982656608785526,672241
36925451776,2025-06-02,-0.030976455995493805,672241
36925451776,2025-06-09,-0.030970231727927355,672241
36925451776,2025-06-16,-0.03096399169180209,672241
36929905877,2025-03-10,0.0,672241
36929905877,2025-03-17,0.0,672241
36929905877,2025-03-24,0.0,672241
36929905877,2025-03-31,0.0,672241
36929905877,2025-04-07,0.0,672241
36929905877,2025-04-14,0.0,672241
36929905877,2025-04-21,0.0,672241
36929905877,2025-04-28,0.0,672241
36929905877,2025-05-05,0.0,672241
36929905877,2025-05-12,0.0,672241
36929905877,2025-05-19,0.0,672241
36929905877,2025-05-26,0.0,672241
36929905877,2025-06-02,0.0,672241
36929905877,2025-06-09,0.0,672241
36929905877,2025-06-16,0.0,672241
36932256672,2025-03-10,-0.015266802304455717,672241
36932256672,2025-03-17,-0.015280766222404055,672241
36932256672,2025-03-24,-0.015294694298660868,672241
36932256672,2025-03-31,-0.015308592929798536,672241
36932256672,2025-04-07,-0.015322467337768687,672241
36932256672,2025-04-14,-0.015336317205118962,672241
36932256672,2025-04-21,-0.015350143809772496,672241
36932256672,2025-04-28,-0.015363957855442048,672241
36932256672,2025-05-05,-0.015377753862647694,672241
36932256672,2025-05-12,-0.015391540888469135,672241
36932256672,2025-05-19,-0.015405320750335207,672241
36932256672,2025-05-26,-0.015417832010380425,672241
36932256672,2025-06-02,-0.015431751793642694,672241
36932256672,2025-06-09,-0.015445816311366798,672241
36932256672,2025-06-16,-0.01546002940526574,672241
36934182989,2025-03-10,-0.031100465854796477,672241
36934182989,2025-03-17,-0.030931197982222877,672241
36934182989,2025-03-24,-0.03079650416268935,672241
36934182989,2025-03-31,-0.030692645860907603,672241
36934182989,2025-04-07,-0.03061750363666351,672241
36934182989,2025-04-14,-0.030568702726159407,672241
36934182989,2025-04-21,-0.03054170716480178,672241
36934182989,2025-04-28,-0.030533380064244664,672241
36934182989,2025-05-05,-0.03053909330388772,672241
36934182989,2025-05-12,-0.03055623992723409,672241
36934182989,2025-05-19,-0.03058232528583144,672241
36934182989,2025-05-26,-0.030618998662197867,672241
36934182989,2025-06-02,-0.030655673045217317,672241
36934182989,2025-06-09,-0.03069593712555007,672241
36934182989,2025-06-16,-0.030737685889786107,672241
36952764350,2025-03-10,-0.25476440679104245,672241
36952764350,2025-03-17,0.745262243256215,672241
36952764350,2025-03-24,0.2452706485135911,672241
36952764350,2025-03-31,0.24534814322454596,672241
36952764350,2025-04-07,-0.25461978865137597,672241
36952764350,2025-04-14,1.7453800740243195,672241
36952764350,2025-04-21,0.24541782027257736,672241
36952764350,2025-04-28,2.745342921549457,672241
36952764350,2025-05-05,0.24535312068075535,672241
36952764350,2025-05-12,0.7452667111990703,672241
36952764350,2025-05-19,0.24525414626314287,672241
36952764350,2025-05-26,0.7451896314937723,672241
36952764350,2025-06-02,1.2451167757755837,672241
36952764350,2025-06-09,-0.2549334363276712,672241
36952764350,2025-06-16,-0.2549559362118131,672241
36952921551,2025-03-10,-0.29032584977316983,672241
36952921551,2025-03-17,-0.29029358908423397,672241
36952921551,2025-03-24,-0.2902560197075395,672241
36952921551,2025-03-31,0.20969659059704163,672241
36952921551,2025-04-07,0.7095997845971665,672241
36952921551,2025-04-14,0.7095076951689688,672241
36952921551,2025-04-21,0.7096722576734307,672241
36952921551,2025-04-28,-0.29053167007657754,672241
36952921551,2025-05-05,-0.2905977517873611,672241
36952921551,2025-05-12,-0.2906516932149872,672241
36952921551,2025-05-19,1.2095493068970526,672241
36952921551,2025-05-26,0.709327696428768,672241
36952921551,2025-06-02,0.20942148997368168,672241
36952921551,2025-06-09,0.7093691647638001,672241
36952921551,2025-06-16,0.7093264395207663,672241
36952968358,2025-03-10,0.9247331233506171,672241
36952968358,2025-03-17,0.9247500999064721,672241
36952968358,2025-03-24,1.4247467988064497,672241
36952968358,2025-03-31,1.4247555667453216,672241
36952968358,2025-04-07,1.4247764714781583,672241
36952968358,2025-04-14,1.924745298420452,672241
36952968358,2025-04-21,1.9247546116457388,672241
36952968358,2025-04-28,1.9247247455510266,672241
36952968358,2025-05-05,0.9246855491166011,672241
36952968358,2025-05-12,0.9247059450574705,672241
36952968358,2025-05-19,1.4247460321067416,672241
36952968358,2025-05-26,1.4247102454489995,672241
36952968358,2025-06-02,1.9246858262938895,672241
36952968358,2025-06-09,1.9246874939782295,672241
36952968358,2025-06-16,1.42471583587854,672241
37232337056,2025-03-10,0.6649828397294651,672241
37232337056,2025-03-17,0.664981114907242,672241
37232337056,2025-03-24,2.1650216544977923,672241
37232337056,2025-03-31,0.6649772699513576,672241
37232337056,2025-04-07,1.1650179063754873,672241
37232337056,2025-04-14,1.6649730228127568,672241
37232337056,2025-04-21,1.1650113856618478,672241
37232337056,2025-04-28,1.165007416168676,672241
37232337056,2025-05-05,1.164919886452542,672241
37232337056,2025-05-12,0.6649600783815154,672241
37232337056,2025-05-19,1.1650009250204203,672241
37232337056,2025-05-26,1.164967465725239,672241
37232337056,2025-06-02,0.6649679033704133,672241
37232337056,2025-06-09,0.6649651359215903,672241
37232337056,2025-06-16,0.6649628038307412,672241
37342256451,2025-03-10,9.355733053856554,672241
37342256451,2025-03-17,6.355042018960417,672241
37342256451,2025-03-24,10.855234279259266,672241
37342256451,2025-03-31,5.355161809942542,672241
37342256451,2025-04-07,1.8552249264486562,672241
37342256451,2025-04-14,1.8555628065848517,672241
37342256451,2025-04-21,1.8560348004102964,672241
37342256451,2025-04-28,1.8565995330750495,672241
37342256451,2025-05-05,1.8571786630977334,672241
37342256451,2025-05-12,1.8576550525244748,672241
37342256451,2025-05-19,1.857869683306343,672241
37342256451,2025-05-26,1.8579460794807998,672241
37342256451,2025-06-02,1.8577366148165204,672241
37342256451,2025-06-09,1.8574407591983473,672241
37342256451,2025-06-16,1.857064757088394,672241
37343374872,2025-03-10,9.282468404125643,672241
37343374872,2025-03-17,9.782381094002853,672241
37343374872,2025-03-24,11.282341697376163,672241
37343374872,2025-03-31,5.781558536185938,672241
37343374872,2025-04-07,6.281298683946927,672241
37343374872,2025-04-14,9.781099245415255,672241
37343374872,2025-04-21,7.280119668959279,672241
37343374872,2025-04-28,8.779337164557313,672241
37343374872,2025-05-05,5.777895673620399,672241
37343374872,2025-05-12,6.776762386306761,672241
37343374872,2025-05-19,6.7754178820433895,672241
37343374872,2025-05-26,8.273761072345657,672241
37343374872,2025-06-02,5.272651671271056,672241
37343374872,2025-06-09,12.270126708102035,672241
37343374872,2025-06-16,11.26897183370965,672241
37344189072,2025-03-10,19.936694087774057,672241
37344189072,2025-03-17,8.94268806241409,672241
37344189072,2025-03-24,14.945112400767018,672241
37344189072,2025-03-31,13.948314493580625,672241
37344189072,2025-04-07,6.9525477943185825,672241
37344189072,2025-04-14,12.455235177129378,672241
37344189072,2025-04-21,9.460001045661375,672241
37344189072,2025-04-28,8.463503317704319,672241
37344189072,2025-05-05,11.465199443156411,672241
37344189072,2025-05-12,8.467637815973191,672241
37344189072,2025-05-19,7.968501757653115,672241
37344189072,2025-05-26,6.9688177500285855,672241
37344189072,2025-06-02,11.468609410320092,672241
37344189072,2025-06-09,8.967130247442348,672241
37344189072,2025-06-16,8.96590305505904,672241
37344544280,2025-03-10,3.3341931319796267,672241
37344544280,2025-03-17,3.3336737260211255,672241
37344544280,2025-03-24,3.834194637193559,672241
37344544280,2025-03-31,5.335393383138554,672241
37344544280,2025-04-07,4.335951223814549,672241
37344544280,2025-04-14,3.3353927801327767,672241
37344544280,2025-04-21,4.834423050820906,672241
37344544280,2025-04-28,7.8340350906221925,672241
37344544280,2025-05-05,5.334133554189625,672241
37344544280,2025-05-12,4.3348806848190415,672241
37344544280,2025-05-19,5.335305166679934,672241
37344544280,2025-05-26,4.334902427261185,672241
37344544280,2025-06-02,3.8348432111796686,672241
37344544280,2025-06-09,5.334825943580653,672241
37344544280,2025-06-16,4.334623708843106,672241
38280841811,2025-03-10,0.23210925117722203,672241
38280841811,2025-03-17,0.23211130264075291,672241
38280841811,2025-03-24,0.7317430935021771,672241
38280841811,2025-03-31,0.23205110530529532,672241
38280841811,2025-04-07,0.731684570496517,672241
38280841811,2025-04-14,0.2319966800418768,672241
38280841811,2025-04-21,0.2320128428365338,672241
38280841811,2025-04-28,0.23202743399861764,672241
38280841811,2025-05-05,0.7316613253985504,672241
38280841811,2025-05-12,0.23198321866677996,672241
38280841811,2025-05-19,0.23200918656174796,672241
38280841811,2025-05-26,0.23196069487348447,672241
38280841811,2025-06-02,0.23197549363779954,672241
38280841811,2025-06-09,0.23199029275690725,672241
38280841811,2025-06-16,0.23200500449220504,672241
38281454130,2025-03-10,0.43575574634946174,672241
38281454130,2025-03-17,0.4357570516108793,672241
38281454130,2025-03-24,0.4357545377034583,672241
38281454130,2025-03-31,0.4357479687378134,672241
38281454130,2025-04-07,0.4357405033469645,672241
38281454130,2025-04-14,0.43573301289085836,672241
38281454130,2025-04-21,0.43572650208282576,672241
38281454130,2025-04-28,0.43572138236809643,672241
38281454130,2025-05-05,0.43571530643648165,672241
38281454130,2025-05-12,0.43571125090940194,672241
38281454130,2025-05-19,0.4357127520099864,672241
38281454130,2025-05-26,0.4357232909552133,672241
38281454130,2025-06-02,0.4357292364456129,672241
38281454130,2025-06-09,0.4357373373459538,672241
38281454130,2025-06-16,0.4357471128103341,672241
38282283940,2025-03-10,-0.015965700584001125,672241
38282283940,2025-03-17,-0.015933216617438864,672241
38282283940,2025-03-24,-0.015901977153829697,672241
38282283940,2025-03-31,-0.015871906763045777,672241
38282283940,2025-04-07,-0.015842941334791902,672241
38282283940,2025-04-14,-0.015816237997055137,672241
38282283940,2025-04-21,-0.015790635658161717,672241
38282283940,2025-04-28,-0.015764956870544335,672241
38282283940,2025-05-05,-0.015739149867366686,672241
38282283940,2025-05-12,-0.015715498003404757,672241
38282283940,2025-05-19,-0.015693943086569795,672241
38282283940,2025-05-26,-0.0156696195160151,672241
38282283940,2025-06-02,-0.015648405963207705,672241
38282283940,2025-06-09,-0.015627770949460676,672241
38282283940,2025-06-16,-0.01560767262844022,672241
38353593948,2025-03-10,6.500161053084461,672241
38353593948,2025-03-17,7.000252785527075,672241
38353593948,2025-03-24,8.500351050292402,672241
38353593948,2025-03-31,8.500394068667154,672241
38353593948,2025-04-07,6.500327620528,672241
38353593948,2025-04-14,6.000228802226731,672241
38353593948,2025-04-21,7.500123046187171,672241
38353593948,2025-04-28,6.499893751973937,672241
38353593948,2025-05-05,8.499533111405844,672241
38353593948,2025-05-12,11.999066145349122,672241
38353593948,2025-05-19,14.99854863945058,672241
38353593948,2025-05-26,18.498089789925395,672241
38353593948,2025-06-02,6.997724008048069,672241
38353593948,2025-06-09,5.997416147126886,672241
38353593948,2025-06-16,5.997080745233834,672241
38354014830,2025-03-10,-1.5003790510642017,672241
38354014830,2025-03-17,-0.5007146058344274,672241
38354014830,2025-03-24,-1.5010984954825863,672241
38354014830,2025-03-31,-0.0014773690334517007,672241
38354014830,2025-04-07,-1.501757564839925,672241
38354014830,2025-04-14,-2.0019161265579983,672241
38354014830,2025-04-21,-2.0020646629023786,672241
38354014830,2025-04-28,-2.002340979490174,672241
38354014830,2025-05-05,-1.0026819544407848,672241
38354014830,2025-05-12,-1.502980329955096,672241
38354014830,2025-05-19,-0.5031644814538713,672241
38354014830,2025-05-26,-1.0032934909361964,672241
38354014830,2025-06-02,-1.5034100754253905,672241
38354014830,2025-06-09,-0.5034901508222537,672241
38354014830,2025-06-16,0.9964907900415967,672241
38354067981,2025-03-10,4.864011941870014,672241
38354067981,2025-03-17,3.364093394597784,672241
38354067981,2025-03-24,3.3640172433615736,672241
38354067981,2025-03-31,4.363931618825019,672241
38354067981,2025-04-07,4.863783159139372,672241
38354067981,2025-04-14,5.363677230012575,672241
38354067981,2025-04-21,2.363403820044522,672241
38354067981,2025-04-28,4.363400635533823,672241
38354067981,2025-05-05,4.363342006867133,672241
38354067981,2025-05-12,6.3633487722532225,672241
38354067981,2025-05-19,7.363268495880208,672241
38354067981,2025-05-26,5.363024594299515,672241
38354067981,2025-06-02,4.862974069728251,672241
38354067981,2025-06-09,8.363018376844167,672241
38354067981,2025-06-16,9.863409067407964,672241
38354074222,2025-03-10,-0.3018813357544338,672241
38354074222,2025-03-17,-0.30186885847808587,672241
38354074222,2025-03-24,-0.30187137231069494,672241
38354074222,2025-03-31,-0.30187561462808726,672241
38354074222,2025-04-07,-0.30186640833414924,672241
38354074222,2025-04-14,-0.30186038957845146,672241
38354074222,2025-04-21,-0.30186608260970216,672241
38354074222,2025-04-28,-0.3018762247679818,672241
38354074222,2025-05-05,-0.30188558592233394,672241
38354074222,2025-05-12,-0.30189412144811106,672241
38354074222,2025-05-19,-0.30189956868624507,672241
38354074222,2025-05-26,-0.3018969969501515,672241
38354074222,2025-06-02,-0.3018784881891668,672241
38354074222,2025-06-09,-0.3018543141340685,672241
38354074222,2025-06-16,-0.30183262724185733,672241
38598934876,2025-03-10,-0.030841669554606568,672241
38598934876,2025-03-17,-0.030845628390033724,672241
38598934876,2025-03-24,-0.030849964117419616,672241
38598934876,2025-03-31,-0.03085465561363697,672241
38598934876,2025-04-07,-0.030859700808982968,672241
38598934876,2025-04-14,-0.030865070549150914,672241
38598934876,2025-04-21,-0.03087076227464787,672241
38598934876,2025-04-28,-0.03087675912673963,672241
38598934876,2025-05-05,-0.030883043461434917,672241
38598934876,2025-05-12,-0.030889598214112406,672241
38598934876,2025-05-19,-0.030896430717367744,672241
38598934876,2025-05-26,-0.030890340400558415,672241
38598934876,2025-06-02,-0.030897434217489736,672241
38598934876,2025-06-09,-0.030904538930560638,672241
38598934876,2025-06-16,-0.030911638251642705,672241
38599650318,2025-03-10,0.0,672241
38599650318,2025-03-17,0.0,672241
38599650318,2025-03-24,0.0,672241
38599650318,2025-03-31,0.0,672241
38599650318,2025-04-07,0.0,672241
38599650318,2025-04-14,0.0,672241
38599650318,2025-04-21,0.0,672241
38599650318,2025-04-28,0.0,672241
38599650318,2025-05-05,0.0,672241
38599650318,2025-05-12,0.0,672241
38599650318,2025-05-19,0.0,672241
38599650318,2025-05-26,0.0,672241
38599650318,2025-06-02,0.0,672241
38599650318,2025-06-09,0.0,672241
38599650318,2025-06-16,0.0,672241
38599735521,2025-03-10,0.046468767022469826,672241
38599735521,2025-03-17,0.04646621806249637,672241
38599735521,2025-03-24,0.046463650882556704,672241
38599735521,2025-03-31,0.046461088311041315,672241
38599735521,2025-04-07,0.046458518694894244,672241
38599735521,2025-04-14,0.046455938783683204,672241
38599735521,2025-04-21,0.046453360300328844,672241
38599735521,2025-04-28,1.5464205699783768,672241
38599735521,2025-05-05,0.04644820429111962,672241
38599735521,2025-05-12,0.046445635304185,672241
38599735521,2025-05-19,0.04644305184077327,672241
38599735521,2025-05-26,0.04643929213474965,672241
38599735521,2025-06-02,0.04643672418537101,672241
38599735521,2025-06-09,0.04643413702738286,672241
38599735521,2025-06-16,0.04643154645985606,672241
38675272223,2025-03-10,0.17004226886138626,672241
38675272223,2025-03-17,0.17005165178456233,672241
38675272223,2025-03-24,0.17006158273486238,672241
38675272223,2025-03-31,0.17007079121523838,672241
38675272223,2025-04-07,0.17007974708985663,672241
38675272223,2025-04-14,0.17008927715255204,672241
38675272223,2025-04-21,0.17009862401136028,672241
38675272223,2025-04-28,0.17010750640515201,672241
38675272223,2025-05-05,0.17011604073181058,672241
38675272223,2025-05-12,0.17012429671585438,672241
38675272223,2025-05-19,0.17013240417591968,672241
38675272223,2025-05-26,0.1701458477235409,672241
38675272223,2025-06-02,0.17015555534558363,672241
38675272223,2025-06-09,0.17016749688732508,672241
38675272223,2025-06-16,0.17018137420108853,672241
38676507640,2025-03-10,0.10721357362812665,672241
38676507640,2025-03-17,0.10732273393368341,672241
38676507640,2025-03-24,0.10742960623528353,672241
38676507640,2025-03-31,0.10753363633353033,672241
38676507640,2025-04-07,0.10763431400359477,672241
38676507640,2025-04-14,0.10773116695693853,672241
38676507640,2025-04-21,0.10782379069913797,672241
38676507640,2025-04-28,0.10791176720522266,672241
38676507640,2025-05-05,0.10799476902916323,672241
38676507640,2025-05-12,0.10807248400361141,672241
38676507640,2025-05-19,0.10814571090597816,672241
38676507640,2025-05-26,0.10820704026039901,672241
38676507640,2025-06-02,0.10826572288252934,672241
38676507640,2025-06-09,0.10831606269247893,672241
38676507640,2025-06-16,0.10835785583068253,672241
38676661854,2025-03-10,0.21649380581628042,672241
38676661854,2025-03-17,0.21652920133462228,672241
38676661854,2025-03-24,0.21655968904971187,672241
38676661854,2025-03-31,0.21658501320740126,672241
38676661854,2025-04-07,0.21660872166696127,672241
38676661854,2025-04-14,0.21662690445731808,672241
38676661854,2025-04-21,0.21664156610153135,672241
38676661854,2025-04-28,0.21665445868460562,672241
38676661854,2025-05-05,0.21666184229481134,672241
38676661854,2025-05-12,0.21666896994009133,672241
38676661854,2025-05-19,0.21667319690297626,672241
38676661854,2025-05-26,0.2166401789751686,672241
38676661854,2025-06-02,0.21663508505750742,672241
38676661854,2025-06-09,0.21663192537146445,672241
38676661854,2025-06-16,0.21663095112670183,672241
38676704412,2025-03-10,0.27821454382987026,672241
38676704412,2025-03-17,0.2782296585430014,672241
38676704412,2025-03-24,0.27824373363642224,672241
38676704412,2025-03-31,0.2782580641479061,672241
38676704412,2025-04-07,0.2782720048944224,672241
38676704412,2025-04-14,0.2782849670852116,672241
38676704412,2025-04-21,0.27829602102755896,672241
38676704412,2025-04-28,0.27830586044981326,672241
38676704412,2025-05-05,0.27831611069703954,672241
38676704412,2025-05-12,0.27832569751515157,672241
38676704412,2025-05-19,0.27833390952337955,672241
38676704412,2025-05-26,0.27835196349732716,672241
38676704412,2025-06-02,0.27836109560038647,672241
38676704412,2025-06-09,0.27837232061589123,672241
38676704412,2025-06-16,0.27838583220133295,672241
38676726059,2025-03-10,0.04702010962395323,672241
38676726059,2025-03-17,0.046940995504111314,672241
38676726059,2025-03-24,0.04686588555686848,672241
38676726059,2025-03-31,0.046795115746865186,672241
38676726059,2025-04-07,0.0467354489552204,672241
38676726059,2025-04-14,0.046693283684306516,672241
38676726059,2025-04-21,0.04664815902167452,672241
38676726059,2025-04-28,0.04659296886117371,672241
38676726059,2025-05-05,0.04654085784470589,672241
38676726059,2025-05-12,0.0464983988387088,672241
38676726059,2025-05-19,0.04645218975472788,672241
38676726059,2025-05-26,0.04635003419506239,672241
38676726059,2025-06-02,0.04631908502006142,672241
38676726059,2025-06-09,0.04629373170995522,672241
38676726059,2025-06-16,0.046267115031492494,672241
38676919811,2025-03-10,0.7786561091773505,672241
38676919811,2025-03-17,0.7786485085324735,672241
38676919811,2025-03-24,0.7786480578592386,672241
38676919811,2025-03-31,0.7786542278989131,672241
38676919811,2025-04-07,0.7786656378076163,672241
38676919811,2025-04-14,0.7786811114055409,672241
38676919811,2025-04-21,0.7786998446665638,672241
38676919811,2025-04-28,0.778721159612241,672241
38676919811,2025-05-05,0.7787438889717673,672241
38676919811,2025-05-12,0.7787667916156913,672241
38676919811,2025-05-19,0.7787896877416723,672241
38676919811,2025-05-26,0.7788151037189948,672241
38676919811,2025-06-02,1.2788363350530494,672241
38676919811,2025-06-09,0.7788564638042376,672241
38676919811,2025-06-16,1.2788733060422717,672241
38676944496,2025-03-10,0.3892448536677727,672241
38676944496,2025-03-17,0.3890527646129771,672241
38676944496,2025-03-24,0.38890773985835747,672241
38676944496,2025-03-31,0.3887903442615388,672241
38676944496,2025-04-07,0.38867920156037494,672241
38676944496,2025-04-14,0.38858738458954123,672241
38676944496,2025-04-21,0.3885455083238524,672241
38676944496,2025-04-28,1.3883293601756437,672241
38676944496,2025-05-05,0.3883360617416899,672241
38676944496,2025-05-12,1.3880230984615158,672241
38676944496,2025-05-19,0.388047761019633,672241
38676944496,2025-05-26,0.38786913283613456,672241
38676944496,2025-06-02,0.38785400764591316,672241
38676944496,2025-06-09,0.8878865150248411,672241
38676944496,2025-06-16,0.8879313290092439,672241
38677029055,2025-03-10,0.5102446784629702,672241
38677029055,2025-03-17,0.5102795573267838,672241
38677029055,2025-03-24,0.5103096965113448,672241
38677029055,2025-03-31,0.5103362955913917,672241
38677029055,2025-04-07,0.5103603618389352,672241
38677029055,2025-04-14,0.510381325371565,672241
38677029055,2025-04-21,0.5103983346580381,672241
38677029055,2025-04-28,0.5104094563081634,672241
38677029055,2025-05-05,0.5104172059288767,672241
38677029055,2025-05-12,0.5104270717737194,672241
38677029055,2025-05-19,1.0103937983646183,672241
38677029055,2025-05-26,0.510415745562424,672241
38677029055,2025-06-02,1.0104598007449077,672241
38677029055,2025-06-09,0.5104180016642622,672241
38677029055,2025-06-16,0.5104169999000596,672241
38677032646,2025-03-10,0.33985159624603245,672241
38677032646,2025-03-17,0.3398565597906023,672241
38677032646,2025-03-24,0.33985389539546884,672241
38677032646,2025-03-31,0.3398508902013859,672241
38677032646,2025-04-07,0.3398525369647204,672241
38677032646,2025-04-14,0.33986180686020695,672241
38677032646,2025-04-21,0.3398793116488541,672241
38677032646,2025-04-28,0.3399045894178846,672241
38677032646,2025-05-05,0.3399358172416387,672241
38677032646,2025-05-12,0.3399695462855968,672241
38677032646,2025-05-19,0.3400013650168986,672241
38677032646,2025-05-26,0.34003003894784534,672241
38677032646,2025-06-02,0.8400464378389254,672241
38677032646,2025-06-09,0.8400562107248176,672241
38677032646,2025-06-16,0.8400563409337084,672241
38677051225,2025-03-10,0.951872408162701,672241
38677051225,2025-03-17,0.9518617012245372,672241
38677051225,2025-03-24,0.9518504703814995,672241
38677051225,2025-03-31,0.9518366427001397,672241
38677051225,2025-04-07,0.9518235419311842,672241
38677051225,2025-04-14,0.951815192035085,672241
38677051225,2025-04-21,0.9518129207541683,672241
38677051225,2025-04-28,0.9518132856762064,672241
38677051225,2025-05-05,0.9518133071454458,672241
38677051225,2025-05-12,0.95181677035254,672241
38677051225,2025-05-19,0.9518467025630686,672241
38677051225,2025-05-26,0.9518492268337672,672241
38677051225,2025-06-02,0.9518695234964172,672241
38677051225,2025-06-09,1.451896257479243,672241
38677051225,2025-06-16,1.4519084425652875,672241
38677090284,2025-03-10,1.239488018746016,672241
38677090284,2025-03-17,1.2395472731377715,672241
38677090284,2025-03-24,1.2395917798764078,672241
38677090284,2025-03-31,1.2396034982566968,672241
38677090284,2025-04-07,1.2395864606151945,672241
38677090284,2025-04-14,1.2395378899657126,672241
38677090284,2025-04-21,1.2394535628119219,672241
38677090284,2025-04-28,1.2393403734706232,672241
38677090284,2025-05-05,1.2392092265153694,672241
38677090284,2025-05-12,1.2390802135109658,672241
38677090284,2025-05-19,1.238962743099024,672241
38677090284,2025-05-26,1.7387756022166758,672241
38677090284,2025-06-02,1.2386678206287618,672241
38677090284,2025-06-09,2.2386644469649557,672241
38677090284,2025-06-16,1.238591035856346,672241
38677235450,2025-03-10,1.0940556005013162,672241
38677235450,2025-03-17,1.094138311594136,672241
38677235450,2025-03-24,1.0941892657029055,672241
38677235450,2025-03-31,1.0942128430705869,672241
38677235450,2025-04-07,1.0942297642763221,672241
38677235450,2025-04-14,1.0942317183129397,672241
38677235450,2025-04-21,1.0942363050422323,672241
38677235450,2025-04-28,1.0942416365097591,672241
38677235450,2025-05-05,1.0942494047815599,672241
38677235450,2025-05-12,1.0942640701729918,672241
38677235450,2025-05-19,1.0943049609778173,672241
38677235450,2025-05-26,1.0940306018517585,672241
38677235450,2025-06-02,1.0940914091786793,672241
38677235450,2025-06-09,2.093972680674332,672241
38677235450,2025-06-16,1.093841381541407,672241
38677320037,2025-03-10,0.4844821400133409,672241
38677320037,2025-03-17,0.49418345593463575,672241
38677320037,2025-03-24,0.5037652760413829,672241
38677320037,2025-03-31,1.0132258701424872,672241
38677320037,2025-04-07,0.5225659103517792,672241
38677320037,2025-04-14,0.5317837219236221,672241
38677320037,2025-04-21,0.5408775879372403,672241
38677320037,2025-04-28,0.5498472386082802,672241
38677320037,2025-05-05,0.5586923738625069,672241
38677320037,2025-05-12,0.5674127480022044,672241
38677320037,2025-05-19,0.5760084505493765,672241
38677320037,2025-05-26,0.5844811973551368,672241
38677320037,2025-06-02,0.5928286391520083,672241
38677320037,2025-06-09,0.6010523283568044,672241
38677320037,2025-06-16,0.6091526049679782,672241
38677419399,2025-03-10,0.077290887533154,672241
38677419399,2025-03-17,0.0772947734123075,672241
38677419399,2025-03-24,0.07729913850550012,672241
38677419399,2025-03-31,0.0773029363449363,672241
38677419399,2025-04-07,0.07730519326239862,672241
38677419399,2025-04-14,0.0773071757990357,672241
38677419399,2025-04-21,0.07730882169638642,672241
38677419399,2025-04-28,0.0773101664564482,672241
38677419399,2025-05-05,0.07731135493076316,672241
38677419399,2025-05-12,0.07731161962478186,672241
38677419399,2025-05-19,0.07731160839160744,672241
38677419399,2025-05-26,0.07731346779574536,672241
38677419399,2025-06-02,0.07731270044559888,672241
38677419399,2025-06-09,0.07731205589954926,672241
38677419399,2025-06-16,0.07731086335944425,672241
38677459566,2025-03-10,0.0925997125368645,672241
38677459566,2025-03-17,0.09256992635391434,672241
38677459566,2025-03-24,0.09254020988888133,672241
38677459566,2025-03-31,0.09255715355717394,672241
38677459566,2025-04-07,0.09259745996617488,672241
38677459566,2025-04-14,0.09261448324033275,672241
38677459566,2025-04-21,0.09263155340948219,672241
38677459566,2025-04-28,0.09264863177401846,672241
38677459566,2025-05-05,0.09264240832468297,672241
38677459566,2025-05-12,0.09263617622433026,672241
38677459566,2025-05-19,0.09260664568781775,672241
38677459566,2025-05-26,0.09267026741148507,672241
38677459566,2025-06-02,0.0926639909126557,672241
38677459566,2025-06-09,0.09265768359794137,672241
38677459566,2025-06-16,0.09265130619199337,672241
38677463756,2025-03-10,0.0614679263029109,672241
38677463756,2025-03-17,0.06139785462084335,672241
38677463756,2025-03-24,0.06135156129523568,672241
38677463756,2025-03-31,0.0613251573074521,672241
38677463756,2025-04-07,0.061317731744916545,672241
38677463756,2025-04-14,0.06132522475938737,672241
38677463756,2025-04-21,0.061342902704564634,672241
38677463756,2025-04-28,0.061369941177008724,672241
38677463756,2025-05-05,0.061402839824765104,672241
38677463756,2025-05-12,0.06144213928378475,672241
38677463756,2025-05-19,0.0614834245177332,672241
38677463756,2025-05-26,0.06151341071518987,672241
38677463756,2025-06-02,0.06155107915298558,672241
38677463756,2025-06-09,0.061582158734374504,672241
38677463756,2025-06-16,0.06160554743494634,672241
38677465824,2025-03-10,0.6497285628716121,672241
38677465824,2025-03-17,0.6497136242187217,672241
38677465824,2025-03-24,0.6496977870465719,672241
38677465824,2025-03-31,0.6497592889976747,672241
38677465824,2025-04-07,0.64981761014006,672241
38677465824,2025-04-14,0.6498091619979289,672241
38677465824,2025-04-21,0.6498217422798258,672241
38677465824,2025-04-28,0.6498348336501125,672241
38677465824,2025-05-05,0.6498421329261966,672241
38677465824,2025-05-12,0.6498664849267733,672241
38677465824,2025-05-19,0.6498960146482704,672241
38677465824,2025-05-26,0.6496646209587322,672241
38677465824,2025-06-02,0.6496895225544168,672241
38677465824,2025-06-09,0.6497096475772133,672241
38677465824,2025-06-16,1.1496980982033513,672241
38781988859,2025-03-10,20.99915240994488,672241
38781988859,2025-03-17,27.498099086311615,672241
38781988859,2025-03-24,30.49726044299295,672241
38781988859,2025-03-31,29.996761712418746,672241
38781988859,2025-04-07,26.99614938582932,672241
38781988859,2025-04-14,25.995750314851854,672241
38781988859,2025-04-21,26.995262289054445,672241
38781988859,2025-04-28,25.494887577544926,672241
38781988859,2025-05-05,25.494871334599456,672241
38781988859,2025-05-12,23.995273223203895,672241
38781988859,2025-05-19,22.996304030765245,672241
38781988859,2025-05-26,20.997448902840038,672241
38781988859,2025-06-02,20.998398055795345,672241
38781988859,2025-06-09,20.999054305573384,672241
38781988859,2025-06-16,20.999618192921098,672241
38800819249,2025-03-10,0.19226349882784174,672241
38800819249,2025-03-17,0.19226545461683064,672241
38800819249,2025-03-24,0.19226491731116815,672241
38800819249,2025-03-31,0.1922607484448021,672241
38800819249,2025-04-07,0.1922551453779176,672241
38800819249,2025-04-14,0.19224852342986276,672241
38800819249,2025-04-21,0.19224180930490004,672241
38800819249,2025-04-28,0.19223875382120512,672241
38800819249,2025-05-05,0.1922387366757096,672241
38800819249,2025-05-12,0.19224161359309574,672241
38800819249,2025-05-19,0.19224969992660046,672241
38800819249,2025-05-26,0.1922990096408996,672241
38800819249,2025-06-02,0.19232270358636738,672241
38800819249,2025-06-09,0.1923495772683702,672241
38800819249,2025-06-16,0.19237555547581162,672241
38800942867,2025-03-10,0.20117886141608576,672241
38800942867,2025-03-17,0.2011620061633238,672241
38800942867,2025-03-24,0.20114582624121508,672241
38800942867,2025-03-31,0.20113074385414229,672241
38800942867,2025-04-07,0.20113042961414437,672241
38800942867,2025-04-14,0.20113165160620863,672241
38800942867,2025-04-21,0.2011212251727916,672241
38800942867,2025-04-28,0.2011125574212542,672241
38800942867,2025-05-05,0.20111881923761385,672241
38800942867,2025-05-12,0.2011265913470831,672241
38800942867,2025-05-19,0.2011354537337247,672241
38800942867,2025-05-26,0.20122492042773454,672241
38800942867,2025-06-02,0.2012346068080011,672241
38800942867,2025-06-09,0.20124373855685634,672241
38800942867,2025-06-16,0.2012518044999405,672241
38801183774,2025-03-10,0.09753235783434727,672241
38801183774,2025-03-17,-0.9024839502897563,672241
38801183774,2025-03-24,-0.9025281620728159,672241
38801183774,2025-03-31,0.09745552452950496,672241
38801183774,2025-04-07,-0.9025695628270723,672241
38801183774,2025-04-14,-0.9025722513642003,672241
38801183774,2025-04-21,-0.9025584964435934,672241
38801183774,2025-04-28,-0.9025431183730885,672241
38801183774,2025-05-05,0.09751490243526412,672241
38801183774,2025-05-12,-0.4024054567683652,672241
38801183774,2025-05-19,-0.902302242722028,672241
38801183774,2025-05-26,-0.9021727075096917,672241
38801183774,2025-06-02,-0.9020235139826689,672241
38801183774,2025-06-09,-0.4018445860976903,672241
38801183774,2025-06-16,-0.9016942761436035,672241
38801498118,2025-03-10,0.43854034801030645,672241
38801498118,2025-03-17,-0.06142738127731068,672241
38801498118,2025-03-24,-0.06140954308234192,672241
38801498118,2025-03-31,0.938574493443171,672241
38801498118,2025-04-07,-0.06140489800213306,672241
38801498118,2025-04-14,0.9385574554430898,672241
38801498118,2025-04-21,-0.06144407948384811,672241
38801498118,2025-04-28,-0.061470039130084975,672241
38801498118,2025-05-05,-0.06149431750489531,672241
38801498118,2025-05-12,-0.06151430566976579,672241
38801498118,2025-05-19,-0.06152735941347992,672241
38801498118,2025-05-26,-0.06154000373529295,672241
38801498118,2025-06-02,-0.061536956857390857,672241
38801498118,2025-06-09,-0.061525618132040216,672241
38801498118,2025-06-16,1.4385077489837077,672241
38801689265,2025-03-10,-0.3763202941883249,672241
38801689265,2025-03-17,0.12361563808266066,672241
38801689265,2025-03-24,0.6235447683356693,672241
38801689265,2025-03-31,-0.3766004260611055,672241
38801689265,2025-04-07,0.12337758901080034,672241
38801689265,2025-04-14,-0.37669167812437127,672241
38801689265,2025-04-21,-0.3766924464029747,672241
38801689265,2025-04-28,0.6233647185686604,672241
38801689265,2025-05-05,-0.37669864391230673,672241
38801689265,2025-05-12,0.12335766164953126,672241
38801689265,2025-05-19,0.6233906417652678,672241
38801689265,2025-05-26,-0.3766003692317024,672241
38801689265,2025-06-02,-0.37658088422917324,672241
38801689265,2025-06-09,-0.37655762139626026,672241
38801689265,2025-06-16,-0.37653406772525605,672241
38801749516,2025-03-10,0.0006496225574854908,672241
38801749516,2025-03-17,0.0006187908486531002,672241
38801749516,2025-03-24,0.0005892426270847906,672241
38801749516,2025-03-31,0.0006014141144176227,672241
38801749516,2025-04-07,0.0006148520659823298,672241
38801749516,2025-04-14,0.0005897066660107836,672241
38801749516,2025-04-21,0.000566961573232036,672241
38801749516,2025-04-28,0.49909780162039075,672241
38801749516,2025-05-05,0.0005016699950136094,672241
38801749516,2025-05-12,0.00047652836858841363,672241
38801749516,2025-05-19,0.499004684705726,672241
38801749516,2025-05-26,0.000377897930890686,672241
38801749516,2025-06-02,0.0003474582723879127,672241
38801749516,2025-06-09,0.00031749633366039143,672241
38801749516,2025-06-16,0.00028790075614479327,672241
38802030325,2025-03-10,-0.030937348262336822,672241
38802030325,2025-03-17,-0.030932238237162554,672241
38802030325,2025-03-24,-0.030929152573804894,672241
38802030325,2025-03-31,-0.030925996714476572,672241
38802030325,2025-04-07,-0.03092099444955196,672241
38802030325,2025-04-14,-0.030916102046036245,672241
38802030325,2025-04-21,-0.030911191132087942,672241
38802030325,2025-04-28,-0.030906329886616596,672241
38802030325,2025-05-05,-0.03090152824603276,672241
38802030325,2025-05-12,-0.030896712685873004,672241
38802030325,2025-05-19,-0.030891939088640283,672241
38802030325,2025-05-26,-0.03090046148454792,672241
38802030325,2025-06-02,-0.03089766516783421,672241
38802030325,2025-06-09,-0.03089300210987732,672241
38802030325,2025-06-16,-0.03088832841507523,672241
38802044766,2025-03-10,-0.1378748526424065,672241
38802044766,2025-03-17,-0.13788328138099282,672241
38802044766,2025-03-24,-0.13789188294541233,672241
38802044766,2025-03-31,-0.13789881783972519,672241
38802044766,2025-04-07,-0.13790289572467823,672241
38802044766,2025-04-14,-0.13790382388889758,672241
38802044766,2025-04-21,-0.13790200401254687,672241
38802044766,2025-04-28,-0.1378972211187342,672241
38802044766,2025-05-05,0.36212703906839544,672241
38802044766,2025-05-12,-0.13788695981660065,672241
38802044766,2025-05-19,-0.13788061995494186,672241
38802044766,2025-05-26,-0.1378715157605649,672241
38802044766,2025-06-02,-0.1378700222010251,672241
38802044766,2025-06-09,-0.1378697534068169,672241
38802044766,2025-06-16,-0.13786960723282213,672241
38802062486,2025-03-10,0.6312169614282349,672241
38802062486,2025-03-17,0.6312392920588596,672241
38802062486,2025-03-24,-0.36878853137825346,672241
38802062486,2025-03-31,-0.36881359804513725,672241
38802062486,2025-04-07,0.1311740789932301,672241
38802062486,2025-04-14,1.1312395724189492,672241
38802062486,2025-04-21,0.6312548835672118,672241
38802062486,2025-04-28,1.1313528984308319,672241
38802062486,2025-05-05,-0.3686785521716708,672241
38802062486,2025-05-12,-0.36870814143330594,672241
38802062486,2025-05-19,0.13129718746665467,672241
38802062486,2025-05-26,0.13129606862122856,672241
38802062486,2025-06-02,0.13128723123728786,672241
38802062486,2025-06-09,0.13126385345989558,672241
38802062486,2025-06-16,0.1312210415124182,672241
38802063648,2025-03-10,0.4742786707787783,672241
38802063648,2025-03-17,-0.0256929298712556,672241
38802063648,2025-03-24,2.4740983567639816,672241
38802063648,2025-03-31,0.47420194980061786,672241
38802063648,2025-04-07,-0.02577938904396465,672241
38802063648,2025-04-14,-0.025778863968823895,672241
38802063648,2025-04-21,0.47418364320711426,672241
38802063648,2025-04-28,-0.025772081632000565,672241
38802063648,2025-05-05,0.9741554243984343,672241
38802063648,2025-05-12,-0.025767718842449938,672241
38802063648,2025-05-19,0.9741594771467462,672241
38802063648,2025-05-26,0.47419307855687176,672241
38802063648,2025-06-02,-0.025834330049487375,672241
38802063648,2025-06-09,-0.025836518644135942,672241
38802063648,2025-06-16,-0.025836815266944146,672241
38834652679,2025-03-10,0.09358140470831056,672241
38834652679,2025-03-17,0.5936215105857181,672241
38834652679,2025-03-24,0.09352662851402438,672241
38834652679,2025-03-31,1.0936396561878117,672241
38834652679,2025-04-07,0.09348464710573484,672241
38834652679,2025-04-14,0.09346918903448959,672241
38834652679,2025-04-21,1.0935965416899607,672241
38834652679,2025-04-28,0.5935263151231586,672241
38834652679,2025-05-05,0.09345978490077003,672241
38834652679,2025-05-12,0.09346451627320987,672241
38834652679,2025-05-19,0.09347122341760514,672241
38834652679,2025-05-26,0.09349272377204298,672241
38834652679,2025-06-02,0.09349982362622478,672241
38834652679,2025-06-09,0.09350367053627401,672241
38834652679,2025-06-16,0.5935117265985712,672241
38854310471,2025-03-10,-0.030316441344714236,672241
38854310471,2025-03-17,-0.030373900055750018,672241
38854310471,2025-03-24,-0.03040012490062932,672241
38854310471,2025-03-31,-0.03039799288842717,672241
38854310471,2025-04-07,-0.030368509361504883,672241
38854310471,2025-04-14,0.46944191236316163,672241
38854310471,2025-04-21,-0.03058431943328769,672241
38854310471,2025-04-28,-0.030605147041719127,672241
38854310471,2025-05-05,-0.030610193640098184,672241
38854310471,2025-05-12,-0.030598085482405495,672241
38854310471,2025-05-19,0.46918477531912095,672241
38854310471,2025-05-26,-0.03087252374274973,672241
38854310471,2025-06-02,-0.030933662810076826,672241
38854310471,2025-06-09,-0.030984136520450456,672241
38854310471,2025-06-16,-0.03102535188434658,672241
38854484797,2025-03-10,0.0155105950323816,672241
38854484797,2025-03-17,0.015508936575622016,672241
38854484797,2025-03-24,0.015506830070439098,672241
38854484797,2025-03-31,0.015504637347163494,672241
38854484797,2025-04-07,0.015502627530657127,672241
38854484797,2025-04-14,0.015500605148086453,672241
38854484797,2025-04-21,0.015498661977752515,672241
38854484797,2025-04-28,0.015496615507203305,672241
38854484797,2025-05-05,0.015494668471087679,672241
38854484797,2025-05-12,0.015492822261926074,672241
38854484797,2025-05-19,0.015490617153748866,672241
38854484797,2025-05-26,0.015533816630330315,672241
38854484797,2025-06-02,0.015531667982841633,672241
38854484797,2025-06-09,0.01552971050876617,672241
38854484797,2025-06-16,0.015527671427977653,672241
38854578923,2025-03-10,-0.18652126385994483,672241
38854578923,2025-03-17,0.3135082033898283,672241
38854578923,2025-03-24,-0.18645303900305493,672241
38854578923,2025-03-31,-0.186386991031174,672241
38854578923,2025-04-07,0.3135837404051264,672241
38854578923,2025-04-14,-0.18643264886170713,672241
38854578923,2025-04-21,-0.18642301277075163,672241
38854578923,2025-04-28,-0.18641809426704214,672241
38854578923,2025-05-05,-0.18641832013783297,672241
38854578923,2025-05-12,-0.1864263669837023,672241
38854578923,2025-05-19,-0.18644104596599098,672241
38854578923,2025-05-26,-0.18649296321982112,672241
38854578923,2025-06-02,-0.18650490500646058,672241
38854578923,2025-06-09,-0.18650785196405623,672241
38854578923,2025-06-16,-0.18650184096105904,672241
38854638939,2025-03-10,0.10346006380673282,672241
38854638939,2025-03-17,0.10345378456161075,672241
38854638939,2025-03-24,0.10344796509979017,672241
38854638939,2025-03-31,0.10344336997627965,672241
38854638939,2025-04-07,0.10344018601191292,672241
38854638939,2025-04-14,0.10343907470744909,672241
38854638939,2025-04-21,0.10343999456067841,672241
38854638939,2025-04-28,0.1034429211518277,672241
38854638939,2025-05-05,0.10344790114614233,672241
38854638939,2025-05-12,0.10345459215734422,672241
38854638939,2025-05-19,0.10346258422756235,672241
38854638939,2025-05-26,0.10346981656368437,672241
38854638939,2025-06-02,0.10347971228808894,672241
38854638939,2025-06-09,0.10348959830734752,672241
38854638939,2025-06-16,0.1034986169273251,672241
38854719931,2025-03-10,0.06074300501688282,672241
38854719931,2025-03-17,0.06094887385913497,672241
38854719931,2025-03-24,0.06114134134113269,672241
38854719931,2025-03-31,0.06131125775509105,672241
38854719931,2025-04-07,0.5600567505096188,672241
38854719931,2025-04-14,0.5598610603015834,672241
38854719931,2025-04-21,0.061059087234981574,672241
38854719931,2025-04-28,0.06117777910058762,672241
38854719931,2025-05-05,0.061283622449641556,672241
38854719931,2025-05-12,0.061378604942220596,672241
38854719931,2025-05-19,0.0614646057220484,672241
38854719931,2025-05-26,0.06148668266268788,672241
38854719931,2025-06-02,0.06155762048587404,672241
38854719931,2025-06-09,0.06162206467100541,672241
38854719931,2025-06-16,0.06168102546565471,672241
38854871121,2025-03-10,0.04708784242448047,672241
38854871121,2025-03-17,0.04701610487443799,672241
38854871121,2025-03-24,0.04694957872529532,672241
38854871121,2025-03-31,0.04688828112398759,672241
38854871121,2025-04-07,0.04684571393777292,672241
38854871121,2025-04-14,0.04680820661553235,672241
38854871121,2025-04-21,0.04676208680385697,672241
38854871121,2025-04-28,0.04672078965536109,672241
38854871121,2025-05-05,0.04668424268092946,672241
38854871121,2025-05-12,0.046652345983361605,672241
38854871121,2025-05-19,0.04662503194439035,672241
38854871121,2025-05-26,0.046521179439818865,672241
38854871121,2025-06-02,0.04650346026632292,672241
38854871121,2025-06-09,0.046490756905171036,672241
38854871121,2025-06-16,0.04648298214993469,672241
38873536553,2025-03-10,0.7676734379147907,672241
38873536553,2025-03-17,0.7676172492863997,672241
38873536553,2025-03-24,0.7675806342797276,672241
38873536553,2025-03-31,0.7675629474018346,672241
38873536553,2025-04-07,0.7675631688929503,672241
38873536553,2025-04-14,0.767579131886521,672241
38873536553,2025-04-21,0.7676085767170229,672241
38873536553,2025-04-28,0.7676485431108057,672241
38873536553,2025-05-05,0.7676960956014427,672241
38873536553,2025-05-12,0.7677478043447078,672241
38873536553,2025-05-19,0.767800265916057,672241
38873536553,2025-05-26,0.7678503622322851,672241
38873536553,2025-06-02,0.7678946998331724,672241
38873536553,2025-06-09,0.7679303342496858,672241
38873536553,2025-06-16,0.7679546613954943,672241
38874052232,2025-03-10,0.21778133631186136,672241
38874052232,2025-03-17,0.21777257342454992,672241
38874052232,2025-03-24,0.2177503254141105,672241
38874052232,2025-03-31,0.717722987125089,672241
38874052232,2025-04-07,0.21774351111602894,672241
38874052232,2025-04-14,0.21774920405299505,672241
38874052232,2025-04-21,0.21773985640804155,672241
38874052232,2025-04-28,0.21771945430713321,672241
38874052232,2025-05-05,0.2176941863846559,672241
38874052232,2025-05-12,0.21766886878636843,672241
38874052232,2025-05-19,0.21764728470953465,672241
38874052232,2025-05-26,0.2176348766618475,672241
38874052232,2025-06-02,0.2176214308546743,672241
38874052232,2025-06-09,0.21761298186245925,672241
38874052232,2025-06-16,0.21761561117118544,672241
39231034278,2025-03-10,0.46430427036346444,672241
39231034278,2025-03-17,0.46441173596863744,672241
39231034278,2025-03-24,0.4644927757253408,672241
39231034278,2025-03-31,0.46454619147101234,672241
39231034278,2025-04-07,0.4646208541367849,672241
39231034278,2025-04-14,0.4647394939732158,672241
39231034278,2025-04-21,0.4648246077782645,672241
39231034278,2025-04-28,0.4648981362239362,672241
39231034278,2025-05-05,0.46500625138644147,672241
39231034278,2025-05-12,0.4650945824186037,672241
39231034278,2025-05-19,0.9620212893412639,672241
39231034278,2025-05-26,1.4632421481070161,672241
39231034278,2025-06-02,0.4640859902102612,672241
39231034278,2025-06-09,0.963523259327417,672241
39231034278,2025-06-16,0.963382930221484,672241
39233070674,2025-03-10,-0.13239655606877856,672241
39233070674,2025-03-17,-0.13237295308517838,672241
39233070674,2025-03-24,-0.1323701058625502,672241
39233070674,2025-03-31,-0.13237805598109764,672241
39233070674,2025-04-07,-0.13239181917141632,672241
39233070674,2025-04-14,-0.1324058551754529,672241
39233070674,2025-04-21,-0.1324169216163728,672241
39233070674,2025-04-28,-0.13242380846553362,672241
39233070674,2025-05-05,-0.1324272690858866,672241
39233070674,2025-05-12,-0.13242920320011176,672241
39233070674,2025-05-19,-0.1324318075997713,672241
39233070674,2025-05-26,-0.13240013873850898,672241
39233070674,2025-06-02,-0.13239606465045686,672241
39233070674,2025-06-09,-0.13238703832242468,672241
39233070674,2025-06-16,-0.13237400768369512,672241
39233433918,2025-03-10,0.10848482895198128,672241
39233433918,2025-03-17,0.10848178077999554,672241
39233433918,2025-03-24,0.10847920961271107,672241
39233433918,2025-03-31,0.10847691728516765,672241
39233433918,2025-04-07,0.10847486486406624,672241
39233433918,2025-04-14,0.10847298121383375,672241
39233433918,2025-04-21,0.1084713166944102,672241
39233433918,2025-04-28,0.10846687348839673,672241
39233433918,2025-05-05,0.10846278974379411,672241
39233433918,2025-05-12,0.10845913146522365,672241
39233433918,2025-05-19,0.608554356238052,672241
39233433918,2025-05-26,0.6083253452787298,672241
39233433918,2025-06-02,0.1085795691600898,672241
39233433918,2025-06-09,0.10856389062494617,672241
39233433918,2025-06-16,0.10854158701644065,672241
39233458243,2025-03-10,0.41741404233260904,672241
39233458243,2025-03-17,0.417417615079145,672241
39233458243,2025-03-24,0.4174210884602605,672241
39233458243,2025-03-31,0.4174245245531717,672241
39233458243,2025-04-07,0.41742292818389615,672241
39233458243,2025-04-14,0.9175633974509038,672241
39233458243,2025-04-21,0.41744105243109575,672241
39233458243,2025-04-28,1.417719035235351,672241
39233458243,2025-05-05,0.4174614100225682,672241
39233458243,2025-05-12,0.41747611926684014,672241
39233458243,2025-05-19,0.41749056650218463,672241
39233458243,2025-05-26,0.41770589546219195,672241
39233458243,2025-06-02,0.41772014443486705,672241
39233458243,2025-06-09,0.9173435101438645,672241
39233458243,2025-06-16,0.9173531057445811,672241
39233855712,2025-03-10,1.0709456230415713,672241
39233855712,2025-03-17,0.5732703533867833,672241
39233855712,2025-03-24,1.0707932610509885,672241
39233855712,2025-03-31,0.5730207395980559,672241
39233855712,2025-04-07,0.573020566632948,672241
39233855712,2025-04-14,0.5730376513750366,672241
39233855712,2025-04-21,0.5731672368900242,672241
39233855712,2025-04-28,0.573360437184995,672241
39233855712,2025-05-05,0.5734751010776142,672241
39233855712,2025-05-12,1.5684346449949202,672241
39233855712,2025-05-19,0.5729502166639846,672241
39233855712,2025-05-26,0.571699492181795,672241
39233855712,2025-06-02,2.0715603692446125,672241
39233855712,2025-06-09,1.0709466880142697,672241
39233855712,2025-06-16,0.5708946018434771,672241
39234021695,2025-03-10,0.4329378440495679,672241
39234021695,2025-03-17,0.4329410609617245,672241
39234021695,2025-03-24,0.4329432783451989,672241
39234021695,2025-03-31,0.4329444954635564,672241
39234021695,2025-04-07,0.4329448836626934,672241
39234021695,2025-04-14,0.4329492150581427,672241
39234021695,2025-04-21,0.43295528028082914,672241
39234021695,2025-04-28,0.9331294012456783,672241
39234021695,2025-05-05,0.43295960262687566,672241
39234021695,2025-05-12,0.43295852304707727,672241
39234021695,2025-05-19,0.4329588105438639,672241
39234021695,2025-05-26,0.9329790199704003,672241
39234021695,2025-06-02,0.4330604839972565,672241
39234021695,2025-06-09,0.9329868105928265,672241
39234021695,2025-06-16,0.9329969269137256,672241
39267672963,2025-03-10,0.015446613001296142,672241
39267672963,2025-03-17,0.015446189612620072,672241
39267672963,2025-03-24,0.015446691118051276,672241
39267672963,2025-03-31,0.015448112713900654,672241
39267672963,2025-04-07,0.0154485701555572,672241
39267672963,2025-04-14,0.015448057121624517,672241
39267672963,2025-04-21,0.015447518489942073,672241
39267672963,2025-04-28,0.015447897719756298,672241
39267672963,2025-05-05,0.015448219668542484,672241
39267672963,2025-05-12,0.015448519769219855,672241
39267672963,2025-05-19,0.015448760171649603,672241
39267672963,2025-05-26,0.01545278377005975,672241
39267672963,2025-06-02,0.015453015863488233,672241
39267672963,2025-06-09,0.015453274271968985,672241
39267672963,2025-06-16,0.01545355377157187,672241
39267673237,2025-03-10,-0.08167500167737571,672241
39267673237,2025-03-17,-0.08521828204122775,672241
39267673237,2025-03-24,-0.08870454150417484,672241
39267673237,2025-03-31,-0.09213365962214543,672241
39267673237,2025-04-07,-0.09550564296910326,672241
39267673237,2025-04-14,-0.09882057112893078,672241
39267673237,2025-04-21,-0.10207843122419671,672241
39267673237,2025-04-28,-0.10527911389688338,672241
39267673237,2025-05-05,-0.10842267027419357,672241
39267673237,2025-05-12,-0.11150913643674815,672241
39267673237,2025-05-19,-0.11453846721998276,672241
39267673237,2025-05-26,-0.11751075570271732,672241
39267673237,2025-06-02,-0.12042587344432781,672241
39267673237,2025-06-09,-0.12328390379193467,672241
39267673237,2025-06-16,-0.12608489193519662,672241
39267673893,2025-03-10,0.3945856770690429,672241
39267673893,2025-03-17,-0.10843227006739464,672241
39267673893,2025-03-24,-0.11127198020313571,672241
39267673893,2025-03-31,-0.11393133325562949,672241
39267673893,2025-04-07,-0.11641289346164317,672241
39267673893,2025-04-14,-0.11871763286951256,672241
39267673893,2025-04-21,-0.12084718063025698,672241
39267673893,2025-04-28,-0.12280253222544227,672241
39267673893,2025-05-05,-0.12458336711449053,672241
39267673893,2025-05-12,-0.1261896152953561,672241
39267673893,2025-05-19,-0.12762143915543706,672241
39267673893,2025-05-26,-0.1288798987858592,672241
39267673893,2025-06-02,-0.12996153199749758,672241
39267673893,2025-06-09,-0.13086836843281358,672241
39267673893,2025-06-16,-0.13159904652772314,672241
39267674193,2025-03-10,0.06180726080023139,672241
39267674193,2025-03-17,0.061805056526346616,672241
39267674193,2025-03-24,0.06180709715888835,672241
39267674193,2025-03-31,0.06181279364885176,672241
39267674193,2025-04-07,0.06182160982166134,672241
39267674193,2025-04-14,0.06183299445189542,672241
39267674193,2025-04-21,0.061846452274406036,672241
39267674193,2025-04-28,0.061864522747117665,672241
39267674193,2025-05-05,0.06188588713997008,672241
39267674193,2025-05-12,0.06190924848070817,672241
39267674193,2025-05-19,0.061937145216154996,672241
39267674193,2025-05-26,0.061956995013991725,672241
39267674193,2025-06-02,0.061983796436064574,672241
39267674193,2025-06-09,0.06200497678754298,672241
39267674193,2025-06-16,0.06202014307234012,672241
39267674431,2025-03-10,0.030932935027662666,672241
39267674431,2025-03-17,0.03092797351013563,672241
39267674431,2025-03-24,0.03092484023133423,672241
39267674431,2025-03-31,0.030922830452838605,672241
39267674431,2025-04-07,0.03092138972455133,672241
39267674431,2025-04-14,0.030920516454913977,672241
39267674431,2025-04-21,0.030920055384647222,672241
39267674431,2025-04-28,0.030920118060085638,672241
39267674431,2025-05-05,0.0309203845126773,672241
39267674431,2025-05-12,0.03092055361982018,672241
39267674431,2025-05-19,0.03092079852225557,672241
39267674431,2025-05-26,0.03091979877026844,672241
39267674431,2025-06-02,0.03092022229937951,672241
39267674431,2025-06-09,0.030920762360298084,672241
39267674431,2025-06-16,0.030921397195180896,672241
39267674723,2025-03-10,0.2617148359245137,672241
39267674723,2025-03-17,0.26170292974130605,672241
39267674723,2025-03-24,0.7617011048190288,672241
39267674723,2025-03-31,0.261672663592177,672241
39267674723,2025-04-07,0.2616601133480665,672241
39267674723,2025-04-14,0.26164731595515894,672241
39267674723,2025-04-21,0.261634265491165,672241
39267674723,2025-04-28,0.761630895397057,672241
39267674723,2025-05-05,0.2616013780769572,672241
39267674723,2025-05-12,0.2615878843011741,672241
39267674723,2025-05-19,0.2615757669937696,672241
39267674723,2025-05-26,0.2615728766271229,672241
39267674723,2025-06-02,0.2615648449885115,672241
39267674723,2025-06-09,0.26155918557763846,672241
39267674723,2025-06-16,0.2615564199225769,672241
39267675034,2025-03-10,0.253065129344918,672241
39267675034,2025-03-17,0.25303322039445164,672241
39267675034,2025-03-24,0.25299923864260776,672241
39267675034,2025-03-31,0.25296095614761843,672241
39267675034,2025-04-07,1.2531969188161027,672241
39267675034,2025-04-14,0.2529549774651823,672241
39267675034,2025-04-21,0.25298726917763614,672241
39267675034,2025-04-28,0.2530188838690999,672241
39267675034,2025-05-05,0.25305352783032686,672241
39267675034,2025-05-12,0.25309004386618306,672241
39267675034,2025-05-19,0.25312222285888347,672241
39267675034,2025-05-26,0.25325281584793835,672241
39267675034,2025-06-02,0.25332184259382184,672241
39267675034,2025-06-09,0.2534199537654792,672241
39267675034,2025-06-16,1.753133567620036,672241
39814768574,2025-03-10,3.732590723820268,672241
39814768574,2025-03-17,3.7327075804528826,672241
39814768574,2025-03-24,3.2328179895914775,672241
39814768574,2025-03-31,2.7328842638812767,672241
39814768574,2025-04-07,1.7329052553756612,672241
39814768574,2025-04-14,2.232827922121036,672241
39814768574,2025-04-21,1.2327277184474312,672241
39814768574,2025-04-28,2.2326075777487264,672241
39814768574,2025-05-05,2.23251522140653,672241
39814768574,2025-05-12,2.2324600515427298,672241
39814768574,2025-05-19,2.2324547907553858,672241
39814768574,2025-05-26,2.732449421616795,672241
39814768574,2025-06-02,2.232432698712908,672241
39814768574,2025-06-09,1.7323940404427833,672241
39814768574,2025-06-16,1.232355742955237,672241
40000050358,2025-03-10,0.031011436546449563,672241
40000050358,2025-03-17,0.031008106878069333,672241
40000050358,2025-03-24,0.031004793071424206,672241
40000050358,2025-03-31,0.5310129709164667,672241
40000050358,2025-04-07,0.03099826393224663,672241
40000050358,2025-04-14,0.03099515468136157,672241
40000050358,2025-04-21,0.030991922845968956,672241
40000050358,2025-04-28,0.030988752189021633,672241
40000050358,2025-05-05,0.03098581927691786,672241
40000050358,2025-05-12,0.030982956876449697,672241
40000050358,2025-05-19,0.03098016206640181,672241
40000050358,2025-05-26,0.030978162012598114,672241
40000050358,2025-06-02,0.030975514876872633,672241
40000050358,2025-06-09,0.03097294560780084,672241
40000050358,2025-06-16,0.03097045780109512,672241
40154920524,2025-03-10,0.7291665159176918,672241
40154920524,2025-03-17,1.2298392883681113,672241
40154920524,2025-03-24,0.7288993068165988,672241
40154920524,2025-03-31,1.7305694194025647,672241
40154920524,2025-04-07,0.7290218500320496,672241
40154920524,2025-04-14,0.7288382287488528,672241
40154920524,2025-04-21,1.229590004434551,672241
40154920524,2025-04-28,1.2296803832511578,672241
40154920524,2025-05-05,0.7288367846903956,672241
40154920524,2025-05-12,0.7286445064427824,672241
40154920524,2025-05-19,0.7284320860529773,672241
40154920524,2025-05-26,0.7292134532509329,672241
40154920524,2025-06-02,0.7290158314785765,672241
40154920524,2025-06-09,0.7288396004863221,672241
40154920524,2025-06-16,0.7286911608815811,672241
40154921194,2025-03-10,1.017392664678489,672241
40154921194,2025-03-17,0.5173446547530369,672241
40154921194,2025-03-24,1.0174735691951784,672241
40154921194,2025-03-31,0.5173973266839474,672241
40154921194,2025-04-07,0.5173840947173836,672241
40154921194,2025-04-14,0.5173526673234323,672241
40154921194,2025-04-21,1.0174159109505987,672241
40154921194,2025-04-28,0.5172846915827154,672241
40154921194,2025-05-05,1.0173390496263852,672241
40154921194,2025-05-12,0.5172029913141512,672241
40154921194,2025-05-19,1.0172580772464108,672241
40154921194,2025-05-26,1.0172170912875167,672241
40154921194,2025-06-02,1.0172070222806462,672241
40154921194,2025-06-09,0.517231836644765,672241
40154921194,2025-06-16,1.0172185569181809,672241
40545530187,2025-03-10,0.4013383873512772,672241
40545530187,2025-03-17,0.40167508400844953,672241
40545530187,2025-03-24,0.40201891151244096,672241
40545530187,2025-03-31,0.9003502077942764,672241
40545530187,2025-04-07,0.4018480859623792,672241
40545530187,2025-04-14,0.40208607064568147,672241
40545530187,2025-04-21,0.40232396938732284,672241
40545530187,2025-04-28,0.40256201116887014,672241
40545530187,2025-05-05,0.40280074557384815,672241
40545530187,2025-05-12,0.9010216012063972,672241
40545530187,2025-05-19,0.40240438802189404,672241
40545530187,2025-05-26,0.40256017502147357,672241
40545530187,2025-06-02,0.4026613396605544,672241
40545530187,2025-06-09,0.40274536541137673,672241
40545530187,2025-06-16,0.402812412172227,672241
40545530450,2025-03-10,0.07745018369230607,672241
40545530450,2025-03-17,0.07745108259408091,672241
40545530450,2025-03-24,0.07745234693642797,672241
40545530450,2025-03-31,0.07745386502343347,672241
40545530450,2025-04-07,0.07745552194766153,672241
40545530450,2025-04-14,0.0774572520058557,672241
40545530450,2025-04-21,0.07745894264007583,672241
40545530450,2025-04-28,0.0774605346444173,672241
40545530450,2025-05-05,0.07746195530299696,672241
40545530450,2025-05-12,0.07746315137603184,672241
40545530450,2025-05-19,0.0774640721801188,672241
40545530450,2025-05-26,0.07746575391227671,672241
40545530450,2025-06-02,0.07746574018130623,672241
40545530450,2025-06-09,0.07746509885313987,672241
40545530450,2025-06-16,0.07746379223096311,672241
40790539263,2025-03-10,0.6499597746424286,672241
40790539263,2025-03-17,1.6497713297621934,672241
40790539263,2025-03-24,0.6497976959426989,672241
40790539263,2025-03-31,1.149684105969413,672241
40790539263,2025-04-07,0.6496813478348428,672241
40790539263,2025-04-14,0.6496310191251885,672241
40790539263,2025-04-21,0.6495868248126195,672241
40790539263,2025-04-28,0.6495529282687929,672241
40790539263,2025-05-05,1.1494901045485284,672241
40790539263,2025-05-12,0.6495351598029008,672241
40790539263,2025-05-19,0.6495305470151047,672241
40790539263,2025-05-26,0.6493428672542558,672241
40790539263,2025-06-02,0.649334352168661,672241
40790539263,2025-06-09,0.6493433523389696,672241
40790539263,2025-06-16,0.6493676514845159,672241
41273567751,2025-03-10,0.09907062321730953,672241
41273567751,2025-03-17,0.05089236229647165,672241
41273567751,2025-03-24,-1.9937966700860836,672241
41273567751,2025-03-31,-2.0349575900764907,672241
41273567751,2025-04-07,-3.5726218275418637,672241
41273567751,2025-04-14,-4.106759218343542,672241
41273567751,2025-04-21,-4.637376960434068,672241
41273567751,2025-04-28,-5.16447382121567,672241
41273567751,2025-05-05,-5.688047887617293,672241
41273567751,2025-05-12,-5.20809459076696,672241
41273567751,2025-05-19,-6.224640404401262,672241
41273567751,2025-05-26,-7.237650747781828,672241
41273567751,2025-06-02,-7.747166144342277,672241
41273567751,2025-06-09,-8.253177504566422,672241
41273567751,2025-06-16,-8.75568849689372,672241
41273568359,2025-03-10,1.3760513943596058,672241
41273568359,2025-03-17,1.8760285090772109,672241
41273568359,2025-03-24,1.8760976704980965,672241
41273568359,2025-03-31,2.3760072771448333,672241
41273568359,2025-04-07,1.3762964302917062,672241
41273568359,2025-04-14,1.3763428912905649,672241
41273568359,2025-04-21,1.3763723082171773,672241
41273568359,2025-04-28,1.3763888631886305,672241
41273568359,2025-05-05,1.876256616550678,672241
41273568359,2025-05-12,1.3763796837243965,672241
41273568359,2025-05-19,2.376104750164441,672241
41273568359,2025-05-26,1.3762097746697126,672241
41273568359,2025-06-02,1.8762126159577783,672241
41273568359,2025-06-09,2.3761854760434318,672241
41273568359,2025-06-16,4.376140848101753,672241
41273568614,2025-03-10,0.9981822648206982,672241
41273568614,2025-03-17,0.998240065973122,672241
41273568614,2025-03-24,0.9982838816330407,672241
41273568614,2025-03-31,0.4982905486838128,672241
41273568614,2025-04-07,0.4982689276757525,672241
41273568614,2025-04-14,1.4982592182855978,672241
41273568614,2025-04-21,1.998254870005585,672241
41273568614,2025-04-28,1.498238089145771,672241
41273568614,2025-05-05,0.9982086611335693,672241
41273568614,2025-05-12,0.9981703520395985,672241
41273568614,2025-05-19,2.4981945840027886,672241
41273568614,2025-05-26,0.4981486964621622,672241
41273568614,2025-06-02,1.498151619059999,672241
41273568614,2025-06-09,0.9981310985619507,672241
41273568614,2025-06-16,0.4980870004393235,672241
41276985638,2025-03-10,1.5091863899787747,672241
41276985638,2025-03-17,0.5103106448152808,672241
41276985638,2025-03-24,0.5103156138360224,672241
41276985638,2025-03-31,0.5103205791276257,672241
41276985638,2025-04-07,0.5103192737908031,672241
41276985638,2025-04-14,0.5103179730906666,672241
41276985638,2025-04-21,0.5103166719453083,672241
41276985638,2025-04-28,0.5103154429881679,672241
41276985638,2025-05-05,0.5103140884503471,672241
41276985638,2025-05-12,0.5103126856915781,672241
41276985638,2025-05-19,0.5103114041398807,672241
41276985638,2025-05-26,0.5101604415725057,672241
41276985638,2025-06-02,0.5101590917755259,672241
41276985638,2025-06-09,0.5101577307581983,672241
41276985638,2025-06-16,0.5101563264380968,672241
41491392694,2025-03-10,11.450907030933624,672241
41491392694,2025-03-17,11.450645221253904,672241
41491392694,2025-03-24,12.450348843022836,672241
41491392694,2025-03-31,12.9502408832818,672241
41491392694,2025-04-07,10.95021402898507,672241
41491392694,2025-04-14,10.950309215486623,672241
41491392694,2025-04-21,10.950265193771727,672241
41491392694,2025-04-28,10.950055399241549,672241
41491392694,2025-05-05,13.449912417195915,672241
41491392694,2025-05-12,10.949528259798342,672241
41491392694,2025-05-19,11.449304302072,672241
41491392694,2025-05-26,11.949165435345847,672241
41491392694,2025-06-02,11.949016632165451,672241
41491392694,2025-06-09,11.449057090383256,672241
41491392694,2025-06-16,13.948965671303206,672241
41491392968,2025-03-10,3.2666904130284826,672241
41491392968,2025-03-17,3.766641010965634,672241
41491392968,2025-03-24,3.2667184369563205,672241
41491392968,2025-03-31,3.766789484749394,672241
41491392968,2025-04-07,3.266948636363049,672241
41491392968,2025-04-14,4.267028889503204,672241
41491392968,2025-04-21,5.767051678666491,672241
41491392968,2025-04-28,6.7670637587904015,672241
41491392968,2025-05-05,5.767173257244479,672241
41491392968,2025-05-12,3.2673801505339837,672241
41491392968,2025-05-19,3.7673941288134323,672241
41491392968,2025-05-26,3.2673052549362094,672241
41491392968,2025-06-02,3.7672832912598144,672241
41491392968,2025-06-09,3.7672060884528484,672241
41491392968,2025-06-16,3.7671088716191923,672241
41491393273,2025-03-10,3.723834940705454,672241
41491393273,2025-03-17,4.223842510416102,672241
41491393273,2025-03-24,3.723728646093134,672241
41491393273,2025-03-31,4.223624353729201,672241
41491393273,2025-04-07,5.723604517588438,672241
41491393273,2025-04-14,4.223525538929381,672241
41491393273,2025-04-21,3.7235764996434284,672241
41491393273,2025-04-28,4.223665146000894,672241
41491393273,2025-05-05,5.723832001923834,672241
41491393273,2025-05-12,5.2239875775319495,672241
41491393273,2025-05-19,4.224171588698608,672241
41491393273,2025-05-26,4.224493836729088,672241
41491393273,2025-06-02,4.724682269695957,672241
41491393273,2025-06-09,4.724878928908502,672241
41491393273,2025-06-16,4.725009298477492,672241
41491394123,2025-03-10,4.668104035606978,672241
41491394123,2025-03-17,3.6679900552868294,672241
41491394123,2025-03-24,4.167829484684081,672241
41491394123,2025-03-31,3.1678031922992287,672241
41491394123,2025-04-07,4.167774057155672,672241
41491394123,2025-04-14,3.6677070578139896,672241
41491394123,2025-04-21,3.1676513416183436,672241
41491394123,2025-04-28,3.167593257067199,672241
41491394123,2025-05-05,3.1675363959927765,672241
41491394123,2025-05-12,3.1674895070528537,672241
41491394123,2025-05-19,3.167476294959683,672241
41491394123,2025-05-26,3.167504972946638,672241
41491394123,2025-06-02,3.1675610688225366,672241
41491394123,2025-06-09,4.167613687396021,672241
41491394123,2025-06-16,6.667661126088175,672241
41513223318,2025-03-10,2.562096476508234,672241
41513223318,2025-03-17,2.5620243428636322,672241
41513223318,2025-03-24,2.562011298164456,672241
41513223318,2025-03-31,2.562074848247115,672241
41513223318,2025-04-07,2.56218870087527,672241
41513223318,2025-04-14,2.5623290789676085,672241
41513223318,2025-04-21,2.5624317611040643,672241
41513223318,2025-04-28,2.562509252200384,672241
41513223318,2025-05-05,2.562589184295382,672241
41513223318,2025-05-12,2.562816607247896,672241
41513223318,2025-05-19,2.562986409756242,672241
41513223318,2025-05-26,2.563377807585019,672241
41513223318,2025-06-02,2.5636070487884606,672241
41513223318,2025-06-09,2.563947410720572,672241
41513223318,2025-06-16,2.564168086934219,672241
41514786616,2025-03-10,1.9653740245237734,672241
41514786616,2025-03-17,1.9653590804375487,672241
41514786616,2025-03-24,1.9653440578969463,672241
41514786616,2025-03-31,1.965320902870588,672241
41514786616,2025-04-07,1.965286324393892,672241
41514786616,2025-04-14,1.9652585959697155,672241
41514786616,2025-04-21,1.9652431789509308,672241
41514786616,2025-04-28,1.9652268638540038,672241
41514786616,2025-05-05,1.9652144344589064,672241
41514786616,2025-05-12,1.965231697214827,672241
41514786616,2025-05-19,1.9652788085100608,672241
41514786616,2025-05-26,1.9652061433604509,672241
41514786616,2025-06-02,1.9652569941707747,672241
41514786616,2025-06-09,1.9652897769485496,672241
41514786616,2025-06-16,1.965302136664387,672241
41515050363,2025-03-10,3.059546679367683,672241
41515050363,2025-03-17,3.05963981466387,672241
41515050363,2025-03-24,3.0597218697682105,672241
41515050363,2025-03-31,3.059809276100791,672241
41515050363,2025-04-07,3.0598795897534163,672241
41515050363,2025-04-14,3.0599355347022237,672241
41515050363,2025-04-21,3.060000570478967,672241
41515050363,2025-04-28,3.060086236137771,672241
41515050363,2025-05-05,3.0601782268417974,672241
41515050363,2025-05-12,3.060261981022983,672241
41515050363,2025-05-19,3.0603617360141193,672241
41515050363,2025-05-26,3.060424637248636,672241
41515050363,2025-06-02,3.060501009897523,672241
41515050363,2025-06-09,3.06054494584365,672241
41515050363,2025-06-16,3.060584984297628,672241
41603545216,2025-03-10,1.8554010069763802,672241
41603545216,2025-03-17,2.3554173995109284,672241
41603545216,2025-03-24,2.355514044557345,672241
41603545216,2025-03-31,1.355703215816336,672241
41603545216,2025-04-07,2.8557827234202904,672241
41603545216,2025-04-14,1.3560442000693271,672241
41603545216,2025-04-21,2.8561313217248596,672241
41603545216,2025-04-28,1.856344546566776,672241
41603545216,2025-05-05,2.3564503594514314,672241
41603545216,2025-05-12,1.3566202982912245,672241
41603545216,2025-05-19,1.8566774180357188,672241
41603545216,2025-05-26,2.3567468901463293,672241
41603545216,2025-06-02,1.8567479391998858,672241
41603545216,2025-06-09,3.3568843205945624,672241
41603545216,2025-06-16,3.3569664658435467,672241
41604602159,2025-03-10,1.1973925420343936,672241
41604602159,2025-03-17,0.6974813521128098,672241
41604602159,2025-03-24,0.697430044545311,672241
41604602159,2025-03-31,1.1972300436499357,672241
41604602159,2025-04-07,2.696732998961746,672241
41604602159,2025-04-14,0.6972507008974739,672241
41604602159,2025-04-21,0.6972378782453018,672241
41604602159,2025-04-28,1.1970730678390085,672241
41604602159,2025-05-05,0.6971908991321488,672241
41604602159,2025-05-12,1.1970278243863275,672241
41604602159,2025-05-19,0.6971417269651126,672241
41604602159,2025-05-26,1.1970939450666753,672241
41604602159,2025-06-02,1.1970380624122205,672241
41604602159,2025-06-09,2.1972140156453883,672241
41604602159,2025-06-16,1.6969566605121504,672241
41605550723,2025-03-10,1.3807770549004317,672241
41605550723,2025-03-17,2.901520047857137,672241
41605550723,2025-03-24,1.4220627333702938,672241
41605550723,2025-03-31,1.4422530146054287,672241
41605550723,2025-04-07,1.4621353566511788,672241
41605550723,2025-04-14,1.4817104887662111,672241
41605550723,2025-04-21,1.5009780350295827,672241
41605550723,2025-04-28,1.519938440033457,672241
41605550723,2025-05-05,1.5385918946110602,672241
41605550723,2025-05-12,2.0569199015952613,672241
41605550723,2025-05-19,2.074957876165108,672241
41605550723,2025-05-26,1.5926936777927236,672241
41605550723,2025-06-02,1.610122478493538,672241
41605550723,2025-06-09,1.627245683282999,672241
41605550723,2025-06-16,1.6440635301654827,672241
41662780238,2025-03-10,1.4973051094078926,672241
41662780238,2025-03-17,1.4977583649085044,672241
41662780238,2025-03-24,1.498225982291542,672241
41662780238,2025-03-31,1.9980400372809772,672241
41662780238,2025-04-07,1.4988621382335243,672241
41662780238,2025-04-14,1.4992613590436104,672241
41662780238,2025-04-21,2.498379328583127,672241
41662780238,2025-04-28,1.9989475155778726,672241
41662780238,2025-05-05,2.4984724694188785,672241
41662780238,2025-05-12,2.4984373601359557,672241
41662780238,2025-05-19,1.9990444489156782,672241
41662780238,2025-05-26,1.4993040342806894,672241
41662780238,2025-06-02,1.9996857341538579,672241
41662780238,2025-06-09,3.4997690498728042,672241
41662780238,2025-06-16,1.9992549476118031,672241
41662784784,2025-03-10,20.69708450413645,672241
41662784784,2025-03-17,24.69868144469944,672241
41662784784,2025-03-24,22.199243855869245,672241
41662784784,2025-03-31,27.19945134813539,672241
41662784784,2025-04-07,27.699056545058124,672241
41662784784,2025-04-14,27.198581704108978,672241
41662784784,2025-04-21,27.19822948392943,672241
41662784784,2025-04-28,28.698710123207007,672241
41662784784,2025-05-05,24.199031821153724,672241
41662784784,2025-05-12,26.70003451977448,672241
41662784784,2025-05-19,23.700442837269453,672241
41662784784,2025-05-26,29.20193115217768,672241
41662784784,2025-06-02,22.702184064229375,672241
41662784784,2025-06-09,24.70328929622998,672241
41662784784,2025-06-16,22.704072089155098,672241
41662829751,2025-03-10,5.074340864927883,672241
41662829751,2025-03-17,3.574243856568554,672241
41662829751,2025-03-24,4.0744027227433985,672241
41662829751,2025-03-31,4.5745607727190425,672241
41662829751,2025-04-07,4.074507976864297,672241
41662829751,2025-04-14,4.574599628032988,672241
41662829751,2025-04-21,6.074928845468617,672241
41662829751,2025-04-28,5.074831470124211,672241
41662829751,2025-05-05,6.0750598479679265,672241
41662829751,2025-05-12,5.575051254098982,672241
41662829751,2025-05-19,5.575109532090604,672241
41662829751,2025-05-26,5.575128800490766,672241
41662829751,2025-06-02,4.5752043018806035,672241
41662829751,2025-06-09,9.575728182114723,672241
41662829751,2025-06-16,7.076104398120153,672241
41844855621,2025-03-10,0.23176200582205486,672241
41844855621,2025-03-17,1.7317752241482787,672241
41844855621,2025-03-24,0.7317730468632041,672241
41844855621,2025-03-31,2.2318506672496428,672241
41844855621,2025-04-07,1.7318840623141596,672241
41844855621,2025-04-14,2.231823422279715,672241
41844855621,2025-04-21,2.7318721764163016,672241
41844855621,2025-04-28,2.2319221830209264,672241
41844855621,2025-05-05,0.23193582894944031,672241
41844855621,2025-05-12,0.23202517264893668,672241
41844855621,2025-05-19,0.23208011243345994,672241
41844855621,2025-05-26,0.23206577760820452,672241
41844855621,2025-06-02,0.2321308976159317,672241
41844855621,2025-06-09,0.23221559604474235,672241
41844855621,2025-06-16,0.23222778507726533,672241
41844855933,2025-03-10,1.0908739129194855,672241
41844855933,2025-03-17,0.5907938066610584,672241
41844855933,2025-03-24,0.5907562592022764,672241
41844855933,2025-03-31,2.0906957036010825,672241
41844855933,2025-04-07,1.5906294956192928,672241
41844855933,2025-04-14,0.5905933981358868,672241
41844855933,2025-04-21,1.0905809868208203,672241
41844855933,2025-04-28,0.09061410374583595,672241
41844855933,2025-05-05,-0.4093733423113557,672241
41844855933,2025-05-12,-0.4093604427545042,672241
41844855933,2025-05-19,-0.40935158722748305,672241
41844855933,2025-05-26,-0.40934468465969254,672241
41844855933,2025-06-02,-0.40927356822354893,672241
41844855933,2025-06-09,-0.409161969426141,672241
41844855933,2025-06-16,-0.40904515881153225,672241
41844856242,2025-03-10,0.046342654127930025,672241
41844856242,2025-03-17,0.04634461909072238,672241
41844856242,2025-03-24,0.04634674406533504,672241
41844856242,2025-03-31,0.5463550772114356,672241
41844856242,2025-04-07,0.04635041014112729,672241
41844856242,2025-04-14,0.04635192761006726,672241
41844856242,2025-04-21,0.04635357686717471,672241
41844856242,2025-04-28,0.04635534199653775,672241
41844856242,2025-05-05,0.04635720251459994,672241
41844856242,2025-05-12,0.04635915614138586,672241
41844856242,2025-05-19,0.04636116539157771,672241
41844856242,2025-05-26,0.046363937465565955,672241
41844856242,2025-06-02,0.04636593217026904,672241
41844856242,2025-06-09,0.04636782907338759,672241
41844856242,2025-06-16,0.04636962434062902,672241
41859075396,2025-03-10,11.44194412938193,672241
41859075396,2025-03-17,12.941734276169043,672241
41859075396,2025-03-24,12.941867140840735,672241
41859075396,2025-03-31,22.441515925597,672241
41859075396,2025-04-07,18.441262861618426,672241
41859075396,2025-04-14,16.940695768219527,672241
41859075396,2025-04-21,16.940423423260537,672241
41859075396,2025-04-28,17.440221293141974,672241
41859075396,2025-05-05,14.440216323716728,672241
41859075396,2025-05-12,15.440401550363088,672241
41859075396,2025-05-19,18.440624368589734,672241
41859075396,2025-05-26,14.440999305964514,672241
41859075396,2025-06-02,13.940929051879657,672241
41859075396,2025-06-09,17.940945955112483,672241
41859075396,2025-06-16,16.440730139203875,672241
41895087041,2025-03-10,0.0,672241
41895087041,2025-03-17,0.0,672241
41895087041,2025-03-24,0.0,672241
41895087041,2025-03-31,0.0,672241
41895087041,2025-04-07,0.0,672241
41895087041,2025-04-14,0.0,672241
41895087041,2025-04-21,0.0,672241
41895087041,2025-04-28,0.0,672241
41895087041,2025-05-05,0.0,672241
41895087041,2025-05-12,0.0,672241
41895087041,2025-05-19,0.0,672241
41895087041,2025-05-26,0.0,672241
41895087041,2025-06-02,0.0,672241
41895087041,2025-06-09,0.0,672241
41895087041,2025-06-16,0.0,672241
41911704936,2025-03-10,0.7119292481993856,672241
41911704936,2025-03-17,1.2125657873094338,672241
41911704936,2025-03-24,0.7126262830453446,672241
41911704936,2025-03-31,0.7129272111356548,672241
41911704936,2025-04-07,0.7130722700358392,672241
41911704936,2025-04-14,1.713562249447961,672241
41911704936,2025-04-21,1.7135429183980149,672241
41911704936,2025-04-28,0.7132365632960722,672241
41911704936,2025-05-05,0.7135251239196471,672241
41911704936,2025-05-12,1.7141612510860798,672241
41911704936,2025-05-19,0.7137795264761468,672241
41911704936,2025-05-26,0.71432176116532,672241
41911704936,2025-06-02,0.7145734105862258,672241
41911704936,2025-06-09,1.2143585787868383,672241
41911704936,2025-06-16,0.7148586040080832,672241
41911928478,2025-03-10,0.27517187528872344,672241
41911928478,2025-03-17,0.7752168828666676,672241
41911928478,2025-03-24,0.2751559019099416,672241
41911928478,2025-03-31,0.27516871068493615,672241
41911928478,2025-04-07,0.7752280879977748,672241
41911928478,2025-04-14,0.27510696932027173,672241
41911928478,2025-04-21,1.775279720641647,672241
41911928478,2025-04-28,0.27501699262975665,672241
41911928478,2025-05-05,0.7749869934620409,672241
41911928478,2025-05-12,3.775373346784215,672241
41911928478,2025-05-19,0.274969858221825,672241
41911928478,2025-05-26,0.27528209795202585,672241
41911928478,2025-06-02,0.775341333601574,672241
41911928478,2025-06-09,1.775273149176471,672241
41911928478,2025-06-16,0.7754021663629493,672241
41931934851,2025-03-10,0.031039472501855958,672241
41931934851,2025-03-17,0.031032218101821246,672241
41931934851,2025-03-24,0.031024725992877894,672241
41931934851,2025-03-31,0.03101706100975563,672241
41931934851,2025-04-07,0.03100919091548372,672241
41931934851,2025-04-14,0.031001110405096163,672241
41931934851,2025-04-21,0.030992831234828197,672241
41931934851,2025-04-28,0.03098436519740924,672241
41931934851,2025-05-05,0.03097570674893616,672241
41931934851,2025-05-12,0.030966848185582582,672241
41931934851,2025-05-19,1.0309726546552591,672241
41931934851,2025-05-26,0.0309541923150086,672241
41931934851,2025-06-02,0.030950125135805258,672241
41931934851,2025-06-09,0.030946060205487774,672241
41931934851,2025-06-16,0.030942019737784977,672241
42041590570,2025-03-10,1.2290519086593192,672241
42041590570,2025-03-17,1.7291366506038992,672241
42041590570,2025-03-24,0.7289873357369636,672241
42041590570,2025-03-31,1.2290519474571255,672241
42041590570,2025-04-07,0.7289698207612599,672241
42041590570,2025-04-14,0.7289354008397406,672241
42041590570,2025-04-21,1.2290274439925568,672241
42041590570,2025-04-28,0.7289820908649493,672241
42041590570,2025-05-05,0.7288986282861433,672241
42041590570,2025-05-12,1.7289301929631185,672241
42041590570,2025-05-19,1.7288850969467253,672241
42041590570,2025-05-26,1.7287332111641687,672241
42041590570,2025-06-02,0.7287172892296974,672241
42041590570,2025-06-09,3.228615980539944,672241
42041590570,2025-06-16,1.7287378651800678,672241
42200461570,2025-03-10,0.4999564284644856,672241
42200461570,2025-03-17,1.9999955679533663,672241
42200461570,2025-03-24,0.49991432983891204,672241
42200461570,2025-03-31,0.9999381382018953,672241
42200461570,2025-04-07,-0.00010150540722095314,672241
42200461570,2025-04-14,-9.673939472513993e-05,672241
42200461570,2025-04-21,-9.54379404554534e-05,672241
42200461570,2025-04-28,-9.636140379225278e-05,672241
42200461570,2025-05-05,-9.619482004889768e-05,672241
42200461570,2025-05-12,-9.162460797938754e-05,672241
42200461570,2025-05-19,-8.153443487791956e-05,672241
42200461570,2025-05-26,-5.589857866565573e-05,672241
42200461570,2025-06-02,-3.5578463459529086e-05,672241
42200461570,2025-06-09,-1.2485694748848308e-05,672241
42200461570,2025-06-16,1.099335114902733e-05,672241
42332432433,2025-03-10,0.44842885719081027,672241
42332432433,2025-03-17,0.4484305040789454,672241
42332432433,2025-03-24,0.44843225144933563,672241
42332432433,2025-03-31,0.9484415129986925,672241
42332432433,2025-04-07,0.4484358975439907,672241
42332432433,2025-04-14,0.44843771315745407,672241
42332432433,2025-04-21,0.9484469981335502,672241
42332432433,2025-04-28,0.4484412356122677,672241
42332432433,2025-05-05,0.44844293004897307,672241
42332432433,2025-05-12,0.9484521457738129,672241
42332432433,2025-05-19,0.9484540210597086,672241
42332432433,2025-05-26,0.9484460608785119,672241
42332432433,2025-06-02,0.4484553381538616,672241
42332432433,2025-06-09,2.4484280674455556,672241
42332432433,2025-06-16,0.9484518517610034,672241
42332432797,2025-03-10,0.32565101493910403,672241
42332432797,2025-03-17,0.3256444457707597,672241
42332432797,2025-03-24,0.8256380635808738,672241
42332432797,2025-03-31,0.8256379134963869,672241
42332432797,2025-04-07,0.325643642057426,672241
42332432797,2025-04-14,0.3256476638828024,672241
42332432797,2025-04-21,0.3256502305709649,672241
42332432797,2025-04-28,0.8256490094056208,672241
42332432797,2025-05-05,0.3256503313783592,672241
42332432797,2025-05-12,2.3256394894952805,672241
42332432797,2025-05-19,1.325646371503552,672241
42332432797,2025-05-26,0.3256538121898197,672241
42332432797,2025-06-02,0.3256558409993655,672241
42332432797,2025-06-09,0.3256556306355109,672241
42332432797,2025-06-16,0.8256555595193227,672241
42332433059,2025-03-10,0.0755821050220935,672241
42332433059,2025-03-17,0.0755532459571559,672241
42332433059,2025-03-24,0.5755308856703669,672241
42332433059,2025-03-31,0.07553031981159289,672241
42332433059,2025-04-07,0.575528943590027,672241
42332433059,2025-04-14,0.07554556482895275,672241
42332433059,2025-04-21,0.07555968686315467,672241
42332433059,2025-04-28,1.0755648504011446,672241
42332433059,2025-05-05,0.07558997414135368,672241
42332433059,2025-05-12,0.07559893952189711,672241
42332433059,2025-05-19,1.0755924810915396,672241
42332433059,2025-05-26,1.0756125588788197,672241
42332433059,2025-06-02,0.5756025953767541,672241
42332433059,2025-06-09,0.575598518450263,672241
42332433059,2025-06-16,0.07558853615610395,672241
42332433314,2025-03-10,0.1855666493612842,672241
42332433314,2025-03-17,0.1855633896923743,672241
42332433314,2025-03-24,0.18555981642686262,672241
42332433314,2025-03-31,0.18555606845665162,672241
42332433314,2025-04-07,1.6855493073512067,672241
42332433314,2025-04-14,0.18555272493640773,672241
42332433314,2025-04-21,0.1855532142509827,672241
42332433314,2025-04-28,0.18555333162887078,672241
42332433314,2025-05-05,1.1855513917743814,672241
42332433314,2025-05-12,0.1855561224410247,672241
42332433314,2025-05-19,0.18555877412823446,672241
42332433314,2025-05-26,0.6855616032847937,672241
42332433314,2025-06-02,0.1855615714845835,672241
42332433314,2025-06-09,0.1855627973897837,672241
42332433314,2025-06-16,0.1855641861762939,672241
42332433924,2025-03-10,0.18519067005305145,672241
42332433924,2025-03-17,0.1852122253195374,672241
42332433924,2025-03-24,0.18524301239118607,672241
42332433924,2025-03-31,0.1852829156575912,672241
42332433924,2025-04-07,1.1851012131812344,672241
42332433924,2025-04-14,0.1853035489910429,672241
42332433924,2025-04-21,0.18530276900980513,672241
42332433924,2025-04-28,0.6851947149200713,672241
42332433924,2025-05-05,0.18528366724779102,672241
42332433924,2025-05-12,0.18527421135028901,672241
42332433924,2025-05-19,0.18527017956403144,672241
42332433924,2025-05-26,0.18524121597336823,672241
42332433924,2025-06-02,0.1852397509598508,672241
42332433924,2025-06-09,0.1852334750501884,672241
42332433924,2025-06-16,0.18522170345484607,672241
42834137936,2025-03-10,3.364492594699669,672241
42834137936,2025-03-17,3.36462869606502,672241
42834137936,2025-03-24,3.3646404179030074,672241
42834137936,2025-03-31,3.3645860646603785,672241
42834137936,2025-04-07,3.364492405605921,672241
42834137936,2025-04-14,3.364564670077545,672241
42834137936,2025-04-21,7.364261118202035,672241
42834137936,2025-04-28,4.364332593795054,672241
42834137936,2025-05-05,6.364299704099341,672241
42834137936,2025-05-12,9.3641687972853,672241
42834137936,2025-05-19,6.8643011715777575,672241
42834137936,2025-05-26,10.863900361094139,672241
42834137936,2025-06-02,4.8639192104617965,672241
42834137936,2025-06-09,3.363863081566707,672241
42834137936,2025-06-16,4.363690962858043,672241
42931106661,2025-03-10,0.015442502310769036,672241
42931106661,2025-03-17,0.01544577443086926,672241
42931106661,2025-03-24,0.015449088572280329,672241
42931106661,2025-03-31,0.015452434010172678,672241
42931106661,2025-04-07,0.015455818979991343,672241
42931106661,2025-04-14,0.015459236732278024,672241
42931106661,2025-04-21,0.015462685711664072,672241
42931106661,2025-04-28,0.015466167632545384,672241
42931106661,2025-05-05,0.015469678207265032,672241
42931106661,2025-05-12,0.015473214561399972,672241
42931106661,2025-05-19,0.015476778571377412,672241
42931106661,2025-05-26,0.015476888326918698,672241
42931106661,2025-06-02,0.015480434029353455,672241
42931106661,2025-06-09,0.01548393139799114,672241
42931106661,2025-06-16,0.015487383383414254,672241
42931107278,2025-03-10,0.0,672241
42931107278,2025-03-17,0.0,672241
42931107278,2025-03-24,0.0,672241
42931107278,2025-03-31,0.0,672241
42931107278,2025-04-07,0.0,672241
42931107278,2025-04-14,0.0,672241
42931107278,2025-04-21,0.0,672241
42931107278,2025-04-28,0.0,672241
42931107278,2025-05-05,0.0,672241
42931107278,2025-05-12,0.0,672241
42931107278,2025-05-19,0.0,672241
42931107278,2025-05-26,0.0,672241
42931107278,2025-06-02,0.0,672241
42931107278,2025-06-09,0.0,672241
42931107278,2025-06-16,0.0,672241
42931107587,2025-03-10,0.0,672241
42931107587,2025-03-17,0.0,672241
42931107587,2025-03-24,0.0,672241
42931107587,2025-03-31,0.0,672241
42931107587,2025-04-07,0.0,672241
42931107587,2025-04-14,0.0,672241
42931107587,2025-04-21,0.0,672241
42931107587,2025-04-28,0.0,672241
42931107587,2025-05-05,0.0,672241
42931107587,2025-05-12,0.0,672241
42931107587,2025-05-19,0.0,672241
42931107587,2025-05-26,0.0,672241
42931107587,2025-06-02,0.0,672241
42931107587,2025-06-09,0.0,672241
42931107587,2025-06-16,0.0,672241
42931107890,2025-03-10,0.0,672241
42931107890,2025-03-17,0.0,672241
42931107890,2025-03-24,0.0,672241
42931107890,2025-03-31,0.0,672241
42931107890,2025-04-07,0.0,672241
42931107890,2025-04-14,0.0,672241
42931107890,2025-04-21,0.0,672241
42931107890,2025-04-28,0.0,672241
42931107890,2025-05-05,0.0,672241
42931107890,2025-05-12,0.0,672241
42931107890,2025-05-19,0.0,672241
42931107890,2025-05-26,0.0,672241
42931107890,2025-06-02,0.0,672241
42931107890,2025-06-09,0.0,672241
42931107890,2025-06-16,0.0,672241
42931108114,2025-03-10,0.0,672241
42931108114,2025-03-17,0.0,672241
42931108114,2025-03-24,0.0,672241
42931108114,2025-03-31,0.0,672241
42931108114,2025-04-07,0.0,672241
42931108114,2025-04-14,0.0,672241
42931108114,2025-04-21,0.0,672241
42931108114,2025-04-28,0.0,672241
42931108114,2025-05-05,0.0,672241
42931108114,2025-05-12,0.0,672241
42931108114,2025-05-19,0.0,672241
42931108114,2025-05-26,0.0,672241
42931108114,2025-06-02,0.0,672241
42931108114,2025-06-09,0.0,672241
42931108114,2025-06-16,0.0,672241
42931108441,2025-03-10,0.09259541000015956,672241
42931108441,2025-03-17,0.09260276368580637,672241
42931108441,2025-03-24,0.09261008365434173,672241
42931108441,2025-03-31,0.09261737722066765,672241
42931108441,2025-04-07,0.09262463894612838,672241
42931108441,2025-04-14,0.09263189679536198,672241
42931108441,2025-04-21,0.09263916391838266,672241
42931108441,2025-04-28,0.0926464309150154,672241
42931108441,2025-05-05,0.09265371867737504,672241
42931108441,2025-05-12,0.09266102377977589,672241
42931108441,2025-05-19,0.09266788435686246,672241
42931108441,2025-05-26,1.0926279646636134,672241
42931108441,2025-06-02,0.09267819616450731,672241
42931108441,2025-06-09,0.09267826701317425,672241
42931108441,2025-06-16,0.0926788976773216,672241
42931108792,2025-03-10,0.0,672241
42931108792,2025-03-17,0.0,672241
42931108792,2025-03-24,0.0,672241
42931108792,2025-03-31,0.0,672241
42931108792,2025-04-07,0.0,672241
42931108792,2025-04-14,0.0,672241
42931108792,2025-04-21,0.0,672241
42931108792,2025-04-28,0.0,672241
42931108792,2025-05-05,0.0,672241
42931108792,2025-05-12,0.0,672241
42931108792,2025-05-19,0.0,672241
42931108792,2025-05-26,0.0,672241
42931108792,2025-06-02,0.0,672241
42931108792,2025-06-09,0.0,672241
42931108792,2025-06-16,0.0,672241
42997339136,2025-03-10,0.1854176370868909,672241
42997339136,2025-03-17,0.18541381976741161,672241
42997339136,2025-03-24,0.185411938962268,672241
42997339136,2025-03-31,0.18540812235824897,672241
42997339136,2025-04-07,0.18540399994460266,672241
42997339136,2025-04-14,0.18540226337843851,672241
42997339136,2025-04-21,0.18540308890819177,672241
42997339136,2025-04-28,0.18540215151598383,672241
42997339136,2025-05-05,0.18540573408624414,672241
42997339136,2025-05-12,0.18541119831915437,672241
42997339136,2025-05-19,0.1854209345923339,672241
42997339136,2025-05-26,0.18541582251013702,672241
42997339136,2025-06-02,0.1854231733720174,672241
42997339136,2025-06-09,0.18542137205090992,672241
42997339136,2025-06-16,0.18541520840121178,672241
42997343957,2025-03-10,0.7727483007585285,672241
42997343957,2025-03-17,0.7727567098909751,672241
42997343957,2025-03-24,0.7727645774532967,672241
42997343957,2025-03-31,0.7727713116754421,672241
42997343957,2025-04-07,0.7727764016254001,672241
42997343957,2025-04-14,0.7727797187558013,672241
42997343957,2025-04-21,0.7727817497572284,672241
42997343957,2025-04-28,0.7727828053316866,672241
42997343957,2025-05-05,0.7727832352067974,672241
42997343957,2025-05-12,0.7727831062239644,672241
42997343957,2025-05-19,0.7727821909542185,672241
42997343957,2025-05-26,0.7727575934338374,672241
42997343957,2025-06-02,0.772754229750087,672241
42997343957,2025-06-09,0.7727495173163574,672241
42997343957,2025-06-16,0.7727442287843709,672241
42997346034,2025-03-10,0.010576937189937408,672241
42997346034,2025-03-17,0.010587073664700464,672241
42997346034,2025-03-24,0.010602115516148813,672241
42997346034,2025-03-31,0.010620522842317806,672241
42997346034,2025-04-07,0.01063831752242933,672241
42997346034,2025-04-14,0.010655613024326119,672241
42997346034,2025-04-21,0.010669724899260186,672241
42997346034,2025-04-28,0.01068007190197176,672241
42997346034,2025-05-05,0.010685797741900566,672241
42997346034,2025-05-12,0.010685583194230616,672241
42997346034,2025-05-19,0.010677833784564286,672241
42997346034,2025-05-26,0.010694217956599097,672241
42997346034,2025-06-02,0.010680863560783627,672241
42997346034,2025-06-09,0.0106676512809106,672241
42997346034,2025-06-16,0.010649262024056874,672241
42997350212,2025-03-10,0.0009260400263133538,672241
42997350212,2025-03-17,0.0009235745725600861,672241
42997350212,2025-03-24,0.0009222818959250846,672241
42997350212,2025-03-31,0.0009221170879400234,672241
42997350212,2025-04-07,0.0009229602293286503,672241
42997350212,2025-04-14,0.0009246389086654538,672241
42997350212,2025-04-21,0.0009269808495247639,672241
42997350212,2025-04-28,0.0009298076889825389,672241
42997350212,2025-05-05,0.0009329648380469388,672241
42997350212,2025-05-12,0.0009363103481078681,672241
42997350212,2025-05-19,0.5009389478139875,672241
42997350212,2025-05-26,0.0009437663199300464,672241
42997350212,2025-06-02,0.0009472672669552339,672241
42997350212,2025-06-09,0.0009498635548208928,672241
42997350212,2025-06-16,0.5009520399358399,672241
42997353572,2025-03-10,0.030144317066167818,672241
42997353572,2025-03-17,0.030172871337026577,672241
42997353572,2025-03-24,0.030201408647407786,672241
42997353572,2025-03-31,0.030229928262040403,672241
42997353572,2025-04-07,0.03025842809045855,672241
42997353572,2025-04-14,0.0302869077730997,672241
42997353572,2025-04-21,0.030315369363889285,672241
42997353572,2025-04-28,0.030343808945672436,672241
42997353572,2025-05-05,0.030372228482634947,672241
42997353572,2025-05-12,0.030400627375281906,672241
42997353572,2025-05-19,0.030429005399272742,672241
42997353572,2025-05-26,0.03045735820784142,672241
42997353572,2025-06-02,0.03048568837852084,672241
42997353572,2025-06-09,0.03051399687435113,672241
42997353572,2025-06-16,0.03054227979565888,672241
42997355673,2025-03-10,0.0032871491100490945,672241
42997355673,2025-03-17,0.0032896366490950853,672241
42997355673,2025-03-24,0.0032910098478587148,672241
42997355673,2025-03-31,0.00329179208887935,672241
42997355673,2025-04-07,0.003291766263944028,672241
42997355673,2025-04-14,0.0032908367329223774,672241
42997355673,2025-04-21,0.0032892124748063224,672241
42997355673,2025-04-28,0.003286974869596747,672241
42997355673,2025-05-05,0.003282967322900985,672241
42997355673,2025-05-12,0.0032724213288355397,672241
42997355673,2025-05-19,0.0032434403483087744,672241
42997355673,2025-05-26,0.0032640920540907975,672241
42997355673,2025-06-02,0.0032337180321718832,672241
42997355673,2025-06-09,0.0032207249159124894,672241
42997355673,2025-06-16,0.0032140589973920844,672241
42997357738,2025-03-10,0.046583143589700574,672241
42997357738,2025-03-17,0.046579527537115015,672241
42997357738,2025-03-24,0.0465756362657857,672241
42997357738,2025-03-31,0.04657146075401478,672241
42997357738,2025-04-07,0.04656697586536807,672241
42997357738,2025-04-14,0.046562169456307784,672241
42997357738,2025-04-21,0.046557021968463216,672241
42997357738,2025-04-28,0.04655151194591205,672241
42997357738,2025-05-05,0.046545622431482914,672241
42997357738,2025-05-12,0.04654432705553815,672241
42997357738,2025-05-19,0.04654300105617675,672241
42997357738,2025-05-26,0.04652704343814541,672241
42997357738,2025-06-02,0.046520606291967775,672241
42997357738,2025-06-09,0.046513687051592194,672241
42997357738,2025-06-16,0.046506265329540254,672241
42997360431,2025-03-10,0.12484652547691145,672241
42997360431,2025-03-17,0.12484552371342171,672241
42997360431,2025-03-24,0.12484282141238066,672241
42997360431,2025-03-31,0.12483856743838186,672241
42997360431,2025-04-07,0.12483291500792754,672241
42997360431,2025-04-14,0.12482607992216244,672241
42997360431,2025-04-21,0.12481828298238053,672241
42997360431,2025-04-28,0.12480974433248634,672241
42997360431,2025-05-05,0.12480069227881188,672241
42997360431,2025-05-12,0.12483911723323846,672241
42997360431,2025-05-19,0.12492562848220443,672241
42997360431,2025-05-26,0.12477486545387959,672241
42997360431,2025-06-02,0.12476762128943443,672241
42997360431,2025-06-09,0.12476080667728022,672241
42997360431,2025-06-16,0.12475455784889232,672241
42997361992,2025-03-10,0.07737191213148915,672241
42997361992,2025-03-17,0.0773683702610412,672241
42997361992,2025-03-24,0.07736487708261765,672241
42997361992,2025-03-31,0.07736140985582611,672241
42997361992,2025-04-07,0.07735795770610165,672241
42997361992,2025-04-14,0.0773545389267402,672241
42997361992,2025-04-21,0.07735114165328713,672241
42997361992,2025-04-28,0.07734776594019448,672241
42997361992,2025-05-05,0.07734439315270264,672241
42997361992,2025-05-12,0.07734105806466808,672241
42997361992,2025-05-19,0.07733771686419687,672241
42997361992,2025-05-26,0.07747843463944287,672241
42997361992,2025-06-02,0.07747528206698492,672241
42997361992,2025-06-09,0.0774723411809611,672241
42997361992,2025-06-16,0.5774182677881712,672241
42997363795,2025-03-10,0.015372727457128327,672241
42997363795,2025-03-17,0.015371922284052451,672241
42997363795,2025-03-24,0.015371708080870265,672241
42997363795,2025-03-31,0.015372323680884113,672241
42997363795,2025-04-07,0.01537363184061102,672241
42997363795,2025-04-14,0.015375586551832519,672241
42997363795,2025-04-21,0.015378157566715036,672241
42997363795,2025-04-28,0.01538130503110115,672241
42997363795,2025-05-05,0.015385003197097638,672241
42997363795,2025-05-12,0.015389217877137967,672241
42997363795,2025-05-19,0.015393921599056634,672241
42997363795,2025-05-26,0.01539928973616974,672241
42997363795,2025-06-02,0.015404520920895701,672241
42997363795,2025-06-09,0.015409803341805499,672241
42997363795,2025-06-16,0.015415105050468529,672241
42997366151,2025-03-10,0.01648164685581653,672241
42997366151,2025-03-17,0.016483209929228707,672241
42997366151,2025-03-24,0.01648514680249049,672241
42997366151,2025-03-31,0.016484846148792177,672241
42997366151,2025-04-07,0.016485146930004184,672241
42997366151,2025-04-14,0.01648366625798678,672241
42997366151,2025-04-21,0.016480709851710594,672241
42997366151,2025-04-28,0.01647711289362571,672241
42997366151,2025-05-05,0.016472185982845486,672241
42997366151,2025-05-12,0.016469358243747206,672241
42997366151,2025-05-19,0.016471245383315895,672241
42997366151,2025-05-26,0.016452804797404748,672241
42997366151,2025-06-02,0.016453952254823795,672241
42997366151,2025-06-09,0.016450456290922108,672241
42997366151,2025-06-16,0.016446515455997283,672241
42997370010,2025-03-10,0.4406651035528084,672241
42997370010,2025-03-17,0.44067720981218367,672241
42997370010,2025-03-24,0.440683271195762,672241
42997370010,2025-03-31,0.4406809521267561,672241
42997370010,2025-04-07,0.4406728922760106,672241
42997370010,2025-04-14,0.4406597180861676,672241
42997370010,2025-04-21,0.44064249456315624,672241
42997370010,2025-04-28,0.4406248793570617,672241
42997370010,2025-05-05,0.44060622491170087,672241
42997370010,2025-05-12,0.4405862786211656,672241
42997370010,2025-05-19,0.4405695129278295,672241
42997370010,2025-05-26,0.44050087085955203,672241
42997370010,2025-06-02,0.44049309787987045,672241
42997370010,2025-06-09,0.44049174974175975,672241
42997370010,2025-06-16,0.44049985402451075,672241
42997372184,2025-03-10,0.011624047602194112,672241
42997372184,2025-03-17,0.011621767295946106,672241
42997372184,2025-03-24,0.011621403692362753,672241
42997372184,2025-03-31,0.011633766271078566,672241
42997372184,2025-04-07,0.01165753316497789,672241
42997372184,2025-04-14,0.011690708187075502,672241
42997372184,2025-04-21,0.011727570674494855,672241
42997372184,2025-04-28,0.01176549061821304,672241
42997372184,2025-05-05,0.011795886746033407,672241
42997372184,2025-05-12,0.011791178953888787,672241
42997372184,2025-05-19,0.011708388400139658,672241
42997372184,2025-05-26,0.0117298253141081,672241
42997372184,2025-06-02,0.011641587148259039,672241
42997372184,2025-06-09,0.011643698808020242,672241
42997372184,2025-06-16,0.011707748688285155,672241
42997374577,2025-03-10,0.4483345426739975,672241
42997374577,2025-03-17,0.44812638744105526,672241
42997374577,2025-03-24,0.4479658650385995,672241
42997374577,2025-03-31,0.44786857633699256,672241
42997374577,2025-04-07,0.4478496577654838,672241
42997374577,2025-04-14,0.4479229985068346,672241
42997374577,2025-04-21,0.4481088861755196,672241
42997374577,2025-04-28,0.44842039174037573,672241
42997374577,2025-05-05,0.44887143993086,672241
42997374577,2025-05-12,0.4494757242826874,672241
42997374577,2025-05-19,10.44713145147061,672241
42997374577,2025-05-26,0.4456834283051133,672241
42997374577,2025-06-02,0.44522838912517965,672241
42997374577,2025-06-09,0.44487552974069144,672241
42997374577,2025-06-16,0.9442361162820994,672241
42997376375,2025-03-10,0.7420120880941536,672241
42997376375,2025-03-17,0.7419952561967782,672241
42997376375,2025-03-24,0.7419636674121171,672241
42997376375,2025-03-31,0.741927533630076,672241
42997376375,2025-04-07,0.7418913211766647,672241
42997376375,2025-04-14,0.7418549854487573,672241
42997376375,2025-04-21,0.7418382610520853,672241
42997376375,2025-04-28,0.7418998384174628,672241
42997376375,2025-05-05,0.7421612625130997,672241
42997376375,2025-05-12,1.2425481908288152,672241
42997376375,2025-05-19,3.242162830540348,672241
42997376375,2025-05-26,0.7426423282452611,672241
42997376375,2025-06-02,1.2423918785550505,672241
42997376375,2025-06-09,1.2423258006120994,672241
42997376375,2025-06-16,0.7423120202897369,672241
42997381110,2025-03-10,0.6866467209973806,672241
42997381110,2025-03-17,0.6864673197176063,672241
42997381110,2025-03-24,0.6862664324428308,672241
42997381110,2025-03-31,0.6860673485494784,672241
42997381110,2025-04-07,0.6858891067856695,672241
42997381110,2025-04-14,0.6857273927742422,672241
42997381110,2025-04-21,0.6855822964820587,672241
42997381110,2025-04-28,0.6854394477312917,672241
42997381110,2025-05-05,0.6852741985924413,672241
42997381110,2025-05-12,2.185148777043926,672241
42997381110,2025-05-19,2.6850616295434424,672241
42997381110,2025-05-26,1.6849651412396378,672241
42997381110,2025-06-02,0.6849131947530244,672241
42997381110,2025-06-09,1.1848652793997574,672241
42997381110,2025-06-16,0.6848751454705718,672241
42997385022,2025-03-10,-0.0001020474184152409,672241
42997385022,2025-03-17,-0.00014519939237278567,672241
42997385022,2025-03-24,-0.00016564241875560715,672241
42997385022,2025-03-31,-0.0002030099993873269,672241
42997385022,2025-04-07,-0.00027229805892187153,672241
42997385022,2025-04-14,-0.0003152394132430181,672241
42997385022,2025-04-21,-0.00031501082370805067,672241
42997385022,2025-04-28,-0.00027743780351591196,672241
42997385022,2025-05-05,-0.00020579114472180082,672241
42997385022,2025-05-12,-0.00013420967619254265,672241
42997385022,2025-05-19,-6.90378297910077e-05,672241
42997385022,2025-05-26,1.070720983487039e-06,672241
42997385022,2025-06-02,0.5000421342830753,672241
42997385022,2025-06-09,6.796888743187957e-05,672241
42997385022,2025-06-16,0.5000399123766274,672241
42997389826,2025-03-10,2.2276273363289185,672241
42997389826,2025-03-17,2.227591947911762,672241
42997389826,2025-03-24,2.2275548699534546,672241
42997389826,2025-03-31,2.2275180968715587,672241
42997389826,2025-04-07,2.2274760028219074,672241
42997389826,2025-04-14,2.227435527920986,672241
42997389826,2025-04-21,2.2273908366159585,672241
42997389826,2025-04-28,2.2273479216072487,672241
42997389826,2025-05-05,2.227303809673802,672241
42997389826,2025-05-12,2.2272640567233153,672241
42997389826,2025-05-19,2.227225329408074,672241
42997389826,2025-05-26,2.2271338462559687,672241
42997389826,2025-06-02,2.227082252695305,672241
42997389826,2025-06-09,2.727049979410809,672241
42997389826,2025-06-16,2.7269814335878197,672241
42997394698,2025-03-10,0.7330840601103004,672241
42997394698,2025-03-17,0.7331348813081514,672241
42997394698,2025-03-24,0.7331961175214612,672241
42997394698,2025-03-31,0.7332626186254758,672241
42997394698,2025-04-07,0.7333333228222928,672241
42997394698,2025-04-14,0.7334070184978925,672241
42997394698,2025-04-21,0.7335016679614073,672241
42997394698,2025-04-28,0.73363078685529,672241
42997394698,2025-05-05,1.2337650783669014,672241
42997394698,2025-05-12,2.2338403665398796,672241
42997394698,2025-05-19,5.733781305051178,672241
42997394698,2025-05-26,3.733919131052843,672241
42997394698,2025-06-02,1.733919409932367,672241
42997394698,2025-06-09,6.233949560678184,672241
42997394698,2025-06-16,0.7339423887559166,672241
42997397695,2025-03-10,0.39099184556449607,672241
42997397695,2025-03-17,0.39093353047588375,672241
42997397695,2025-03-24,0.39088198759163284,672241
42997397695,2025-03-31,0.39082537269795814,672241
42997397695,2025-04-07,0.3907672191313487,672241
42997397695,2025-04-14,0.39071244964631524,672241
42997397695,2025-04-21,0.39066029065237085,672241
42997397695,2025-04-28,0.3906296191852898,672241
42997397695,2025-05-05,0.89060756422031,672241
42997397695,2025-05-12,0.8905669304648273,672241
42997397695,2025-05-19,0.39054182945784555,672241
42997397695,2025-05-26,0.39059141647853834,672241
42997397695,2025-06-02,0.3907203321148538,672241
42997397695,2025-06-09,4.390835525542904,672241
42997397695,2025-06-16,0.8910863576540752,672241
42997399776,2025-03-10,2.5686237088298762,672241
42997399776,2025-03-17,2.5701874606008706,672241
42997399776,2025-03-24,2.563232246504082,672241
42997399776,2025-03-31,2.5733142519780605,672241
42997399776,2025-04-07,2.5834030768013347,672241
42997399776,2025-04-14,2.5679372525026505,672241
42997399776,2025-04-21,2.5609829421260555,672241
42997399776,2025-04-28,2.579586552027154,672241
42997399776,2025-05-05,2.5982023881995326,672241
42997399776,2025-05-12,2.616830366599591,672241
42997399776,2025-05-19,11.111967143201262,672241
42997399776,2025-05-26,4.447562066495197,672241
42997399776,2025-06-02,5.644695788514172,672241
42997399776,2025-06-09,4.377129903092124,672241
42997399776,2025-06-16,4.287040752592524,672241
42997403955,2025-03-10,0.16826871958752285,672241
42997403955,2025-03-17,0.16827019512342384,672241
42997403955,2025-03-24,0.1682866541504359,672241
42997403955,2025-03-31,0.16831918204779184,672241
42997403955,2025-04-07,0.1683606511110799,672241
42997403955,2025-04-14,0.16841074802439124,672241
42997403955,2025-04-21,0.16846926868575973,672241
42997403955,2025-04-28,0.16853136611720787,672241
42997403955,2025-05-05,0.16857763841287202,672241
42997403955,2025-05-12,0.1685929922326632,672241
42997403955,2025-05-19,0.16857037193043725,672241
42997403955,2025-05-26,0.1687551735093401,672241
42997403955,2025-06-02,0.16870361523136923,672241
42997403955,2025-06-09,0.1686715255522082,672241
42997403955,2025-06-16,0.16865346726795058,672241
42997420495,2025-03-10,4.342473484767797,672241
42997420495,2025-03-17,4.34235205719906,672241
42997420495,2025-03-24,4.342310920948718,672241
42997420495,2025-03-31,4.34218978044906,672241
42997420495,2025-04-07,4.3421478749537235,672241
42997420495,2025-04-14,4.342152515404669,672241
42997420495,2025-04-21,4.342301943251849,672241
42997420495,2025-04-28,4.342523210142241,672241
42997420495,2025-05-05,5.342830896472197,672241
42997420495,2025-05-12,4.343181479946539,672241
42997420495,2025-05-19,4.343558970383329,672241
42997420495,2025-05-26,4.343955829376858,672241
42997420495,2025-06-02,4.344291940801529,672241
42997420495,2025-06-09,4.344691505936462,672241
42997420495,2025-06-16,4.34507151401948,672241
42997421911,2025-03-10,1.2130874230886861,672241
42997421911,2025-03-17,1.2128741243596406,672241
42997421911,2025-03-24,1.2127476372650414,672241
42997421911,2025-03-31,1.2128063382306644,672241
42997421911,2025-04-07,1.212959182070799,672241
42997421911,2025-04-14,1.2131078740434078,672241
42997421911,2025-04-21,1.2132150484945847,672241
42997421911,2025-04-28,1.2133282702717638,672241
42997421911,2025-05-05,1.2135726587526974,672241
42997421911,2025-05-12,1.2139654186662512,672241
42997421911,2025-05-19,1.2141297603111745,672241
42997421911,2025-05-26,1.2145348150427642,672241
42997421911,2025-06-02,1.2147225049538593,672241
42997421911,2025-06-09,2.21509426644233,672241
42997421911,2025-06-16,3.215450047322734,672241
42997424093,2025-03-10,1.764887679775067,672241
42997424093,2025-03-17,1.7649113004254406,672241
42997424093,2025-03-24,1.7649384542077604,672241
42997424093,2025-03-31,1.7649627878484242,672241
42997424093,2025-04-07,1.7649733765562905,672241
42997424093,2025-04-14,1.764958901188606,672241
42997424093,2025-04-21,1.7649235619546348,672241
42997424093,2025-04-28,1.7648911373092475,672241
42997424093,2025-05-05,2.764869900914379,672241
42997424093,2025-05-12,3.7648887969711695,672241
42997424093,2025-05-19,4.264906815230992,672241
42997424093,2025-05-26,7.264906697718617,672241
42997424093,2025-06-02,1.7649613197820708,672241
42997424093,2025-06-09,1.7648053798837453,672241
42997424093,2025-06-16,1.7646380859479738,672241
42997426167,2025-03-10,2.378410550272645,672241
42997426167,2025-03-17,2.378210863334657,672241
42997426167,2025-03-24,2.3780384939489867,672241
42997426167,2025-03-31,2.3779024381948415,672241
42997426167,2025-04-07,2.377811618474961,672241
42997426167,2025-04-14,2.3777737948435114,672241
42997426167,2025-04-21,2.3777946966677805,672241
42997426167,2025-04-28,2.3778773932640167,672241
42997426167,2025-05-05,3.3780485830848512,672241
42997426167,2025-05-12,4.378223044597429,672241
42997426167,2025-05-19,2.8782855892066253,672241
42997426167,2025-05-26,2.378468184697,672241
42997426167,2025-06-02,2.878569967127575,672241
42997426167,2025-06-09,4.8785938421411625,672241
42997426167,2025-06-16,3.878788467637244,672241
42997428553,2025-03-10,2.084532572209009,672241
42997428553,2025-03-17,2.0853975942920133,672241
42997428553,2025-03-24,2.08520334155933,672241
42997428553,2025-03-31,2.084849401046685,672241
42997428553,2025-04-07,2.08448054240552,672241
42997428553,2025-04-14,2.084122766121439,672241
42997428553,2025-04-21,2.0837883175737897,672241
42997428553,2025-04-28,2.083494701628335,672241
42997428553,2025-05-05,2.0834259576605465,672241
42997428553,2025-05-12,3.0839380314135814,672241
42997428553,2025-05-19,7.083990260855991,672241
42997428553,2025-05-26,4.084111881370234,672241
42997428553,2025-06-02,2.083875953627369,672241
42997428553,2025-06-09,2.083713505925324,672241
42997428553,2025-06-16,6.583743420956999,672241
42997430687,2025-03-10,1.6001482486953011,672241
42997430687,2025-03-17,1.599990604419074,672241
42997430687,2025-03-24,1.599844602362278,672241
42997430687,2025-03-31,1.5997148632046612,672241
42997430687,2025-04-07,1.5996083542145187,672241
42997430687,2025-04-14,1.5995268779370204,672241
42997430687,2025-04-21,1.5994731637253081,672241
42997430687,2025-04-28,1.599449441570817,672241
42997430687,2025-05-05,2.0994416300894847,672241
42997430687,2025-05-12,3.099448039465801,672241
42997430687,2025-05-19,1.5995117583581138,672241
42997430687,2025-05-26,1.5995284681525361,672241
42997430687,2025-06-02,2.599608230131272,672241
42997430687,2025-06-09,5.599741051027635,672241
42997430687,2025-06-16,3.0998121678606974,672241
43159436683,2025-03-10,0.10815595655650759,672241
43159436683,2025-03-17,0.10821355672171126,672241
43159436683,2025-03-24,0.10825830583520908,672241
43159436683,2025-03-31,0.10829118055177556,672241
43159436683,2025-04-07,0.10831335766643684,672241
43159436683,2025-04-14,0.1083261051706728,672241
43159436683,2025-04-21,0.10833083480522057,672241
43159436683,2025-04-28,0.10832907034287934,672241
43159436683,2025-05-05,0.10832243136255137,672241
43159436683,2025-05-12,0.1083126889667577,672241
43159436683,2025-05-19,0.10830171842546599,672241
43159436683,2025-05-26,0.10824848296954218,672241
43159436683,2025-06-02,0.10821962049080447,672241
43159436683,2025-06-09,0.10817392125665073,672241
43159436683,2025-06-16,0.10811292308044193,672241
43159436938,2025-03-10,0.0,672241
43159436938,2025-03-17,0.0,672241
43159436938,2025-03-24,0.0,672241
43159436938,2025-03-31,0.0,672241
43159436938,2025-04-07,0.0,672241
43159436938,2025-04-14,0.0,672241
43159436938,2025-04-21,0.0,672241
43159436938,2025-04-28,0.0,672241
43159436938,2025-05-05,0.0,672241
43159436938,2025-05-12,0.0,672241
43159436938,2025-05-19,0.0,672241
43159436938,2025-05-26,0.0,672241
43159436938,2025-06-02,0.0,672241
43159436938,2025-06-09,0.0,672241
43159436938,2025-06-16,0.0,672241
43292170418,2025-03-10,0.06111749613695418,672241
43292170418,2025-03-17,0.061129951779555866,672241
43292170418,2025-03-24,0.06114627498739049,672241
43292170418,2025-03-31,0.06116624897389192,672241
43292170418,2025-04-07,0.06118963804849051,672241
43292170418,2025-04-14,0.06121623602589847,672241
43292170418,2025-04-21,0.06124582569235486,672241
43292170418,2025-04-28,0.06127821376948194,672241
43292170418,2025-05-05,0.061313182341006994,672241
43292170418,2025-05-12,0.061350545369471196,672241
43292170418,2025-05-19,0.06139010973385173,672241
43292170418,2025-05-26,0.06136414729536617,672241
43292170418,2025-06-02,0.06139554526220538,672241
43292170418,2025-06-09,0.06141657152242312,672241
43292170418,2025-06-16,0.0614270001603221,672241
43292170792,2025-03-10,0.09271318664391806,672241
43292170792,2025-03-17,0.09272241035954015,672241
43292170792,2025-03-24,0.09273101489319156,672241
43292170792,2025-03-31,0.09273898210344826,672241
43292170792,2025-04-07,0.09274476343745269,672241
43292170792,2025-04-14,0.09275004198390592,672241
43292170792,2025-04-21,0.09275654176272409,672241
43292170792,2025-04-28,0.09276265700464749,672241
43292170792,2025-05-05,0.0927683937864824,672241
43292170792,2025-05-12,0.09277377188466461,672241
43292170792,2025-05-19,0.09277876948756211,672241
43292170792,2025-05-26,0.09278656758747186,672241
43292170792,2025-06-02,0.09279058714838437,672241
43292170792,2025-06-09,0.09279399658880991,672241
43292170792,2025-06-16,0.0927968273308439,672241
43292171330,2025-03-10,0.0,672241
43292171330,2025-03-17,0.0,672241
43292171330,2025-03-24,0.0,672241
43292171330,2025-03-31,0.0,672241
43292171330,2025-04-07,0.0,672241
43292171330,2025-04-14,0.0,672241
43292171330,2025-04-21,0.0,672241
43292171330,2025-04-28,0.0,672241
43292171330,2025-05-05,0.0,672241
43292171330,2025-05-12,0.0,672241
43292171330,2025-05-19,0.0,672241
43292171330,2025-05-26,0.0,672241
43292171330,2025-06-02,0.0,672241
43292171330,2025-06-09,0.0,672241
43292171330,2025-06-16,0.0,672241
43292171668,2025-03-10,0.0,672241
43292171668,2025-03-17,0.0,672241
43292171668,2025-03-24,0.0,672241
43292171668,2025-03-31,0.0,672241
43292171668,2025-04-07,0.0,672241
43292171668,2025-04-14,0.0,672241
43292171668,2025-04-21,0.0,672241
43292171668,2025-04-28,0.0,672241
43292171668,2025-05-05,0.0,672241
43292171668,2025-05-12,0.0,672241
43292171668,2025-05-19,0.0,672241
43292171668,2025-05-26,0.0,672241
43292171668,2025-06-02,0.0,672241
43292171668,2025-06-09,0.0,672241
43292171668,2025-06-16,0.0,672241
43464179063,2025-03-10,0.10078261611757616,672241
43464179063,2025-03-17,0.100758441176929,672241
43464179063,2025-03-24,0.10075164242662996,672241
43464179063,2025-03-31,0.10076035110273181,672241
43464179063,2025-04-07,0.10077906355960323,672241
43464179063,2025-04-14,0.10080117180045405,672241
43464179063,2025-04-21,0.10082055990976208,672241
43464179063,2025-04-28,0.10083269799090726,672241
43464179063,2025-05-05,0.10083501974922657,672241
43464179063,2025-05-12,0.10082682224384144,672241
43464179063,2025-05-19,0.10080901779355834,672241
43464179063,2025-05-26,0.10078370241109175,672241
43464179063,2025-06-02,0.10075355805847283,672241
43464179063,2025-06-09,0.1007215654811796,672241
43464179063,2025-06-16,0.10069033715214828,672241
43583432373,2025-03-10,0.0308334831249399,672241
43583432373,2025-03-17,0.0308290876312545,672241
43583432373,2025-03-24,0.030825610517211104,672241
43583432373,2025-03-31,0.0308229917123738,672241
43583432373,2025-04-07,0.030821171572913347,672241
43583432373,2025-04-14,0.030820099444677476,672241
43583432373,2025-04-21,0.030819716947941247,672241
43583432373,2025-04-28,0.030819978510216055,672241
43583432373,2025-05-05,0.030820830437812727,672241
43583432373,2025-05-12,0.03082222762225326,672241
43583432373,2025-05-19,0.030824121979592098,672241
43583432373,2025-05-26,0.030826473797429105,672241
43583432373,2025-06-02,0.030829233888847056,672241
43583432373,2025-06-09,0.030832364453499607,672241
43583432373,2025-06-16,0.030835823226989786,672241
43675356591,2025-03-10,0.09291092573391177,672241
43675356591,2025-03-17,0.09290782661150913,672241
43675356591,2025-03-24,0.09290474466280178,672241
43675356591,2025-03-31,0.09290168687634594,672241
43675356591,2025-04-07,0.09289864535312126,672241
43675356591,2025-04-14,0.09289562417588611,672241
43675356591,2025-04-21,0.09289264235523734,672241
43675356591,2025-04-28,0.09288968371425001,672241
43675356591,2025-05-05,0.09288675857027329,672241
43675356591,2025-05-12,0.09288384002848046,672241
43675356591,2025-05-19,0.09288096165621282,672241
43675356591,2025-05-26,0.09284381702668326,672241
43675356591,2025-06-02,0.09284104768691968,672241
43675356591,2025-06-09,0.09283831178347793,672241
43675356591,2025-06-16,0.09283565458749567,672241
43675357153,2025-03-10,-1.9967841516747853e-06,672241
43675357153,2025-03-17,5.671178227931173e-07,672241
43675357153,2025-03-24,8.106041821446391e-06,672241
43675357153,2025-03-31,1.913759594176362e-05,672241
43675357153,2025-04-07,3.114609128401433e-05,672241
43675357153,2025-04-14,4.234014671400041e-05,672241
43675357153,2025-04-21,5.178212695999482e-05,672241
43675357153,2025-04-28,5.900966455087836e-05,672241
43675357153,2025-05-05,6.272753647971335e-05,672241
43675357153,2025-05-12,6.221339191180009e-05,672241
43675357153,2025-05-19,6.084459635529588e-05,672241
43675357153,2025-05-26,6.386909631362486e-05,672241
43675357153,2025-06-02,7.084575777782653e-05,672241
43675357153,2025-06-09,7.50355113987855e-05,672241
43675357153,2025-06-16,7.252647206112267e-05,672241
43675357438,2025-03-10,0.0,672241
43675357438,2025-03-17,0.0,672241
43675357438,2025-03-24,0.0,672241
43675357438,2025-03-31,0.0,672241
43675357438,2025-04-07,0.0,672241
43675357438,2025-04-14,0.0,672241
43675357438,2025-04-21,0.0,672241
43675357438,2025-04-28,0.0,672241
43675357438,2025-05-05,0.0,672241
43675357438,2025-05-12,0.0,672241
43675357438,2025-05-19,0.0,672241
43675357438,2025-05-26,0.0,672241
43675357438,2025-06-02,0.0,672241
43675357438,2025-06-09,0.0,672241
43675357438,2025-06-16,0.0,672241
43675357762,2025-03-10,-0.00016439354085207025,672241
43675357762,2025-03-17,-0.0003009602667169431,672241
43675357762,2025-03-24,-0.0005033350848767104,672241
43675357762,2025-03-31,-0.0008267725411786886,672241
43675357762,2025-04-07,-0.0011709168679721604,672241
43675357762,2025-04-14,-0.001380848107975785,672241
43675357762,2025-04-21,-0.0015939846859450713,672241
43675357762,2025-04-28,-0.001852937101198604,672241
43675357762,2025-05-05,-0.001998939327640614,672241
43675357762,2025-05-12,-0.001952783112048162,672241
43675357762,2025-05-19,-0.0018502916969016514,672241
43675357762,2025-05-26,-0.0017705328356373284,672241
43675357762,2025-06-02,-0.0015830717765935587,672241
43675357762,2025-06-09,-0.0013090189754373927,672241
43675357762,2025-06-16,-0.001104304856151872,672241
43675358311,2025-03-10,0.21986081995929752,672241
43675358311,2025-03-17,0.2199259409511059,672241
43675358311,2025-03-24,0.2200051750350488,672241
43675358311,2025-03-31,0.22008464798012758,672241
43675358311,2025-04-07,0.220119943692553,672241
43675358311,2025-04-14,0.22012882585717616,672241
43675358311,2025-04-21,0.22017947871935212,672241
43675358311,2025-04-28,0.2202662535440365,672241
43675358311,2025-05-05,0.22032047139068672,672241
43675358311,2025-05-12,0.22029316583825886,672241
43675358311,2025-05-19,0.22021169022433196,672241
43675358311,2025-05-26,0.22014836535989896,672241
43675358311,2025-06-02,0.22015266699287828,672241
43675358311,2025-06-09,0.22021846018829788,672241
43675358311,2025-06-16,0.22028317641661538,672241
43675358612,2025-03-10,0.5368537741630736,672241
43675358612,2025-03-17,0.5368127632138169,672241
43675358612,2025-03-24,0.5367913879236446,672241
43675358612,2025-03-31,0.5367585033512858,672241
43675358612,2025-04-07,0.5367145289962981,672241
43675358612,2025-04-14,0.5366916875770016,672241
43675358612,2025-04-21,0.5366268416788755,672241
43675358612,2025-04-28,0.5365536773442767,672241
43675358612,2025-05-05,0.5364602879171703,672241
43675358612,2025-05-12,0.5363683389449803,672241
43675358612,2025-05-19,0.5363167287063362,672241
43675358612,2025-05-26,0.5367181178670992,672241
43675358612,2025-06-02,0.5366866946312036,672241
43675358612,2025-06-09,0.5366502330019458,672241
43675358612,2025-06-16,0.5366136530329155,672241
43675358930,2025-03-10,2.2518968616539747,672241
43675358930,2025-03-17,2.5018605359924693,672241
43675358930,2025-03-24,2.749889904390096,672241
43675358930,2025-03-31,2.9959824181000814,672241
43675358930,2025-04-07,3.24013993580913,672241
43675358930,2025-04-14,3.4823655413713897,672241
43675358930,2025-04-21,3.7226594475046513,672241
43675358930,2025-04-28,3.9610198626289606,672241
43675358930,2025-05-05,4.197442530690979,672241
43675358930,2025-05-12,4.431926525387921,672241
43675358930,2025-05-19,4.664472365449314,672241
43675358930,2025-05-26,4.8950842730948665,672241
43675358930,2025-06-02,5.1237638453887,672241
43675358930,2025-06-09,5.350512694104251,672241
43675358930,2025-06-16,5.575329597038551,672241
43675359537,2025-03-10,1.6505071253990002,672241
43675359537,2025-03-17,1.6460957926929813,672241
43675359537,2025-03-24,1.642585330126188,672241
43675359537,2025-03-31,1.6399432846458533,672241
43675359537,2025-04-07,1.6381452534670053,672241
43675359537,2025-04-14,1.6371746851733011,672241
43675359537,2025-04-21,1.6370226166053983,672241
43675359537,2025-04-28,1.6376877293093224,672241
43675359537,2025-05-05,1.639176272469565,672241
43675359537,2025-05-12,1.6415020468731778,672241
43675359537,2025-05-19,1.6446866476842925,672241
43675359537,2025-05-26,1.6487616152430284,672241
43675359537,2025-06-02,1.653764863246431,672241
43675359537,2025-06-09,1.6597428778806589,672241
43675359537,2025-06-16,1.6667512802956392,672241
43904595253,2025-03-10,1.6784561556999222,672241
43904595253,2025-03-17,1.6783370962448594,672241
43904595253,2025-03-24,1.6782690646698408,672241
43904595253,2025-03-31,1.6782445258290632,672241
43904595253,2025-04-07,1.67824750399978,672241
43904595253,2025-04-14,1.6782648718642963,672241
43904595253,2025-04-21,1.6782799416320175,672241
43904595253,2025-04-28,1.6782816265610396,672241
43904595253,2025-05-05,1.6782668432083065,672241
43904595253,2025-05-12,1.678237864742433,672241
43904595253,2025-05-19,1.6782185450815905,672241
43904595253,2025-05-26,1.6782117084798083,672241
43904595253,2025-06-02,1.6782451408918528,672241
43904595253,2025-06-09,1.6783087273843114,672241
43904595253,2025-06-16,1.6783982064533474,672241
43904694832,2025-03-10,5.000031701379554,672241
43904694832,2025-03-17,5.000119882708487,672241
43904694832,2025-03-24,5.000256833651254,672241
43904694832,2025-03-31,5.0003868629561925,672241
43904694832,2025-04-07,5.000524284270627,672241
43904694832,2025-04-14,5.000684824121419,672241
43904694832,2025-04-21,5.000876600807926,672241
43904694832,2025-04-28,5.001019391449673,672241
43904694832,2025-05-05,5.00108740271401,672241
43904694832,2025-05-12,5.001131881998622,672241
43904694832,2025-05-19,5.001212400730044,672241
43904694832,2025-05-26,5.001354818834585,672241
43904694832,2025-06-02,5.001444184016341,672241
43904694832,2025-06-09,5.001461006751698,672241
43904694832,2025-06-16,5.001402066508313,672241
43913912032,2025-03-10,1.9999634998148361,672241
43913912032,2025-03-17,1.9999120954969591,672241
43913912032,2025-03-24,1.9998908788017857,672241
43913912032,2025-03-31,1.99986725092351,672241
43913912032,2025-04-07,1.9998436676294524,672241
43913912032,2025-04-14,1.9998091145648433,672241
43913912032,2025-04-21,1.9997843645852293,672241
43913912032,2025-04-28,1.9997560483610757,672241
43913912032,2025-05-05,1.9997185609026746,672241
43913912032,2025-05-12,1.9996812697672426,672241
43913912032,2025-05-19,1.9996539462984813,672241
43913912032,2025-05-26,1.9996329330096685,672241
43913912032,2025-06-02,1.9995926537655957,672241
43913912032,2025-06-09,1.9995385359633868,672241
43913912032,2025-06-16,1.9994799962888998,672241
43965614940,2025-03-10,0.04630792975038854,672241
43965614940,2025-03-17,0.04630896409944978,672241
43965614940,2025-03-24,0.04631001777636932,672241
43965614940,2025-03-31,0.04631122586258247,672241
43965614940,2025-04-07,0.046312422991164635,672241
43965614940,2025-04-14,0.04631360472978603,672241
43965614940,2025-04-21,0.04631477941099825,672241
43965614940,2025-04-28,0.04631594577089477,672241
43965614940,2025-05-05,0.04631710359502405,672241
43965614940,2025-05-12,0.04631825509196217,672241
43965614940,2025-05-19,0.04631939888592102,672241
43965614940,2025-05-26,0.046320892522418826,672241
43965614940,2025-06-02,0.046322102621111735,672241
43965614940,2025-06-09,0.046323380089331095,672241
43965614940,2025-06-16,0.04632472419608098,672241
43987972199,2025-03-10,1.3410892665036038,672241
43987972199,2025-03-17,1.3411824090377182,672241
43987972199,2025-03-24,1.3412845957981032,672241
43987972199,2025-03-31,1.341387530683549,672241
43987972199,2025-04-07,1.341475073367981,672241
43987972199,2025-04-14,1.341534740263242,672241
43987972199,2025-04-21,1.341565301090571,672241
43987972199,2025-04-28,1.3415683934577465,672241
43987972199,2025-05-05,1.3415484758605278,672241
43987972199,2025-05-12,1.3414956556028117,672241
43987972199,2025-05-19,1.3413590719186024,672241
43987972199,2025-05-26,1.3410950410269213,672241
43987972199,2025-06-02,1.3409046135275542,672241
43987972199,2025-06-09,1.34077111866999,672241
43987972199,2025-06-16,1.3406850353014814,672241
43990125856,2025-03-10,3.421734318280248,672241
43990125856,2025-03-17,3.422020549785936,672241
43990125856,2025-03-24,3.4220281148276506,672241
43990125856,2025-03-31,3.421870228125822,672241
43990125856,2025-04-07,3.421767319828619,672241
43990125856,2025-04-14,3.42181317261695,672241
43990125856,2025-04-21,3.421963807880056,672241
43990125856,2025-04-28,3.42211042846681,672241
43990125856,2025-05-05,3.422143174520923,672241
43990125856,2025-05-12,3.4220080735566687,672241
43990125856,2025-05-19,3.421774874867256,672241
43990125856,2025-05-26,3.4215566976622007,672241
43990125856,2025-06-02,3.421297959406122,672241
43990125856,2025-06-09,3.4210945174913205,672241
43990125856,2025-06-16,3.4210112574452127,672241
43992266349,2025-03-10,0.6996642787584397,672241
43992266349,2025-03-17,0.6996765780010309,672241
43992266349,2025-03-24,0.6996832386122294,672241
43992266349,2025-03-31,0.6996856349726193,672241
43992266349,2025-04-07,0.6996838471704545,672241
43992266349,2025-04-14,0.6996780270316545,672241
43992266349,2025-04-21,0.6996689016906302,672241
43992266349,2025-04-28,0.6996586918955832,672241
43992266349,2025-05-05,0.6996493816742099,672241
43992266349,2025-05-12,0.6996435288345102,672241
43992266349,2025-05-19,0.6996458206407534,672241
43992266349,2025-05-26,0.6996532962042386,672241
43992266349,2025-06-02,0.6996593630423045,672241
43992266349,2025-06-09,0.6996611152722377,672241
43992266349,2025-06-16,0.6996620741252073,672241
44126860168,2025-03-10,0.6174956487877498,672241
44126860168,2025-03-17,0.6175255192993803,672241
44126860168,2025-03-24,0.6175438686464463,672241
44126860168,2025-03-31,0.6175494410656133,672241
44126860168,2025-04-07,0.6175486414484499,672241
44126860168,2025-04-14,0.6175510212017206,672241
44126860168,2025-04-21,0.6175575287372872,672241
44126860168,2025-04-28,0.6175622198603474,672241
44126860168,2025-05-05,0.6175652904354823,672241
44126860168,2025-05-12,0.6175666354618623,672241
44126860168,2025-05-19,0.617576533791124,672241
44126860168,2025-05-26,0.6176412935816307,672241
44126860168,2025-06-02,0.6176466703016261,672241
44126860168,2025-06-09,0.6176333013547453,672241
44126860168,2025-06-16,0.617612195263449,672241
44183603616,2025-03-10,0.19783585164879616,672241
44183603616,2025-03-17,0.19783431573554183,672241
44183603616,2025-03-24,0.19783291727893165,672241
44183603616,2025-03-31,0.19783171104777741,672241
44183603616,2025-04-07,0.19783072556008402,672241
44183603616,2025-04-14,0.19782907887934204,672241
44183603616,2025-04-21,0.19782754372128822,672241
44183603616,2025-04-28,0.1978269415923341,672241
44183603616,2025-05-05,0.1978262939618965,672241
44183603616,2025-05-12,0.19782566812731492,672241
44183603616,2025-05-19,0.19782465226673843,672241
44183603616,2025-05-26,0.19782641477486054,672241
44183603616,2025-06-02,0.19782631754842964,672241
44183603616,2025-06-09,0.1978267141778598,672241
44183603616,2025-06-16,0.19782759819600107,672241
44255064283,2025-03-10,0.015268691418178484,672241
44255064283,2025-03-17,0.015301342112969171,672241
44255064283,2025-03-24,0.015329331125476056,672241
44255064283,2025-03-31,0.015353124947193519,672241
44255064283,2025-04-07,0.015373124507545823,672241
44255064283,2025-04-14,0.0153906599189365,672241
44255064283,2025-04-21,0.015406002273084179,672241
44255064283,2025-04-28,0.015419407401174933,672241
44255064283,2025-05-05,0.015432086837523059,672241
44255064283,2025-05-12,0.015444264428807928,672241
44255064283,2025-05-19,0.015456154183755755,672241
44255064283,2025-05-26,0.015465988760245313,672241
44255064283,2025-06-02,0.01547595223262645,672241
44255064283,2025-06-09,0.015484249394909859,672241
44255064283,2025-06-16,0.015491026088812476,672241
44255064557,2025-03-10,0.06032611284060219,672241
44255064557,2025-03-17,0.06040941429042965,672241
44255064557,2025-03-24,0.06049794649137459,672241
44255064557,2025-03-31,0.060590418974045115,672241
44255064557,2025-04-07,0.060685774243054505,672241
44255064557,2025-04-14,0.06078292782670067,672241
44255064557,2025-04-21,0.06088092815824771,672241
44255064557,2025-04-28,0.06097882075771634,672241
44255064557,2025-05-05,0.06107570714238209,672241
44255064557,2025-05-12,0.06117082036478671,672241
44255064557,2025-05-19,0.06126342367880652,672241
44255064557,2025-05-26,0.06133765287474839,672241
44255064557,2025-06-02,0.06141874056070477,672241
44255064557,2025-06-09,0.06149094167839498,672241
44255064557,2025-06-16,0.061553713572175914,672241
44255064844,2025-03-10,0.016073125513237384,672241
44255064844,2025-03-17,0.016043737821533788,672241
44255064844,2025-03-24,0.016014331753309477,672241
44255064844,2025-03-31,0.015984911619253382,672241
44255064844,2025-04-07,0.015955471958119992,672241
44255064844,2025-04-14,0.015926011948744663,672241
44255064844,2025-04-21,0.015896533588309003,672241
44255064844,2025-04-28,0.01586703439958456,672241
44255064844,2025-05-05,0.015837512254652727,672241
44255064844,2025-05-12,0.015807966178537018,672241
44255064844,2025-05-19,0.015788752883852612,672241
44255064844,2025-05-26,0.01574884494950985,672241
44255064844,2025-06-02,0.01571927115015081,672241
44255064844,2025-06-09,0.01568966552755337,672241
44255064844,2025-06-16,0.015660028262030275,672241
44255065129,2025-03-10,0.030925196456135836,672241
44255065129,2025-03-17,0.030925259075926734,672241
44255065129,2025-03-24,0.03092531097854688,672241
44255065129,2025-03-31,0.030925350017180376,672241
44255065129,2025-04-07,0.03092538267090854,672241
44255065129,2025-04-14,0.03092539555914291,672241
44255065129,2025-04-21,0.030925412262398585,672241
44255065129,2025-04-28,0.03092541684825982,672241
44255065129,2025-05-05,0.030925418881241354,672241
44255065129,2025-05-12,0.03092541007891953,672241
44255065129,2025-05-19,0.030925391935166836,672241
44255065129,2025-05-26,0.03092536841248548,672241
44255065129,2025-06-02,0.03092535101259431,672241
44255065129,2025-06-09,0.030925307913858856,672241
44255065129,2025-06-16,0.03092528296837125,672241
44255065493,2025-03-10,0.00613489347411135,672241
44255065493,2025-03-17,0.0061239697717700575,672241
44255065493,2025-03-24,0.0061149787460094696,672241
44255065493,2025-03-31,0.0061060788380361275,672241
44255065493,2025-04-07,0.006096500192574766,672241
44255065493,2025-04-14,0.006085972094025172,672241
44255065493,2025-04-21,0.0060741861728451085,672241
44255065493,2025-04-28,0.006061344381208422,672241
44255065493,2025-05-05,0.0060483519250068285,672241
44255065493,2025-05-12,0.006038466014369567,672241
44255065493,2025-05-19,0.006040587204577577,672241
44255065493,2025-05-26,0.006006871412056983,672241
44255065493,2025-06-02,0.006020426694224673,672241
44255065493,2025-06-09,0.006032566031185432,672241
44255065493,2025-06-16,0.006050146696122569,672241
44255065774,2025-03-10,0.030162673709389784,672241
44255065774,2025-03-17,0.030190791006364133,672241
44255065774,2025-03-24,0.030218893526275426,672241
44255065774,2025-03-31,0.030246978468421393,672241
44255065774,2025-04-07,0.030275048950473244,672241
44255065774,2025-04-14,0.030303094564908036,672241
44255065774,2025-04-21,0.03033112887923565,672241
44255065774,2025-04-28,0.030359137493442562,672241
44255065774,2025-05-05,0.030387132931332512,672241
44255065774,2025-05-12,0.030415104141694252,672241
44255065774,2025-05-19,0.030443056164090553,672241
44255065774,2025-05-26,0.030470983433003446,672241
44255065774,2025-06-02,0.030498894882015383,672241
44255065774,2025-06-09,0.03052677639455696,672241
44255065774,2025-06-16,0.030554639087942724,672241
44400044666,2025-03-10,0.19154991562560786,672241
44400044666,2025-03-17,0.19141501022112084,672241
44400044666,2025-03-24,0.19132395641626093,672241
44400044666,2025-03-31,0.19129735806003317,672241
44400044666,2025-04-07,0.19130075755009662,672241
44400044666,2025-04-14,0.19130120367286224,672241
44400044666,2025-04-21,0.19130719301638272,672241
44400044666,2025-04-28,0.1913461093283405,672241
44400044666,2025-05-05,0.1914434930980458,672241
44400044666,2025-05-12,0.1915989418226976,672241
44400044666,2025-05-19,0.1917605907231404,672241
44400044666,2025-05-26,0.19193575391539885,672241
44400044666,2025-06-02,0.19206135168389743,672241
44400044666,2025-06-09,0.1921596306965645,672241
44400044666,2025-06-16,0.19220281218923657,672241
44400044979,2025-03-10,1.9498582825275388,672241
44400044979,2025-03-17,1.9499861950374244,672241
44400044979,2025-03-24,1.9501178627340707,672241
44400044979,2025-03-31,1.950224461030598,672241
44400044979,2025-04-07,1.950306346521855,672241
44400044979,2025-04-14,1.9503588659224627,672241
44400044979,2025-04-21,1.9503864032190312,672241
44400044979,2025-04-28,1.9503260429845901,672241
44400044979,2025-05-05,1.950038358170307,672241
44400044979,2025-05-12,1.9496082004107351,672241
44400044979,2025-05-19,1.9491666046897627,672241
44400044979,2025-05-26,1.9507243197600004,672241
44400044979,2025-06-02,1.9504834735949428,672241
44400044979,2025-06-09,1.9503020227390104,672241
44400044979,2025-06-16,1.9501330074632879,672241
44400045247,2025-03-10,0.00016686262500048565,672241
44400045247,2025-03-17,0.00033600187809629256,672241
44400045247,2025-03-24,0.000558720795284795,672241
44400045247,2025-03-31,0.0007862388464199288,672241
44400045247,2025-04-07,0.0009435235073975146,672241
44400045247,2025-04-14,0.001125290442792637,672241
44400045247,2025-04-21,0.001416951229839758,672241
44400045247,2025-04-28,0.0017613153345812371,672241
44400045247,2025-05-05,0.0019683467614742822,672241
44400045247,2025-05-12,0.0019384685694510684,672241
44400045247,2025-05-19,0.0018154776155349106,672241
44400045247,2025-05-26,0.0016719519552979567,672241
44400045247,2025-06-02,0.0015214574601916109,672241
44400045247,2025-06-09,0.0014512803962899445,672241
44400045247,2025-06-16,0.001395613250836758,672241
44400045545,2025-03-10,0.9948929864745469,672241
44400045545,2025-03-17,1.0338329448152006,672241
44400045545,2025-03-24,1.0717225399817467,672241
44400045545,2025-03-31,1.1085939768061024,672241
44400045545,2025-04-07,1.1444815574447513,672241
44400045545,2025-04-14,1.17942148853587,672241
44400045545,2025-04-21,1.2134517711281272,672241
44400045545,2025-04-28,1.246612522898195,672241
44400045545,2025-05-05,1.278945616834299,672241
44400045545,2025-05-12,1.3104947373567708,672241
44400045545,2025-05-19,1.341305856789395,672241
44400045545,2025-05-26,1.3714244521908627,672241
44400045545,2025-06-02,1.4009002362298595,672241
44400045545,2025-06-09,1.4297856020502817,672241
44400045545,2025-06-16,1.4581359114304306,672241
44550710390,2025-03-10,0.0,672241
44550710390,2025-03-17,0.0,672241
44550710390,2025-03-24,0.0,672241
44550710390,2025-03-31,0.0,672241
44550710390,2025-04-07,0.0,672241
44550710390,2025-04-14,0.0,672241
44550710390,2025-04-21,0.0,672241
44550710390,2025-04-28,0.0,672241
44550710390,2025-05-05,0.0,672241
44550710390,2025-05-12,0.0,672241
44550710390,2025-05-19,0.0,672241
44550710390,2025-05-26,0.0,672241
44550710390,2025-06-02,0.0,672241
44550710390,2025-06-09,0.0,672241
44550710390,2025-06-16,0.0,672241
44754799164,2025-03-10,1.135809698892578,672241
44754799164,2025-03-17,1.1731695067384182,672241
44754799164,2025-03-24,1.2102122878417279,672241
44754799164,2025-03-31,1.2469378835066325,672241
44754799164,2025-04-07,1.2833475359589779,672241
44754799164,2025-04-14,1.3194385804494753,672241
44754799164,2025-04-21,1.3552068222189422,672241
44754799164,2025-04-28,1.390652687870117,672241
44754799164,2025-05-05,1.425776409326862,672241
44754799164,2025-05-12,1.460577640982084,672241
44754799164,2025-05-19,1.4950567065882232,672241
44754799164,2025-05-26,1.529207032675771,672241
44754799164,2025-06-02,1.5630425171664855,672241
44754799164,2025-06-09,1.5965583002958965,672241
44754799164,2025-06-16,1.6297541248182088,672241
44754802163,2025-03-10,1.140976503210264,672241
44754802163,2025-03-17,1.2153158813612666,672241
44754802163,2025-03-24,1.2889405100993139,672241
44754802163,2025-03-31,1.3618506504935255,672241
44754802163,2025-04-07,1.4340469172940538,672241
44754802163,2025-04-14,1.5055350629386544,672241
44754802163,2025-04-21,1.5763108377341344,672241
44754802163,2025-04-28,1.6463699972976624,672241
44754802163,2025-05-05,1.7157182913514863,672241
44754802163,2025-05-12,1.7843561019445828,672241
44754802163,2025-05-19,1.8522837019562948,672241
44754802163,2025-05-26,1.91949084265608,672241
44754802163,2025-06-02,1.985997686592124,672241
44754802163,2025-06-09,2.0517938354556122,672241
44754802163,2025-06-16,2.1168791538179517,672241
44754804524,2025-03-10,0.030885533501657386,672241
44754804524,2025-03-17,0.030882588300241008,672241
44754804524,2025-03-24,0.030880299960153183,672241
44754804524,2025-03-31,0.030878613696723914,672241
44754804524,2025-04-07,0.030877462756383055,672241
44754804524,2025-04-14,0.030876815840757337,672241
44754804524,2025-04-21,0.030876613097444695,672241
44754804524,2025-04-28,0.030876823702648562,672241
44754804524,2025-05-05,0.0308773943340397,672241
44754804524,2025-05-12,0.03087830522482406,672241
44754804524,2025-05-19,0.03087951083189168,672241
44754804524,2025-05-26,0.03088099224964983,672241
44754804524,2025-06-02,0.030882703912479995,672241
44754804524,2025-06-09,0.030884640150922515,672241
44754804524,2025-06-16,0.030886751270143755,672241
44754809351,2025-03-10,2.6785601679562587,672241
44754809351,2025-03-17,2.782554202466322,672241
44754809351,2025-03-24,2.88482161460195,672241
44754809351,2025-03-31,2.985331123629513,672241
44754809351,2025-04-07,3.084055222227059,672241
44754809351,2025-04-14,3.1809698163706974,672241
44754809351,2025-04-21,3.2760547559671513,672241
44754809351,2025-04-28,3.3692939411053318,672241
44754809351,2025-05-05,3.460677409838398,672241
44754809351,2025-05-12,3.550202744164396,672241
44754809351,2025-05-19,3.637876168588034,672241
44754809351,2025-05-26,3.723709718041796,672241
44754809351,2025-06-02,3.8077341423398843,672241
44754809351,2025-06-09,3.8899966989002,672241
44754809351,2025-06-16,3.970565000339056,672241
44754812989,2025-03-10,3.997488592634797,672241
44754812989,2025-03-17,3.997641656608339,672241
44754812989,2025-03-24,3.9977586077800593,672241
44754812989,2025-03-31,3.9978143343338437,672241
44754812989,2025-04-07,3.9978080730406673,672241
44754812989,2025-04-14,3.9977644112920077,672241
44754812989,2025-04-21,3.997713423174515,672241
44754812989,2025-04-28,3.997657677188799,672241
44754812989,2025-05-05,3.997603178404284,672241
44754812989,2025-05-12,3.9975531533680595,672241
44754812989,2025-05-19,3.997504684822775,672241
44754812989,2025-05-26,3.9976153920033974,672241
44754812989,2025-06-02,3.9975960208949575,672241
44754812989,2025-06-09,3.9975919764275933,672241
44754812989,2025-06-16,3.9975960306786424,672241
44754818694,2025-03-10,0.12379091552723628,672241
44754818694,2025-03-17,0.12377513749350723,672241
44754818694,2025-03-24,0.12376008569317405,672241
44754818694,2025-03-31,0.12374400000997134,672241
44754818694,2025-04-07,0.12372837197456256,672241
44754818694,2025-04-14,0.1237146923284845,672241
44754818694,2025-04-21,0.12370117467811861,672241
44754818694,2025-04-28,0.12368790086945809,672241
44754818694,2025-05-05,0.12367489719062799,672241
44754818694,2025-05-12,0.12366021674962303,672241
44754818694,2025-05-19,0.12364552095910078,672241
44754818694,2025-05-26,0.12363978715900548,672241
44754818694,2025-06-02,0.1236278245738524,672241
44754818694,2025-06-09,0.12361705404029427,672241
44754818694,2025-06-16,0.12360754426627646,672241
44860382637,2025-03-10,0.0016369822895110422,672241
44860382637,2025-03-17,0.0016494032811461834,672241
44860382637,2025-03-24,0.0016285038916114755,672241
44860382637,2025-03-31,0.0015900959498740125,672241
44860382637,2025-04-07,0.0015498455586345633,672241
44860382637,2025-04-14,0.0015057233156608035,672241
44860382637,2025-04-21,0.0014472992070073548,672241
44860382637,2025-04-28,0.001373186440147972,672241
44860382637,2025-05-05,0.001291393481417491,672241
44860382637,2025-05-12,0.0012084116012984203,672241
44860382637,2025-05-19,0.0011326081636326701,672241
44860382637,2025-05-26,0.0010569985737116372,672241
44860382637,2025-06-02,0.0009898302155444405,672241
44860382637,2025-06-09,0.0009202473563726665,672241
44860382637,2025-06-16,0.0008501041198364645,672241
44860382932,2025-03-10,0.030034689950127095,672241
44860382932,2025-03-17,0.030020610110683976,672241
44860382932,2025-03-24,0.030012889574267274,672241
44860382932,2025-03-31,0.030011095969632758,672241
44860382932,2025-04-07,0.03001481797055956,672241
44860382932,2025-04-14,0.030023660216427803,672241
44860382932,2025-04-21,0.030037246671094704,672241
44860382932,2025-04-28,0.030055212095534904,672241
44860382932,2025-05-05,0.03007720769602071,672241
44860382932,2025-05-12,0.030102898424625255,672241
44860382932,2025-05-19,0.030131958020748775,672241
44860382932,2025-05-26,0.030164075944615974,672241
44860382932,2025-06-02,0.030198944878890674,672241
44860382932,2025-06-09,0.030236273260588007,672241
44860382932,2025-06-16,0.030275771492447152,672241
44860383567,2025-03-10,0.07730989778028723,672241
44860383567,2025-03-17,0.07730548997215347,672241
44860383567,2025-03-24,0.07730824252571333,672241
44860383567,2025-03-31,0.07731088050392822,672241
44860383567,2025-04-07,0.07730612217685635,672241
44860383567,2025-04-14,0.07730872680831669,672241
44860383567,2025-04-21,0.07731145182849326,672241
44860383567,2025-04-28,0.07731441073320941,672241
44860383567,2025-05-05,0.07731769890193846,672241
44860383567,2025-05-12,0.07731407160305051,672241
44860383567,2025-05-19,0.07731088172231163,672241
44860383567,2025-05-26,0.0772638204187642,672241
44860383567,2025-06-02,0.07726075908882978,672241
44860383567,2025-06-09,0.07725738087433699,672241
44860383567,2025-06-16,0.07725367342102996,672241
44860384161,2025-03-10,0.43540574329147463,672241
44860384161,2025-03-17,0.4711837181874897,672241
44860384161,2025-03-24,0.5065912757470922,672241
44860384161,2025-03-31,0.5416268523169088,672241
44860384161,2025-04-07,0.5762894292764105,672241
44860384161,2025-04-14,0.6105783786228127,672241
44860384161,2025-04-21,0.6444933529885695,672241
44860384161,2025-04-28,0.6780341981745153,672241
44860384161,2025-05-05,0.71120089408186,672241
44860384161,2025-05-12,0.7439934835270476,672241
44860384161,2025-05-19,0.7764120689629199,672241
44860384161,2025-05-26,0.8084567431450507,672241
44860384161,2025-06-02,0.8401276258116829,672241
44860384161,2025-06-09,0.8714248025781701,672241
44860384161,2025-06-16,0.902348357091315,672241
44860384494,2025-03-10,2.8872930725655177,672241
44860384494,2025-03-17,2.8873547164889017,672241
44860384494,2025-03-24,2.887537163577289,672241
44860384494,2025-03-31,2.8876285496539396,672241
44860384494,2025-04-07,2.887657363563334,672241
44860384494,2025-04-14,2.8876911625317803,672241
44860384494,2025-04-21,2.887741205491761,672241
44860384494,2025-04-28,2.88778236587624,672241
44860384494,2025-05-05,2.887782599724995,672241
44860384494,2025-05-12,2.88774304829488,672241
44860384494,2025-05-19,2.887739859139894,672241
44860384494,2025-05-26,2.8877343569590326,672241
44860384494,2025-06-02,2.8877510734942082,672241
44860384494,2025-06-09,2.8877328819143724,672241
44860384494,2025-06-16,2.8877341773583196,672241
44860384733,2025-03-10,0.22503888088604232,672241
44860384733,2025-03-17,0.22504572645544493,672241
44860384733,2025-03-24,0.2250532986912802,672241
44860384733,2025-03-31,0.2250618902024778,672241
44860384733,2025-04-07,0.22506859309720115,672241
44860384733,2025-04-14,0.22507277520651095,672241
44860384733,2025-04-21,0.22507918609847982,672241
44860384733,2025-04-28,0.22508702120656632,672241
44860384733,2025-05-05,0.22509000204169227,672241
44860384733,2025-05-12,0.22508727607391518,672241
44860384733,2025-05-19,0.22508353290432312,672241
44860384733,2025-05-26,0.22510284376845352,672241
44860384733,2025-06-02,0.22509824256788152,672241
44860384733,2025-06-09,0.2250944860245069,672241
44860384733,2025-06-16,0.22509145041142267,672241
44860385094,2025-03-10,0.24271987731256814,672241
44860385094,2025-03-17,0.25035586890656625,672241
44860385094,2025-03-24,0.257909628104387,672241
44860385094,2025-03-31,0.2653866529254088,672241
44860385094,2025-04-07,0.27278270476212246,672241
44860385094,2025-04-14,0.28009352993599235,672241
44860385094,2025-04-21,0.287324529030521,672241
44860385094,2025-04-28,0.29447546266859254,672241
44860385094,2025-05-05,0.30155188476728145,672241
44860385094,2025-05-12,0.30854973440871225,672241
44860385094,2025-05-19,0.3154651632476285,672241
44860385094,2025-05-26,0.32228140931375343,672241
44860385094,2025-06-02,0.3290375617010143,672241
44860385094,2025-06-09,0.33571132596609626,672241
44860385094,2025-06-16,0.34230305293296204,672241
44860385362,2025-03-10,0.23539395578232228,672241
44860385362,2025-03-17,0.247329707777981,672241
44860385362,2025-03-24,0.25915650017164793,672241
44860385362,2025-03-31,0.2708744289423994,672241
44860385362,2025-04-07,0.28248358264312357,672241
44860385362,2025-04-14,0.29398396478922106,672241
44860385362,2025-04-21,0.30537566277154576,672241
44860385362,2025-04-28,0.31665873013455487,672241
44860385362,2025-05-05,0.3278331410257075,672241
44860385362,2025-05-12,0.33889895787773744,672241
44860385362,2025-05-19,0.3498561750396908,672241
44860385362,2025-05-26,0.3607048271190169,672241
44860385362,2025-06-02,0.371444918560193,672241
44860385362,2025-06-09,0.38207641876215925,672241
44860385362,2025-06-16,0.39259938442441594,672241
44860385651,2025-03-10,0.015484315864751302,672241
44860385651,2025-03-17,0.015479218978837965,672241
44860385651,2025-03-24,0.015474442788391368,672241
44860385651,2025-03-31,0.01546926182149755,672241
44860385651,2025-04-07,0.01546450092219653,672241
44860385651,2025-04-14,0.015460978361241851,672241
44860385651,2025-04-21,0.015457984148759058,672241
44860385651,2025-04-28,0.015455486766893298,672241
44860385651,2025-05-05,0.015453461398894527,672241
44860385651,2025-05-12,0.015451884100856,672241
44860385651,2025-05-19,0.015450729720389855,672241
44860385651,2025-05-26,0.01545134831451248,672241
44860385651,2025-06-02,0.01545064486705236,672241
44860385651,2025-06-09,0.015449961602435572,672241
44860385651,2025-06-16,0.015449287336481989,672241
44860385918,2025-03-10,0.1483429814431719,672241
44860385918,2025-03-17,0.15511664840570175,672241
44860385918,2025-03-24,0.16182998901958182,672241
44860385918,2025-03-31,0.16848310991373813,672241
44860385918,2025-04-07,0.17507609360840845,672241
44860385918,2025-04-14,0.18160903836273953,672241
44860385918,2025-04-21,0.18808202885835715,672241
44860385918,2025-04-28,0.1944951439161777,672241
44860385918,2025-05-05,0.20084845977896273,672241
44860385918,2025-05-12,0.20714204318467958,672241
44860385918,2025-05-19,0.21337594948719085,672241
44860385918,2025-05-26,0.21955023573044383,672241
44860385918,2025-06-02,0.22566493507398067,672241
44860385918,2025-06-09,0.23172009431542154,672241
44860385918,2025-06-16,0.23771574162206036,672241
44942965112,2025-03-10,0.821764194929709,672241
44942965112,2025-03-17,0.8484795691155467,672241
44942965112,2025-03-24,0.8749033957292034,672241
44942965112,2025-03-31,0.9010180169728661,672241
44942965112,2025-04-07,0.9268427335000302,672241
44942965112,2025-04-14,0.9523752966199746,672241
44942965112,2025-04-21,0.9776547958334889,672241
44942965112,2025-04-28,1.0026672888361852,672241
44942965112,2025-05-05,1.0273822305622213,672241
44942965112,2025-05-12,1.0518072869273591,672241
44942965112,2025-05-19,1.0760080843931534,672241
44942965112,2025-05-26,1.0996294073648802,672241
44942965112,2025-06-02,1.1232127713239914,672241
44942965112,2025-06-09,1.146494193728889,672241
44942965112,2025-06-16,1.169475644722724,672241
45132580164,2025-03-10,0.28519813783625325,672241
45132580164,2025-03-17,0.2852148623102886,672241
45132580164,2025-03-24,0.2852274723198531,672241
45132580164,2025-03-31,0.2852007906305437,672241
45132580164,2025-04-07,0.2851681272876063,672241
45132580164,2025-04-14,0.28516239208314287,672241
45132580164,2025-04-21,0.2851480850103973,672241
45132580164,2025-04-28,0.28511332886744456,672241
45132580164,2025-05-05,0.2850568805633255,672241
45132580164,2025-05-12,0.2849884150416795,672241
45132580164,2025-05-19,0.2848686594355736,672241
45132580164,2025-05-26,0.28498318558438973,672241
45132580164,2025-06-02,0.28490598754409846,672241
45132580164,2025-06-09,0.2848330603288245,672241
45132580164,2025-06-16,0.2847659246069605,672241
45132656942,2025-03-10,1.970398307948978,672241
45132656942,2025-03-17,1.970414670958883,672241
45132656942,2025-03-24,1.9704632634945514,672241
45132656942,2025-03-31,1.970529153599232,672241
45132656942,2025-04-07,1.9705984854800218,672241
45132656942,2025-04-14,1.970664045943637,672241
45132656942,2025-04-21,1.9707106437280542,672241
45132656942,2025-04-28,1.9707300481322088,672241
45132656942,2025-05-05,1.9707278764670426,672241
45132656942,2025-05-12,1.9707051451688207,672241
45132656942,2025-05-19,1.9706697009135128,672241
45132656942,2025-05-26,1.9705984999356125,672241
45132656942,2025-06-02,1.9705375914806653,672241
45132656942,2025-06-09,1.9704697705506653,672241
45132656942,2025-06-16,1.970405267330021,672241
45290923710,2025-03-10,0.6525071604252219,672241
45290923710,2025-03-17,0.6684279249094469,672241
45290923710,2025-03-24,0.6841914972290564,672241
45290923710,2025-03-31,0.6998134145171898,672241
45290923710,2025-04-07,0.7153103719196607,672241
45290923710,2025-04-14,0.7307001981646131,672241
45290923710,2025-04-21,0.7460018332499684,672241
45290923710,2025-04-28,0.7612354862385685,672241
45290923710,2025-05-05,0.7764226512452337,672241
45290923710,2025-05-12,0.7915860732247367,672241
45290923710,2025-05-19,0.8067497534974518,672241
45290923710,2025-05-26,0.8219394397685676,672241
45290923710,2025-06-02,0.8371817267969103,672241
45290923710,2025-06-09,0.8525044856745163,672241
45290923710,2025-06-16,0.8679368556025613,672241
45386498618,2025-03-10,0.07639760277782903,672241
45386498618,2025-03-17,0.07616748759228273,672241
45386498618,2025-03-24,0.07603712631346464,672241
45386498618,2025-03-31,0.07597901387710725,672241
45386498618,2025-04-07,0.07597212718611451,672241
45386498618,2025-04-14,0.07600247380976614,672241
45386498618,2025-04-21,0.07605770507108094,672241
45386498618,2025-04-28,0.07613120236666177,672241
45386498618,2025-05-05,0.07621801513922265,672241
45386498618,2025-05-12,0.07628660046629053,672241
45386498618,2025-05-19,0.0763562900905942,672241
45386498618,2025-05-26,0.07650531555755463,672241
45386498618,2025-06-02,0.07660015101053849,672241
45386498618,2025-06-09,0.07669500920156455,672241
45386498618,2025-06-16,0.07678719822118699,672241
45386576968,2025-03-10,0.06100275875357908,672241
45386576968,2025-03-17,0.06108578017076348,672241
45386576968,2025-03-24,0.061163304516340805,672241
45386576968,2025-03-31,0.06123572977704604,672241
45386576968,2025-04-07,0.06130338903649577,672241
45386576968,2025-04-14,0.061366621586656435,672241
45386576968,2025-04-21,0.06142577939055524,672241
45386576968,2025-04-28,0.06148115523929305,672241
45386576968,2025-05-05,0.06153302922772669,672241
45386576968,2025-05-12,0.061874676560793825,672241
45386576968,2025-05-19,0.0622148491175262,672241
45386576968,2025-05-26,0.061676329952636,672241
45386576968,2025-06-02,0.061721295937243736,672241
45386576968,2025-06-09,0.06176402746620846,672241
45386576968,2025-06-16,0.061804730997142454,672241
45386581155,2025-03-10,0.015495689472198308,672241
45386581155,2025-03-17,0.015494232486781775,672241
45386581155,2025-03-24,0.015492775279699264,672241
45386581155,2025-03-31,0.015491318665666554,672241
45386581155,2025-04-07,0.015489863406324095,672241
45386581155,2025-04-14,0.015488405492529295,672241
45386581155,2025-04-21,0.015486948716131993,672241
45386581155,2025-04-28,0.015485490711830328,672241
45386581155,2025-05-05,0.015484034252722892,672241
45386581155,2025-05-12,0.015483896573057045,672241
45386581155,2025-05-19,0.015483761297354737,672241
45386581155,2025-05-26,0.015479660679064007,672241
45386581155,2025-06-02,0.01547820365858957,672241
45386581155,2025-06-09,0.015476746016262513,672241
45386581155,2025-06-16,0.015475288377609326,672241
45386584131,2025-03-10,0.06186643133584268,672241
45386584131,2025-03-17,0.061862753474068666,672241
45386584131,2025-03-24,0.06185941019591937,672241
45386584131,2025-03-31,0.061856508410965565,672241
45386584131,2025-04-07,0.06185381428964457,672241
45386584131,2025-04-14,0.06185151531583625,672241
45386584131,2025-04-21,0.06184946562719373,672241
45386584131,2025-04-28,0.061847813861220347,672241
45386584131,2025-05-05,0.06184640451296304,672241
45386584131,2025-05-12,0.06184528531893255,672241
45386584131,2025-05-19,0.06184440991030875,672241
45386584131,2025-05-26,0.06184382641705352,672241
45386584131,2025-06-02,0.061843476969775046,672241
45386584131,2025-06-09,0.061843394815626875,672241
45386584131,2025-06-16,0.0618434374948103,672241
45386591373,2025-03-10,0.0,672241
45386591373,2025-03-17,0.0,672241
45386591373,2025-03-24,0.0,672241
45386591373,2025-03-31,0.0,672241
45386591373,2025-04-07,0.0,672241
45386591373,2025-04-14,0.0,672241
45386591373,2025-04-21,0.0,672241
45386591373,2025-04-28,0.0,672241
45386591373,2025-05-05,0.0,672241
45386591373,2025-05-12,0.0,672241
45386591373,2025-05-19,0.0,672241
45386591373,2025-05-26,0.0,672241
45386591373,2025-06-02,0.0,672241
45386591373,2025-06-09,0.0,672241
45386591373,2025-06-16,0.0,672241
45386601898,2025-03-10,0.0,672241
45386601898,2025-03-17,0.0,672241
45386601898,2025-03-24,0.0,672241
45386601898,2025-03-31,0.0,672241
45386601898,2025-04-07,0.0,672241
45386601898,2025-04-14,0.0,672241
45386601898,2025-04-21,0.0,672241
45386601898,2025-04-28,0.0,672241
45386601898,2025-05-05,0.0,672241
45386601898,2025-05-12,0.0,672241
45386601898,2025-05-19,0.0,672241
45386601898,2025-05-26,0.0,672241
45386601898,2025-06-02,0.0,672241
45386601898,2025-06-09,0.0,672241
45386601898,2025-06-16,0.0,672241
45386603948,2025-03-10,0.0,672241
45386603948,2025-03-17,0.0,672241
45386603948,2025-03-24,0.0,672241
45386603948,2025-03-31,0.0,672241
45386603948,2025-04-07,0.0,672241
45386603948,2025-04-14,0.0,672241
45386603948,2025-04-21,0.0,672241
45386603948,2025-04-28,0.0,672241
45386603948,2025-05-05,0.0,672241
45386603948,2025-05-12,0.0,672241
45386603948,2025-05-19,0.0,672241
45386603948,2025-05-26,0.0,672241
45386603948,2025-06-02,0.0,672241
45386603948,2025-06-09,0.0,672241
45386603948,2025-06-16,0.0,672241
45431124522,2025-03-10,0.5505742338268964,672241
45431124522,2025-03-17,0.5504496605050181,672241
45431124522,2025-03-24,0.5503456758480126,672241
45431124522,2025-03-31,0.5502636992537286,672241
45431124522,2025-04-07,0.5502037769559682,672241
45431124522,2025-04-14,0.5501651554517689,672241
45431124522,2025-04-21,0.550146283771985,672241
45431124522,2025-04-28,0.5501449576228414,672241
45431124522,2025-05-05,0.5501585194791515,672241
45431124522,2025-05-12,0.5501839428781288,672241
45431124522,2025-05-19,0.550217874980211,672241
45431124522,2025-05-26,0.550257025203474,672241
45431124522,2025-06-02,0.5502980857651796,672241
45431124522,2025-06-09,0.5503377916278023,672241
45431124522,2025-06-16,0.5503732096257584,672241
45459383935,2025-03-10,0.030512216214599902,672241
45459383935,2025-03-17,0.030506815162868746,672241
45459383935,2025-03-24,0.030504998238964475,672241
45459383935,2025-03-31,0.030506477967703335,672241
45459383935,2025-04-07,0.03051098184407606,672241
45459383935,2025-04-14,0.030518264079257663,672241
45459383935,2025-04-21,0.03052808990220575,672241
45459383935,2025-04-28,0.03054024492241647,672241
45459383935,2025-05-05,0.03055452289243015,672241
45459383935,2025-05-12,0.030570735831801397,672241
45459383935,2025-05-19,0.030588701730370673,672241
45459383935,2025-05-26,0.0306082564705569,672241
45459383935,2025-06-02,0.03062923458996974,672241
45459383935,2025-06-09,0.03065149003858683,672241
45459383935,2025-06-16,0.030674874069005036,672241
45995668920,2025-03-10,7.844429805753395e-06,672241
45995668920,2025-03-17,0.0001288633766542424,672241
45995668920,2025-03-24,0.00029302121988677987,672241
45995668920,2025-03-31,0.0005356841432715975,672241
45995668920,2025-04-07,0.0007516707349872753,672241
45995668920,2025-04-14,0.0010069622695577096,672241
45995668920,2025-04-21,0.0014880404567427785,672241
45995668920,2025-04-28,0.0019999987396012164,672241
45995668920,2025-05-05,0.002496726189097076,672241
45995668920,2025-05-12,0.002989342459705502,672241
45995668920,2025-05-19,0.0035233953419775976,672241
45995668920,2025-05-26,0.00412216463578452,672241
45995668920,2025-06-02,0.00455109167282286,672241
45995668920,2025-06-09,0.004820640575320112,672241
45995668920,2025-06-16,0.005058796560646339,672241
46142524974,2025-03-10,0.0,672241
46142524974,2025-03-17,0.0,672241
46142524974,2025-03-24,0.0,672241
46142524974,2025-03-31,0.0,672241
46142524974,2025-04-07,0.0,672241
46142524974,2025-04-14,0.0,672241
46142524974,2025-04-21,0.0,672241
46142524974,2025-04-28,0.0,672241
46142524974,2025-05-05,0.0,672241
46142524974,2025-05-12,0.0,672241
46142524974,2025-05-19,0.0,672241
46142524974,2025-05-26,0.0,672241
46142524974,2025-06-02,0.0,672241
46142524974,2025-06-09,0.0,672241
46142524974,2025-06-16,0.0,672241
46303774477,2025-03-10,0.06185413579391638,672241
46303774477,2025-03-17,0.06185506236310226,672241
46303774477,2025-03-24,0.06185602644115127,672241
46303774477,2025-03-31,0.06185702861307798,672241
46303774477,2025-04-07,0.061858068762685,672241
46303774477,2025-04-14,0.061859159267080625,672241
46303774477,2025-04-21,0.06186030070199044,672241
46303774477,2025-04-28,0.06186149154612031,672241
46303774477,2025-05-05,0.06186273362290332,672241
46303774477,2025-05-12,0.061864034554739114,672241
46303774477,2025-05-19,0.061865403046188865,672241
46303774477,2025-05-26,0.061866831317656,672241
46303774477,2025-06-02,0.06186833121339196,672241
46303774477,2025-06-09,0.061869882219429795,672241
46303774477,2025-06-16,0.061871525398374635,672241
46303862950,2025-03-10,1.4564866794905815,672241
46303862950,2025-03-17,1.4565012409329736,672241
46303862950,2025-03-24,1.456511445927598,672241
46303862950,2025-03-31,1.4565281289997134,672241
46303862950,2025-04-07,1.4565520084999257,672241
46303862950,2025-04-14,1.4565755076837783,672241
46303862950,2025-04-21,1.456591501233508,672241
46303862950,2025-04-28,1.456597550362046,672241
46303862950,2025-05-05,1.456597115795721,672241
46303862950,2025-05-12,1.4565957761589579,672241
46303862950,2025-05-19,1.4565985114305295,672241
46303862950,2025-05-26,1.4566071164941092,672241
46303862950,2025-06-02,1.4566207656929817,672241
46303862950,2025-06-09,1.456636494823445,672241
46303862950,2025-06-16,1.4566518901597738,672241
46303877432,2025-03-10,4.674655471823692,672241
46303877432,2025-03-17,5.063917136600903,672241
46303877432,2025-03-24,5.449508757193158,672241
46303877432,2025-03-31,5.831351996053147,672241
46303877432,2025-04-07,6.20939245485911,672241
46303877432,2025-04-14,6.583588476648608,672241
46303877432,2025-04-21,6.953920226317162,672241
46303877432,2025-04-28,7.320371231408583,672241
46303877432,2025-05-05,7.682936944860507,672241
46303877432,2025-05-12,8.041614718800366,672241
46303877432,2025-05-19,8.396406721731806,672241
46303877432,2025-05-26,8.747318908077524,672241
46303877432,2025-06-02,9.094353211513349,672241
46303877432,2025-06-09,9.43751755341891,672241
46303877432,2025-06-16,9.776812343383302,672241
46303948414,2025-03-10,0.3596441958245498,672241
46303948414,2025-03-17,0.35967352428449345,672241
46303948414,2025-03-24,0.35968967164202487,672241
46303948414,2025-03-31,0.3596897889685419,672241
46303948414,2025-04-07,0.35967885987695086,672241
46303948414,2025-04-14,0.3596623128193203,672241
46303948414,2025-04-21,0.35964473316993806,672241
46303948414,2025-04-28,0.3596287865549706,672241
46303948414,2025-05-05,0.3596145273425885,672241
46303948414,2025-05-12,0.35960176081182404,672241
46303948414,2025-05-19,0.3595895707834618,672241
46303948414,2025-05-26,0.35957726529938483,672241
46303948414,2025-06-02,0.3595647086706512,672241
46303948414,2025-06-09,0.3595526889783407,672241
46303948414,2025-06-16,0.35954255062812723,672241
46308044959,2025-03-10,2.2584221021845763e-05,672241
46308044959,2025-03-17,8.723038504689085e-05,672241
46308044959,2025-03-24,0.00014780884255939652,672241
46308044959,2025-03-31,0.00016354409815153015,672241
46308044959,2025-04-07,0.00019559548561319529,672241
46308044959,2025-04-14,0.0002762103220575879,672241
46308044959,2025-04-21,0.00043531150076957237,672241
46308044959,2025-04-28,0.0005686250361836703,672241
46308044959,2025-05-05,0.0006406099052234104,672241
46308044959,2025-05-12,0.0007574165181663678,672241
46308044959,2025-05-19,0.0009615399613548403,672241
46308044959,2025-05-26,0.0011826364781089976,672241
46308044959,2025-06-02,0.0013954789149824148,672241
46308044959,2025-06-09,0.0016612730537364923,672241
46308044959,2025-06-16,0.001981720496454023,672241
46310250952,2025-03-10,-5.01149122370953e-05,672241
46310250952,2025-03-17,-6.342053861789487e-05,672241
46310250952,2025-03-24,-6.437911794066054e-05,672241
46310250952,2025-03-31,-6.555089628278166e-05,672241
46310250952,2025-04-07,-5.084944112980494e-05,672241
46310250952,2025-04-14,-1.3302616091670494e-05,672241
46310250952,2025-04-21,3.095066006598979e-05,672241
46310250952,2025-04-28,8.052318214357701e-05,672241
46310250952,2025-05-05,0.00015589091957809997,672241
46310250952,2025-05-12,0.0002553728518683296,672241
46310250952,2025-05-19,0.0003392991384245092,672241
46310250952,2025-05-26,0.00039038897117966986,672241
46310250952,2025-06-02,0.00046238281459107244,672241
46310250952,2025-06-09,0.0006198397024991115,672241
46310250952,2025-06-16,0.000847494798023124,672241
46310280482,2025-03-10,-0.00015533085033199445,672241
46310280482,2025-03-17,-0.00025954445490740385,672241
46310280482,2025-03-24,-0.00029688136318839486,672241
46310280482,2025-03-31,-0.0003885912974222472,672241
46310280482,2025-04-07,-0.0004582556080530986,672241
46310280482,2025-04-14,-0.0004064705655177636,672241
46310280482,2025-04-21,-0.00029101658889207904,672241
46310280482,2025-04-28,-0.00019606991320525458,672241
46310280482,2025-05-05,-0.00012051659441411622,672241
46310280482,2025-05-12,-3.4400207189783094e-05,672241
46310280482,2025-05-19,9.72905419538983e-05,672241
46310280482,2025-05-26,0.00026893820060164275,672241
46310280482,2025-06-02,0.000409542558246101,672241
46310280482,2025-06-09,0.0005059759677855102,672241
46310280482,2025-06-16,0.0006353009307231705,672241
46310291987,2025-03-10,-9.088203622700797e-05,672241
46310291987,2025-03-17,-0.00013040965052653342,672241
46310291987,2025-03-24,-0.0001600676466651657,672241
46310291987,2025-03-31,-0.0001664923513658989,672241
46310291987,2025-04-07,-0.0002768765541613649,672241
46310291987,2025-04-14,-0.0003736687411196038,672241
46310291987,2025-04-21,-0.00038107840955042827,672241
46310291987,2025-04-28,-0.00041465696813938746,672241
46310291987,2025-05-05,-0.0004952906464861517,672241
46310291987,2025-05-12,-0.0005113481419961319,672241
46310291987,2025-05-19,-0.00040863587966755155,672241
46310291987,2025-05-26,-0.00023851414632594659,672241
46310291987,2025-06-02,-5.347131246943859e-05,672241
46310291987,2025-06-09,0.00013506939698096354,672241
46310291987,2025-06-16,0.00031738001011025196,672241
46310334441,2025-03-10,2.0775234936497515,672241
46310334441,2025-03-17,2.16487479843945,672241
46310334441,2025-03-24,2.2513721494832155,672241
46310334441,2025-03-31,2.3370153586653877,672241
46310334441,2025-04-07,2.421804511581794,672241
46310334441,2025-04-14,2.5057394404556965,672241
46310334441,2025-04-21,2.5888199143831376,672241
46310334441,2025-04-28,2.671045950264862,672241
46310334441,2025-05-05,2.752417351729198,672241
46310334441,2025-05-12,2.83293414658533,672241
46310334441,2025-05-19,2.9125959753389887,672241
46310334441,2025-05-26,2.991402599121582,672241
46310334441,2025-06-02,3.0693541283135817,672241
46310334441,2025-06-09,3.146449974916818,672241
46310334441,2025-06-16,3.222690163196226,672241
46365131910,2025-03-10,3.6002303624084315,672241
46365131910,2025-03-17,3.859101185814839,672241
46365131910,2025-03-24,4.1153043830073255,672241
46365131910,2025-03-31,4.3688365133712805,672241
46365131910,2025-04-07,4.61969637652709,672241
46365131910,2025-04-14,4.867886529499981,672241
46365131910,2025-04-21,5.113409058391959,672241
46365131910,2025-04-28,5.356266515360517,672241
46365131910,2025-05-05,5.596460715648195,672241
46365131910,2025-05-12,5.8339934856932985,672241
46365131910,2025-05-19,6.068865760059663,672241
46365131910,2025-05-26,6.301077589418408,672241
46365131910,2025-06-02,6.5306289406796125,672241
46365131910,2025-06-09,6.757519251240204,672241
46365131910,2025-06-16,6.981748258443401,672241
46381587960,2025-03-10,0.5757079412750817,672241
46381587960,2025-03-17,0.6171298081453688,672241
46381587960,2025-03-24,0.6581517294663602,672241
46381587960,2025-03-31,0.6987719787835533,672241
46381587960,2025-04-07,0.7389893720895153,672241
46381587960,2025-04-14,0.7788031032130918,672241
46381587960,2025-04-21,0.8182126621532984,672241
46381587960,2025-04-28,0.8572177675204171,672241
46381587960,2025-05-05,0.895818305959532,672241
46381587960,2025-05-12,0.9340142348835188,672241
46381587960,2025-05-19,0.9718056188084347,672241
46381587960,2025-05-26,1.0091925563377335,672241
46381587960,2025-06-02,1.0461751544534204,672241
46381587960,2025-06-09,1.0827535244677502,672241
46381587960,2025-06-16,1.1189278049448597,672241
46381594945,2025-03-10,0.06158800199387591,672241
46381594945,2025-03-17,0.061605656982150175,672241
46381594945,2025-03-24,0.06162327310748966,672241
46381594945,2025-03-31,0.06164080091235049,672241
46381594945,2025-04-07,0.061658175903285525,672241
46381594945,2025-04-14,0.06167536727180902,672241
46381594945,2025-04-21,0.061692315565056506,672241
46381594945,2025-04-28,0.0617089733902301,672241
46381594945,2025-05-05,0.061725279619060096,672241
46381594945,2025-05-12,0.0617412023414405,672241
46381594945,2025-05-19,0.0617566639036801,672241
46381594945,2025-05-26,0.061771643883704284,672241
46381594945,2025-06-02,0.06178605979506118,672241
46381594945,2025-06-09,0.061799873252321835,672241
46381594945,2025-06-16,0.06181301700534063,672241
46381604933,2025-03-10,0.06175165938815721,672241
46381604933,2025-03-17,0.061767246453013035,672241
46381604933,2025-03-24,0.06178156469933419,672241
46381604933,2025-03-31,0.06179465098337284,672241
46381604933,2025-04-07,0.06180654836339162,672241
46381604933,2025-04-14,0.0618173049615383,672241
46381604933,2025-04-21,0.06182696475194905,672241
46381604933,2025-04-28,0.061835567335176825,672241
46381604933,2025-05-05,0.06184315478086315,672241
46381604933,2025-05-12,0.061849765602403364,672241
46381604933,2025-05-19,0.06185544463817151,672241
46381604933,2025-05-26,0.06186022418862663,672241
46381604933,2025-06-02,0.06186415026740502,672241
46381604933,2025-06-09,0.061867248474559725,672241
46381604933,2025-06-16,0.06186957227632232,672241
46381618435,2025-03-10,0.061472116208667625,672241
46381618435,2025-03-17,0.06149326752425568,672241
46381618435,2025-03-24,0.061512564561455985,672241
46381618435,2025-03-31,0.06153022955126163,672241
46381618435,2025-04-07,0.06154664102433173,672241
46381618435,2025-04-14,0.061561953018611636,672241
46381618435,2025-04-21,0.061576370064606915,672241
46381618435,2025-04-28,0.06159003765441823,672241
46381618435,2025-05-05,0.061603146389149,672241
46381618435,2025-05-12,0.06161580619290605,672241
46381618435,2025-05-19,0.061628062374536566,672241
46381618435,2025-05-26,0.06163999652973532,672241
46381618435,2025-06-02,0.061651668172979894,672241
46381618435,2025-06-09,0.06166317263290025,672241
46381618435,2025-06-16,0.0616744768816087,672241
46694935963,2025-03-10,0.12261034120928423,672241
46694935963,2025-03-17,0.1226739624576509,672241
46694935963,2025-03-24,0.12273758121275798,672241
46694935963,2025-03-31,0.12280117427755817,672241
46694935963,2025-04-07,0.12286467068009667,672241
46694935963,2025-04-14,0.1229280275236923,672241
46694935963,2025-04-21,0.1229911530813452,672241
46694935963,2025-04-28,0.12305406291534973,672241
46694935963,2025-05-05,0.12311662221188774,672241
46694935963,2025-05-12,0.1231788384142497,672241
46694935963,2025-05-19,0.12324057217260034,672241
46694935963,2025-05-26,0.12330180342284816,672241
46694935963,2025-06-02,0.12336237642970077,672241
46694935963,2025-06-09,0.12342230213725752,672241
46694935963,2025-06-16,0.12348137373660795,672241
46873197417,2025-03-10,0.09126966873434694,672241
46873197417,2025-03-17,0.09134788586665323,672241
46873197417,2025-03-24,0.09142161284841838,672241
46873197417,2025-03-31,0.09149096637495571,672241
46873197417,2025-04-07,0.09155609604886802,672241
46873197417,2025-04-14,0.09161718983541546,672241
46873197417,2025-04-21,0.09167441513143004,672241
46873197417,2025-04-28,0.09172798686954395,672241
46873197417,2025-05-05,0.09177811406401198,672241
46873197417,2025-05-12,0.09182502650344684,672241
46873197417,2025-05-19,0.09186896187599186,672241
46873197417,2025-05-26,0.09191017670353568,672241
46873197417,2025-06-02,0.0919488708290153,672241
46873197417,2025-06-09,0.09198535902917203,672241
46873197417,2025-06-16,0.09201984156001605,672241
46874506460,2025-03-10,0.39952617065494084,672241
46874506460,2025-03-17,0.4479618680931561,672241
46874506460,2025-03-24,0.4959736052682727,672241
46874506460,2025-03-31,0.5435619638466129,672241
46874506460,2025-04-07,0.5907270611992046,672241
46874506460,2025-04-14,0.6374687026182523,672241
46874506460,2025-04-21,0.6837864894594011,672241
46874506460,2025-04-28,0.7296800081327837,672241
46874506460,2025-05-05,0.7751488206440633,672241
46874506460,2025-05-12,0.8201925679287183,672241
46874506460,2025-05-19,0.8648110174307672,672241
46874506460,2025-05-26,0.9090040117448198,672241
46874506460,2025-06-02,0.9527714765124221,672241
46874506460,2025-06-09,0.9961134478160228,672241
46874506460,2025-06-16,1.0390299797564964,672241
46874597940,2025-03-10,0.706700514806349,672241
46874597940,2025-03-17,0.706690531016583,672241
46874597940,2025-03-24,0.7066753750289916,672241
46874597940,2025-03-31,0.7066590766312538,672241
46874597940,2025-04-07,0.7066462769513137,672241
46874597940,2025-04-14,0.7066396779555552,672241
46874597940,2025-04-21,0.7066388090613285,672241
46874597940,2025-04-28,0.7066415605010923,672241
46874597940,2025-05-05,0.7066457430126092,672241
46874597940,2025-05-12,0.7066493792262095,672241
46874597940,2025-05-19,0.7066518348824017,672241
46874597940,2025-05-26,0.7066529926075564,672241
46874597940,2025-06-02,0.7066534311520503,672241
46874597940,2025-06-09,0.7066540929774985,672241
46874597940,2025-06-16,0.7066554043300859,672241
47035595969,2025-03-10,1.0617560601990734,672241
47035595969,2025-03-17,1.1670964421250818,672241
47035595969,2025-03-24,1.2714244066449107,672241
47035595969,2025-03-31,1.3747410638358097,672241
47035595969,2025-04-07,1.4770472586543177,672241
47035595969,2025-04-14,1.5783435558958008,672241
47035595969,2025-04-21,1.6786302581085941,672241
47035595969,2025-04-28,1.7779074797112224,672241
47035595969,2025-05-05,1.8761752334199808,672241
47035595969,2025-05-12,1.9734334423884847,672241
47035595969,2025-05-19,2.0696819484545306,672241
47035595969,2025-05-26,2.1649206499608664,672241
47035595969,2025-06-02,2.2591494051751924,672241
47035595969,2025-06-09,2.3523681286348626,672241
47035595969,2025-06-16,2.444576753970099,672241
47035596434,2025-03-10,1.4376468384447003,672241
47035596434,2025-03-17,1.5688098922514446,672241
47035596434,2025-03-24,1.6986625073055488,672241
47035596434,2025-03-31,1.8272019520230507,672241
47035596434,2025-04-07,1.9544268677761756,672241
47035596434,2025-04-14,2.0803369875058473,672241
47035596434,2025-04-21,2.2049323674131744,672241
47035596434,2025-04-28,2.3282131905728742,672241
47035596434,2025-05-05,2.4501798084839934,672241
47035596434,2025-05-12,2.5708323772486104,672241
47035596434,2025-05-19,2.6901710495573337,672241
47035596434,2025-05-26,2.808195877018367,672241
47035596434,2025-06-02,2.924906815194074,672241
47035596434,2025-06-09,3.0403038618652727,672241
47035596434,2025-06-16,3.1543868956057155,672241
47035596938,2025-03-10,0.4002624830532488,672241
47035596938,2025-03-17,0.4192848499883434,672241
47035596938,2025-03-24,0.4381339852150865,672241
47035596938,2025-03-31,0.45680969627640283,672241
47035596938,2025-04-07,0.475312239782138,672241
47035596938,2025-04-14,0.4936415084478198,672241
47035596938,2025-04-21,0.511797585007504,672241
47035596938,2025-04-28,0.5297804893107055,672241
47035596938,2025-05-05,0.5475901876977345,672241
47035596938,2025-05-12,0.5652267676347049,672241
47035596938,2025-05-19,0.5826901768589587,672241
47035596938,2025-05-26,0.5999804624740724,672241
47035596938,2025-06-02,0.6170976694621719,672241
47035596938,2025-06-09,0.634041700108715,672241
47035596938,2025-06-16,0.6508126584277427,672241
47035597416,2025-03-10,2.876130375168451,672241
47035597416,2025-03-17,2.8760532275390798,672241
47035597416,2025-03-24,2.875963353606167,672241
47035597416,2025-03-31,2.875833929618764,672241
47035597416,2025-04-07,2.875711130917754,672241
47035597416,2025-04-14,2.8755865486765697,672241
47035597416,2025-04-21,2.8754590766557273,672241
47035597416,2025-04-28,2.8753861851231832,672241
47035597416,2025-05-05,2.8753553116215165,672241
47035597416,2025-05-12,2.8753170369137173,672241
47035597416,2025-05-19,2.875290527860896,672241
47035597416,2025-05-26,2.875321758122065,672241
47035597416,2025-06-02,2.8754125692943964,672241
47035597416,2025-06-09,2.8755296099098047,672241
47035597416,2025-06-16,2.8756389052804563,672241
47035597915,2025-03-10,0.10971562665417138,672241
47035597915,2025-03-17,0.10972256670989478,672241
47035597915,2025-03-24,0.10972783696125245,672241
47035597915,2025-03-31,0.10972612531405312,672241
47035597915,2025-04-07,0.10972130670318907,672241
47035597915,2025-04-14,0.10971362898604942,672241
47035597915,2025-04-21,0.10970504994681217,672241
47035597915,2025-04-28,0.10970045090784554,672241
47035597915,2025-05-05,0.10970291289746396,672241
47035597915,2025-05-12,0.10971012520231589,672241
47035597915,2025-05-19,0.10971593429354094,672241
47035597915,2025-05-26,0.10971480123014035,672241
47035597915,2025-06-02,0.1097053052394313,672241
47035597915,2025-06-09,0.10969023841558719,672241
47035597915,2025-06-16,0.10967454330916415,672241
47035598475,2025-03-10,2.720171420827589,672241
47035598475,2025-03-17,2.9489063485964584,672241
47035598475,2025-03-24,3.175331890052542,672241
47035598475,2025-03-31,3.3994481753053303,672241
47035598475,2025-04-07,3.621255926522423,672241
47035598475,2025-04-14,3.8407550419181145,672241
47035598475,2025-04-21,4.057945636138136,672241
47035598475,2025-04-28,4.272827305797468,672241
47035598475,2025-05-05,4.485400293101325,672241
47035598475,2025-05-12,4.695664539168755,672241
47035598475,2025-05-19,4.9036201990906685,672241
47035598475,2025-05-26,5.109267252129301,672241
47035598475,2025-06-02,5.3126059877243765,672241
47035598475,2025-06-09,5.513636359236875,672241
47035598475,2025-06-16,5.712358769142575,672241
47035598960,2025-03-10,1.486369761867603,672241
47035598960,2025-03-17,1.4861890472473454,672241
47035598960,2025-03-24,1.4861193890629125,672241
47035598960,2025-03-31,1.486138080342925,672241
47035598960,2025-04-07,1.4861928724807838,672241
47035598960,2025-04-14,1.4862415718993895,672241
47035598960,2025-04-21,1.4862641447266633,672241
47035598960,2025-04-28,1.4862605271412637,672241
47035598960,2025-05-05,1.4862418423082402,672241
47035598960,2025-05-12,1.486220747667447,672241
47035598960,2025-05-19,1.486208614261222,672241
47035598960,2025-05-26,1.4862092506126559,672241
47035598960,2025-06-02,1.4862227566440325,672241
47035598960,2025-06-09,1.4862450090879846,672241
47035598960,2025-06-16,1.4862685686621473,672241
47035599495,2025-03-10,6.000001226622968,672241
47035599495,2025-03-17,5.999991524996393,672241
47035599495,2025-03-24,5.999926068599076,672241
47035599495,2025-03-31,5.999864556262502,672241
47035599495,2025-04-07,5.9997803145729875,672241
47035599495,2025-04-14,5.999651012684159,672241
47035599495,2025-04-21,5.999541478848757,672241
47035599495,2025-04-28,5.999452402989573,672241
47035599495,2025-05-05,5.99935353924939,672241
47035599495,2025-05-12,5.999222610079775,672241
47035599495,2025-05-19,5.9990152286635645,672241
47035599495,2025-05-26,5.998773820420057,672241
47035599495,2025-06-02,5.9985686456553,672241
47035599495,2025-06-09,5.998419886510759,672241
47035599495,2025-06-16,5.998281727704037,672241
47035599949,2025-03-10,13.018925265198416,672241
47035599949,2025-03-17,14.015841696153652,672241
47035599949,2025-03-24,15.003526795646211,672241
47035599949,2025-03-31,15.981978353577997,672241
47035599949,2025-04-07,16.951194091011736,672241
47035599949,2025-04-14,17.911177069709403,672241
47035599949,2025-04-21,18.861930320808636,672241
47035599949,2025-04-28,19.80345858656353,672241
47035599949,2025-05-05,20.73576285770024,672241
47035599949,2025-05-12,21.65884688761947,672241
47035599949,2025-05-19,22.57271434889357,672241
47035599949,2025-05-26,23.47736625131377,672241
47035599949,2025-06-02,24.37280104356565,672241
47035599949,2025-06-09,25.259018966651702,672241
47035599949,2025-06-16,26.136018241688156,672241
47035600918,2025-03-10,1.3162196315318544,672241
47035600918,2025-03-17,1.3505501818382422,672241
47035600918,2025-03-24,1.384467980264219,672241
47035600918,2025-03-31,1.417974532454575,672241
47035600918,2025-04-07,1.4510703503231268,672241
47035600918,2025-04-14,1.483755486462332,672241
47035600918,2025-04-21,1.5160298922189728,672241
47035600918,2025-04-28,1.5478936046367693,672241
47035600918,2025-05-05,1.579346758934158,672241
47035600918,2025-05-12,1.6103896474254171,672241
47035600918,2025-05-19,1.6410227102012631,672241
47035600918,2025-05-26,1.6712462367566308,672241
47035600918,2025-06-02,1.7010605766522255,672241
47035600918,2025-06-09,1.7304659462146827,672241
47035600918,2025-06-16,1.7594623169439934,672241
47035601421,2025-03-10,4.321058629713165,672241
47035601421,2025-03-17,4.321035075929634,672241
47035601421,2025-03-24,4.321013581190237,672241
47035601421,2025-03-31,4.321024948946334,672241
47035601421,2025-04-07,4.32105406908086,672241
47035601421,2025-04-14,4.321095269602014,672241
47035601421,2025-04-21,4.321162858311059,672241
47035601421,2025-04-28,4.321259063589676,672241
47035601421,2025-05-05,4.321363223518167,672241
47035601421,2025-05-12,4.321448384610639,672241
47035601421,2025-05-19,4.321503046130448,672241
47035601421,2025-05-26,4.321536043629631,672241
47035601421,2025-06-02,4.321567824947329,672241
47035601421,2025-06-09,4.321610929572077,672241
47035601421,2025-06-16,4.3216671647274145,672241
47035601997,2025-03-10,0.1832198632993995,672241
47035601997,2025-03-17,0.18323920684160655,672241
47035601997,2025-03-24,0.18327769608862426,672241
47035601997,2025-03-31,0.18329763959017006,672241
47035601997,2025-04-07,0.18330692218465167,672241
47035601997,2025-04-14,0.18333005882480055,672241
47035601997,2025-04-21,0.1833489537615671,672241
47035601997,2025-04-28,0.18337515069159033,672241
47035601997,2025-05-05,0.18340976740095863,672241
47035601997,2025-05-12,0.18342030092248734,672241
47035601997,2025-05-19,0.18340490443227864,672241
47035601997,2025-05-26,0.18339228064353325,672241
47035601997,2025-06-02,0.18338778268797826,672241
47035601997,2025-06-09,0.18336873331259224,672241
47035601997,2025-06-16,0.18333283640524922,672241
47059508492,2025-03-10,0.0,672241
47059508492,2025-03-17,0.0,672241
47059508492,2025-03-24,0.0,672241
47059508492,2025-03-31,0.0,672241
47059508492,2025-04-07,0.0,672241
47059508492,2025-04-14,0.0,672241
47059508492,2025-04-21,0.0,672241
47059508492,2025-04-28,0.0,672241
47059508492,2025-05-05,0.0,672241
47059508492,2025-05-12,0.0,672241
47059508492,2025-05-19,0.0,672241
47059508492,2025-05-26,0.0,672241
47059508492,2025-06-02,0.0,672241
47059508492,2025-06-09,0.0,672241
47059508492,2025-06-16,0.0,672241
47278389944,2025-03-10,0.0,672241
47278389944,2025-03-17,0.0,672241
47278389944,2025-03-24,0.0,672241
47278389944,2025-03-31,0.0,672241
47278389944,2025-04-07,0.0,672241
47278389944,2025-04-14,0.0,672241
47278389944,2025-04-21,0.0,672241
47278389944,2025-04-28,0.0,672241
47278389944,2025-05-05,0.0,672241
47278389944,2025-05-12,0.0,672241
47278389944,2025-05-19,0.0,672241
47278389944,2025-05-26,0.0,672241
47278389944,2025-06-02,0.0,672241
47278389944,2025-06-09,0.0,672241
47278389944,2025-06-16,0.0,672241
47556470434,2025-03-10,2.969711063761017,672241
47556470434,2025-03-17,2.9697446190055996,672241
47556470434,2025-03-24,2.969772548687641,672241
47556470434,2025-03-31,2.969793551498075,672241
47556470434,2025-04-07,2.9698064984239068,672241
47556470434,2025-04-14,2.9698053949319365,672241
47556470434,2025-04-21,2.9698205797053463,672241
47556470434,2025-04-28,2.9698549054785097,672241
47556470434,2025-05-05,2.969850813041359,672241
47556470434,2025-05-12,2.9698178994894358,672241
47556470434,2025-05-19,2.969800463701959,672241
47556470434,2025-05-26,2.9697950283970864,672241
47556470434,2025-06-02,2.969780372721512,672241
47556470434,2025-06-09,2.969761177560509,672241
47556470434,2025-06-16,2.9697486241745272,672241
47787653976,2025-03-10,0.03091116581738765,672241
47787653976,2025-03-17,0.030913362326995934,672241
47787653976,2025-03-24,0.03091527524724967,672241
47787653976,2025-03-31,0.03091694000963525,672241
47787653976,2025-04-07,0.030918379992247322,672241
47787653976,2025-04-14,0.03091962290498282,672241
47787653976,2025-04-21,0.030920687318683738,672241
47787653976,2025-04-28,0.03092159392142698,672241
47787653976,2025-05-05,0.03092235773600896,672241
47787653976,2025-05-12,0.030922998018295546,672241
47787653976,2025-05-19,0.030923527535931944,672241
47787653976,2025-05-26,0.030923960400974497,672241
47787653976,2025-06-02,0.030924302050503852,672241
47787653976,2025-06-09,0.030924572005724453,672241
47787653976,2025-06-16,0.03092477664520922,672241
47906467455,2025-03-10,0.0,672241
47906467455,2025-03-17,0.0,672241
47906467455,2025-03-24,0.0,672241
47906467455,2025-03-31,0.0,672241
47906467455,2025-04-07,0.0,672241
47906467455,2025-04-14,0.0,672241
47906467455,2025-04-21,0.0,672241
47906467455,2025-04-28,0.0,672241
47906467455,2025-05-05,0.0,672241
47906467455,2025-05-12,0.0,672241
47906467455,2025-05-19,0.0,672241
47906467455,2025-05-26,0.0,672241
47906467455,2025-06-02,0.0,672241
47906467455,2025-06-09,0.0,672241
47906467455,2025-06-16,0.0,672241
48441796938,2025-03-10,4.985382841902191,672241
48441796938,2025-03-17,6.956027978902575,672241
48441796938,2025-03-24,8.91204879083288,672241
48441796938,2025-03-31,10.85358261128192,672241
48441796938,2025-04-07,12.780715167466122,672241
48441796938,2025-04-14,14.692963879023774,672241
48441796938,2025-04-21,16.58963016687232,672241
48441796938,2025-04-28,18.470277636535688,672241
48441796938,2025-05-05,20.334947306281542,672241
48441796938,2025-05-12,22.18378765045626,672241
48441796938,2025-05-19,24.016706675347674,672241
48441796938,2025-05-26,25.83367354280191,672241
48441796938,2025-06-02,27.634979271931833,672241
48441796938,2025-06-09,29.4211303514552,672241
48441796938,2025-06-16,31.192590032060533,672241
48443531970,2025-03-10,0.0,672241
48443531970,2025-03-17,0.0,672241
48443531970,2025-03-24,0.0,672241
48443531970,2025-03-31,0.0,672241
48443531970,2025-04-07,0.0,672241
48443531970,2025-04-14,0.0,672241
48443531970,2025-04-21,0.0,672241
48443531970,2025-04-28,0.0,672241
48443531970,2025-05-05,0.0,672241
48443531970,2025-05-12,0.0,672241
48443531970,2025-05-19,0.0,672241
48443531970,2025-05-26,0.0,672241
48443531970,2025-06-02,0.0,672241
48443531970,2025-06-09,0.0,672241
48443531970,2025-06-16,0.0,672241
48444196993,2025-03-10,5.992757784853943,672241
48444196993,2025-03-17,7.977917773310264,672241
48444196993,2025-03-24,9.95467691171843,672241
48444196993,2025-03-31,11.92163444702581,672241
48444196993,2025-04-07,13.877602254297978,672241
48444196993,2025-04-14,15.821368222451765,672241
48444196993,2025-04-21,17.75103479359413,672241
48444196993,2025-04-28,19.664429768313013,672241
48444196993,2025-05-05,21.560160308777398,672241
48444196993,2025-05-12,23.438171096193916,672241
48444196993,2025-05-19,25.29862148122015,672241
48444196993,2025-05-26,27.14078041805461,672241
48444196993,2025-06-02,28.962966238704595,672241
48444196993,2025-06-09,30.76382119910891,672241
48444196993,2025-06-16,32.543252345029934,672241
48444406916,2025-03-10,0.03102583456113378,672241
48444406916,2025-03-17,0.031017225141354736,672241
48444406916,2025-03-24,0.03100862003025917,672241
48444406916,2025-03-31,0.031000159561024438,672241
48444406916,2025-04-07,0.03099194994653214,672241
48444406916,2025-04-14,0.030984058761050693,672241
48444406916,2025-04-21,0.030976539119742623,672241
48444406916,2025-04-28,0.03096941216387777,672241
48444406916,2025-05-05,0.0309626943570971,672241
48444406916,2025-05-12,0.030956385465034524,672241
48444406916,2025-05-19,0.030950480256702658,672241
48444406916,2025-05-26,0.030944966250587923,672241
48444406916,2025-06-02,0.03093982906650664,672241
48444406916,2025-06-09,0.030935045508302773,672241
48444406916,2025-06-16,0.030930599688542778,672241
48465290456,2025-03-10,0.03091116581738765,672241
48465290456,2025-03-17,0.030913362326995934,672241
48465290456,2025-03-24,0.03091527524724967,672241
48465290456,2025-03-31,0.03091694000963525,672241
48465290456,2025-04-07,0.030918379992247322,672241
48465290456,2025-04-14,0.03091962290498282,672241
48465290456,2025-04-21,0.030920687318683738,672241
48465290456,2025-04-28,0.03092159392142698,672241
48465290456,2025-05-05,0.03092235773600896,672241
48465290456,2025-05-12,0.030922998018295546,672241
48465290456,2025-05-19,0.030923527535931944,672241
48465290456,2025-05-26,0.030923960400974497,672241
48465290456,2025-06-02,0.030924302050503852,672241
48465290456,2025-06-09,0.030924572005724453,672241
48465290456,2025-06-16,0.03092477664520922,672241
48468456999,2025-03-10,0.03102583456113378,672241
48468456999,2025-03-17,0.031017225141354736,672241
48468456999,2025-03-24,0.03100862003025917,672241
48468456999,2025-03-31,0.031000159561024438,672241
48468456999,2025-04-07,0.03099194994653214,672241
48468456999,2025-04-14,0.030984058761050693,672241
48468456999,2025-04-21,0.030976539119742623,672241
48468456999,2025-04-28,0.03096941216387777,672241
48468456999,2025-05-05,0.0309626943570971,672241
48468456999,2025-05-12,0.030956385465034524,672241
48468456999,2025-05-19,0.030950480256702658,672241
48468456999,2025-05-26,0.030944966250587923,672241
48468456999,2025-06-02,0.03093982906650664,672241
48468456999,2025-06-09,0.030935045508302773,672241
48468456999,2025-06-16,0.030930599688542778,672241
48468483975,2025-03-10,1.2567212527952685,672241
48468483975,2025-03-17,1.5116930866653302,672241
48468483975,2025-03-24,1.7648742748290562,672241
48468483975,2025-03-31,2.0162657499415717,672241
48468483975,2025-04-07,2.2658692934983535,672241
48468483975,2025-04-14,2.5136867312578315,672241
48468483975,2025-04-21,2.759718785075955,672241
48468483975,2025-04-28,3.0039665695763014,672241
48468483975,2025-05-05,3.246430528458116,672241
48468483975,2025-05-12,3.4871106551471236,672241
48468483975,2025-05-19,3.7260070825700535,672241
48468483975,2025-05-26,3.963119906975019,672241
48468483975,2025-06-02,4.198449062696368,672241
48468483975,2025-06-09,4.431994938029272,672241
48468483975,2025-06-16,4.663757621327785,672241
48468720437,2025-03-10,0.03102583456113378,672241
48468720437,2025-03-17,0.031017225141354736,672241
48468720437,2025-03-24,0.03100862003025917,672241
48468720437,2025-03-31,0.031000159561024438,672241
48468720437,2025-04-07,0.03099194994653214,672241
48468720437,2025-04-14,0.030984058761050693,672241
48468720437,2025-04-21,0.030976539119742623,672241
48468720437,2025-04-28,0.03096941216387777,672241
48468720437,2025-05-05,0.0309626943570971,672241
48468720437,2025-05-12,0.030956385465034524,672241
48468720437,2025-05-19,0.030950480256702658,672241
48468720437,2025-05-26,0.030944966250587923,672241
48468720437,2025-06-02,0.03093982906650664,672241
48468720437,2025-06-09,0.030935045508302773,672241
48468720437,2025-06-16,0.030930599688542778,672241
48609636473,2025-03-10,0.03091116581738765,672241
48609636473,2025-03-17,0.030913362326995934,672241
48609636473,2025-03-24,0.03091527524724967,672241
48609636473,2025-03-31,0.03091694000963525,672241
48609636473,2025-04-07,0.030918379992247322,672241
48609636473,2025-04-14,0.03091962290498282,672241
48609636473,2025-04-21,0.030920687318683738,672241
48609636473,2025-04-28,0.03092159392142698,672241
48609636473,2025-05-05,0.03092235773600896,672241
48609636473,2025-05-12,0.030922998018295546,672241
48609636473,2025-05-19,0.030923527535931944,672241
48609636473,2025-05-26,0.030923960400974497,672241
48609636473,2025-06-02,0.030924302050503852,672241
48609636473,2025-06-09,0.030924572005724453,672241
48609636473,2025-06-16,0.03092477664520922,672241
48609745445,2025-03-10,0.03091116581738765,672241
48609745445,2025-03-17,0.030913362326995934,672241
48609745445,2025-03-24,0.03091527524724967,672241
48609745445,2025-03-31,0.03091694000963525,672241
48609745445,2025-04-07,0.030918379992247322,672241
48609745445,2025-04-14,0.03091962290498282,672241
48609745445,2025-04-21,0.030920687318683738,672241
48609745445,2025-04-28,0.03092159392142698,672241
48609745445,2025-05-05,0.03092235773600896,672241
48609745445,2025-05-12,0.030922998018295546,672241
48609745445,2025-05-19,0.030923527535931944,672241
48609745445,2025-05-26,0.030923960400974497,672241
48609745445,2025-06-02,0.030924302050503852,672241
48609745445,2025-06-09,0.030924572005724453,672241
48609745445,2025-06-16,0.03092477664520922,672241
48609798496,2025-03-10,0.0,672241
48609798496,2025-03-17,0.0,672241
48609798496,2025-03-24,0.0,672241
48609798496,2025-03-31,0.0,672241
48609798496,2025-04-07,0.0,672241
48609798496,2025-04-14,0.0,672241
48609798496,2025-04-21,0.0,672241
48609798496,2025-04-28,0.0,672241
48609798496,2025-05-05,0.0,672241
48609798496,2025-05-12,0.0,672241
48609798496,2025-05-19,0.0,672241
48609798496,2025-05-26,0.0,672241
48609798496,2025-06-02,0.0,672241
48609798496,2025-06-09,0.0,672241
48609798496,2025-06-16,0.0,672241
48609967412,2025-03-10,0.0,672241
48609967412,2025-03-17,0.0,672241
48609967412,2025-03-24,0.0,672241
48609967412,2025-03-31,0.0,672241
48609967412,2025-04-07,0.0,672241
48609967412,2025-04-14,0.0,672241
48609967412,2025-04-21,0.0,672241
48609967412,2025-04-28,0.0,672241
48609967412,2025-05-05,0.0,672241
48609967412,2025-05-12,0.0,672241
48609967412,2025-05-19,0.0,672241
48609967412,2025-05-26,0.0,672241
48609967412,2025-06-02,0.0,672241
48609967412,2025-06-09,0.0,672241
48609967412,2025-06-16,0.0,672241
48609984414,2025-03-10,0.0,672241
48609984414,2025-03-17,0.0,672241
48609984414,2025-03-24,0.0,672241
48609984414,2025-03-31,0.0,672241
48609984414,2025-04-07,0.0,672241
48609984414,2025-04-14,0.0,672241
48609984414,2025-04-21,0.0,672241
48609984414,2025-04-28,0.0,672241
48609984414,2025-05-05,0.0,672241
48609984414,2025-05-12,0.0,672241
48609984414,2025-05-19,0.0,672241
48609984414,2025-05-26,0.0,672241
48609984414,2025-06-02,0.0,672241
48609984414,2025-06-09,0.0,672241
48609984414,2025-06-16,0.0,672241
48788920432,2025-03-10,0.0,672241
48788920432,2025-03-17,0.0,672241
48788920432,2025-03-24,0.0,672241
48788920432,2025-03-31,0.0,672241
48788920432,2025-04-07,0.0,672241
48788920432,2025-04-14,0.0,672241
48788920432,2025-04-21,0.0,672241
48788920432,2025-04-28,0.0,672241
48788920432,2025-05-05,0.0,672241
48788920432,2025-05-12,0.0,672241
48788920432,2025-05-19,0.0,672241
48788920432,2025-05-26,0.0,672241
48788920432,2025-06-02,0.0,672241
48788920432,2025-06-09,0.0,672241
48788920432,2025-06-16,0.0,672241
48789681494,2025-03-10,0.0,672241
48789681494,2025-03-17,0.0,672241
48789681494,2025-03-24,0.0,672241
48789681494,2025-03-31,0.0,672241
48789681494,2025-04-07,0.0,672241
48789681494,2025-04-14,0.0,672241
48789681494,2025-04-21,0.0,672241
48789681494,2025-04-28,0.0,672241
48789681494,2025-05-05,0.0,672241
48789681494,2025-05-12,0.0,672241
48789681494,2025-05-19,0.0,672241
48789681494,2025-05-26,0.0,672241
48789681494,2025-06-02,0.0,672241
48789681494,2025-06-09,0.0,672241
48789681494,2025-06-16,0.0,672241
48789690935,2025-03-10,0.0,672241
48789690935,2025-03-17,0.0,672241
48789690935,2025-03-24,0.0,672241
48789690935,2025-03-31,0.0,672241
48789690935,2025-04-07,0.0,672241
48789690935,2025-04-14,0.0,672241
48789690935,2025-04-21,0.0,672241
48789690935,2025-04-28,0.0,672241
48789690935,2025-05-05,0.0,672241
48789690935,2025-05-12,0.0,672241
48789690935,2025-05-19,0.0,672241
48789690935,2025-05-26,0.0,672241
48789690935,2025-06-02,0.0,672241
48789690935,2025-06-09,0.0,672241
48789690935,2025-06-16,0.0,672241
