date,store_id,sku_id,category,qty,price,promo
2024-01-01,215,64500,Ноутбуки,3,34421.86,0
2024-01-01,215,64501,Ноутбуки,0,24544.98,0
2024-01-01,215,64502,Ноутбуки,4,20481.38,0
2024-01-01,215,64503,Ноутбуки,3,26865.47,0
2024-01-01,215,64504,Ноутбуки,2,38835.07,0
2024-01-01,215,64505,Смартфони,8,29648.67,0
2024-01-01,215,64506,Смартфони,17,9023.44,0
2024-01-01,215,64507,Смартфони,15,14776.16,0
2024-01-01,215,64508,Смартфони,16,14565.64,1
2024-01-01,215,64509,Смартфони,15,32768.82,0
2024-01-01,215,64510,Холодильники,4,24094.59,0
2024-01-01,215,64511,Холодильники,5,19957.65,0
2024-01-01,215,64512,Холодильники,7,32876.24,1
2024-01-01,215,64513,Холодильники,2,34998.38,0
2024-01-01,215,64514,Холодильники,4,22054.42,0
2024-01-01,312,64500,Ноутбуки,1,34951.8,0
2024-01-01,312,64501,Ноутбуки,3,23774.17,1
2024-01-01,312,64502,Ноутбуки,6,18911.71,1
2024-01-01,312,64503,Ноутбуки,1,26106.22,0
2024-01-01,312,64504,Ноутбуки,3,35696.16,1
2024-01-01,312,64505,Смартфони,10,28823.21,0
2024-01-01,312,64506,Смартфони,6,9243.08,0
2024-01-01,312,64507,Смартфони,7,14305.56,0
2024-01-01,312,64508,Смартфони,10,17079.49,0
2024-01-01,312,64509,Смартфони,6,35854.32,0
2024-01-01,312,64510,Холодильники,2,24607.82,0
2024-01-01,312,64511,Холодильники,5,19331.32,0
2024-01-01,312,64512,Холодильники,2,35635.22,0
2024-01-01,312,64513,Холодильники,3,36328.52,0
2024-01-01,312,64514,Холодильники,0,21827.64,0
2024-01-02,215,64500,Ноутбуки,2,34923.18,0
2024-01-02,215,64501,Ноутбуки,3,27234.12,0
2024-01-02,215,64502,Ноутбуки,9,20210.56,0
2024-01-02,215,64503,Ноутбуки,5,26808.98,0
2024-01-02,215,64504,Ноутбуки,3,39188.38,0
2024-01-02,215,64505,Смартфони,5,30011.26,0
2024-01-02,215,64506,Смартфони,16,9304.08,0
2024-01-02,215,64507,Смартфони,8,13902.08,0
2024-01-02,215,64508,Смартфони,9,17109.93,0
2024-01-02,215,64509,Смартфони,13,34707.59,0
2024-01-02,215,64510,Холодильники,4,24608.87,0
2024-01-02,215,64511,Холодильники,6,18984.99,0
2024-01-02,215,64512,Холодильники,5,34071.73,0
2024-01-02,215,64513,Холодильники,3,36806.92,0
2024-01-02,215,64514,Холодильники,2,22584.42,0
2024-01-02,312,64500,Ноутбуки,0,35722.69,0
2024-01-02,312,64501,Ноутбуки,5,25101.64,0
2024-01-02,312,64502,Ноутбуки,4,20345.59,0
2024-01-02,312,64503,Ноутбуки,3,27060.82,0
2024-01-02,312,64504,Ноутбуки,3,41699.42,0
2024-01-02,312,64505,Смартфони,4,28666.54,0
2024-01-02,312,64506,Смартфони,10,8480.38,1
2024-01-02,312,64507,Смартфони,5,14018.63,0
2024-01-02,312,64508,Смартфони,8,17680.36,0
2024-01-02,312,64509,Смартфони,14,33795.91,0
2024-01-02,312,64510,Холодильники,4,24590.0,0
2024-01-02,312,64511,Холодильники,4,19881.39,0
2024-01-02,312,64512,Холодильники,2,35658.37,0
2024-01-02,312,64513,Холодильники,2,35698.53,0
2024-01-02,312,64514,Холодильники,0,23043.92,0
2024-01-03,215,64500,Ноутбуки,2,34751.87,0
2024-01-03,215,64501,Ноутбуки,5,23589.51,0
2024-01-03,215,64502,Ноутбуки,6,21868.36,0
2024-01-03,215,64503,Ноутбуки,4,24178.7,0
2024-01-03,215,64504,Ноутбуки,3,42520.97,0
2024-01-03,215,64505,Смартфони,3,28770.88,0
2024-01-03,215,64506,Смартфони,14,9418.31,0
2024-01-03,215,64507,Смартфони,15,14323.42,0
2024-01-03,215,64508,Смартфони,16,16540.79,0
2024-01-03,215,64509,Смартфони,17,32834.42,0
2024-01-03,215,64510,Холодильники,3,24286.1,0
2024-01-03,215,64511,Холодильники,2,19322.85,0
2024-01-03,215,64512,Холодильники,4,34408.71,0
2024-01-03,215,64513,Холодильники,3,35765.78,0
2024-01-03,215,64514,Холодильники,7,21490.32,0
2024-01-03,312,64500,Ноутбуки,0,30859.32,1
2024-01-03,312,64501,Ноутбуки,2,24541.16,0
2024-01-03,312,64502,Ноутбуки,4,20805.86,0
2024-01-03,312,64503,Ноутбуки,5,25838.87,0
2024-01-03,312,64504,Ноутбуки,4,34302.73,1
2024-01-03,312,64505,Смартфони,1,30952.86,0
2024-01-03,312,64506,Смартфони,11,9274.59,0
2024-01-03,312,64507,Смартфони,7,14029.13,0
2024-01-03,312,64508,Смартфони,6,15715.92,0
2024-01-03,312,64509,Смартфони,10,34022.64,0
2024-01-03,312,64510,Холодильники,4,24092.48,0
2024-01-03,312,64511,Холодильники,3,19096.86,0
2024-01-03,312,64512,Холодильники,1,34543.98,0
2024-01-03,312,64513,Холодильники,5,34974.95,0
2024-01-03,312,64514,Холодильники,1,22453.08,0
2024-01-04,215,64500,Ноутбуки,6,32932.81,1
2024-01-04,215,64501,Ноутбуки,1,23937.8,0
2024-01-04,215,64502,Ноутбуки,7,21410.29,0
2024-01-04,215,64503,Ноутбуки,2,25528.43,0
2024-01-04,215,64504,Ноутбуки,1,38992.17,0
2024-01-04,215,64505,Смартфони,7,29120.07,0
2024-01-04,215,64506,Смартфони,7,9026.88,0
2024-01-04,215,64507,Смартфони,26,12678.16,1
2024-01-04,215,64508,Смартфони,6,17210.36,0
2024-01-04,215,64509,Смартфони,11,34020.11,0
2024-01-04,215,64510,Холодильники,6,22512.89,1
2024-01-04,215,64511,Холодильники,4,16906.58,1
2024-01-04,215,64512,Холодильники,3,36050.72,0
2024-01-04,215,64513,Холодильники,2,34232.75,0
2024-01-04,215,64514,Холодильники,1,22263.93,0
2024-01-04,312,64500,Ноутбуки,4,33418.27,0
2024-01-04,312,64501,Ноутбуки,3,21451.54,1
2024-01-04,312,64502,Ноутбуки,6,21805.4,0
2024-01-04,312,64503,Ноутбуки,4,26283.26,0
2024-01-04,312,64504,Ноутбуки,7,40508.67,0
2024-01-04,312,64505,Смартфони,1,29443.22,0
2024-01-04,312,64506,Смартфони,8,9289.8,0
2024-01-04,312,64507,Смартфони,18,12903.1,1
2024-01-04,312,64508,Смартфони,7,16977.08,0
2024-01-04,312,64509,Смартфони,12,32010.54,0
2024-01-04,312,64510,Холодильники,2,23831.8,0
2024-01-04,312,64511,Холодильники,5,20080.71,0
2024-01-04,312,64512,Холодильники,5,34679.15,0
2024-01-04,312,64513,Холодильники,1,37397.07,0
2024-01-04,312,64514,Холодильники,3,19693.58,1
2024-01-05,215,64500,Ноутбуки,5,32278.97,1
2024-01-05,215,64501,Ноутбуки,1,26448.67,0
2024-01-05,215,64502,Ноутбуки,6,21101.41,0
2024-01-05,215,64503,Ноутбуки,1,24654.59,0
2024-01-05,215,64504,Ноутбуки,7,35384.64,1
2024-01-05,215,64505,Смартфони,4,30004.36,0
2024-01-05,215,64506,Смартфони,18,9708.05,0
2024-01-05,215,64507,Смартфони,10,14325.38,0
2024-01-05,215,64508,Смартфони,6,16491.16,0
2024-01-05,215,64509,Смартфони,18,35067.62,0
2024-01-05,215,64510,Холодильники,2,23529.97,0
2024-01-05,215,64511,Холодильники,2,20392.93,0
2024-01-05,215,64512,Холодильники,3,35468.74,0
2024-01-05,215,64513,Холодильники,4,36419.64,0
2024-01-05,215,64514,Холодильники,3,22042.17,0
2024-01-05,312,64500,Ноутбуки,1,32996.1,0
2024-01-05,312,64501,Ноутбуки,0,26478.66,0
2024-01-05,312,64502,Ноутбуки,5,20238.92,0
2024-01-05,312,64503,Ноутбуки,5,26502.5,0
2024-01-05,312,64504,Ноутбуки,3,42154.59,0
2024-01-05,312,64505,Смартфони,9,25512.08,1
2024-01-05,312,64506,Смартфони,5,9539.57,0
2024-01-05,312,64507,Смартфони,9,14137.12,0
2024-01-05,312,64508,Смартфони,21,14078.41,1
2024-01-05,312,64509,Смартфони,9,33328.79,0
2024-01-05,312,64510,Холодильники,3,24404.01,0
2024-01-05,312,64511,Холодильники,7,18739.61,0
2024-01-05,312,64512,Холодильники,3,36073.26,0
2024-01-05,312,64513,Холодильники,4,35930.5,0
2024-01-05,312,64514,Холодильники,1,22390.98,0
2024-01-06,215,64500,Ноутбуки,1,34725.63,0
2024-01-06,215,64501,Ноутбуки,3,25544.94,0
2024-01-06,215,64502,Ноутбуки,12,20223.08,0
2024-01-06,215,64503,Ноутбуки,8,24548.0,0
2024-01-06,215,64504,Ноутбуки,10,39993.95,0
2024-01-06,215,64505,Смартфони,11,30789.12,0
2024-01-06,215,64506,Смартфони,14,9344.48,0
2024-01-06,215,64507,Смартфони,15,14748.23,0
2024-01-06,215,64508,Смартфони,9,17373.54,0
2024-01-06,215,64509,Смартфони,15,34112.1,0
2024-01-06,215,64510,Холодильники,6,24177.82,0
2024-01-06,215,64511,Холодильники,8,17398.45,1
2024-01-06,215,64512,Холодильники,5,33083.64,0
2024-01-06,215,64513,Холодильники,1,33853.59,0
2024-01-06,215,64514,Холодильники,1,18999.9,1
2024-01-06,312,64500,Ноутбуки,5,32232.85,1
2024-01-06,312,64501,Ноутбуки,3,25635.75,0
2024-01-06,312,64502,Ноутбуки,9,20794.39,0
2024-01-06,312,64503,Ноутбуки,3,25902.48,0
2024-01-06,312,64504,Ноутбуки,8,40110.84,0
2024-01-06,312,64505,Смартфони,6,30610.58,0
2024-01-06,312,64506,Смартфони,4,9349.94,0
2024-01-06,312,64507,Смартфони,17,14263.49,0
2024-01-06,312,64508,Смартфони,8,17694.5,0
2024-01-06,312,64509,Смартфони,19,32808.86,0
2024-01-06,312,64510,Холодильники,2,24227.03,0
2024-01-06,312,64511,Холодильники,4,18736.69,0
2024-01-06,312,64512,Холодильники,7,32550.28,1
2024-01-06,312,64513,Холодильники,1,36683.2,0
2024-01-06,312,64514,Холодильники,1,21557.37,0
2024-01-07,215,64500,Ноутбуки,4,31372.42,1
2024-01-07,215,64501,Ноутбуки,2,26001.46,0
2024-01-07,215,64502,Ноутбуки,4,20155.75,0
2024-01-07,215,64503,Ноутбуки,4,24574.39,0
2024-01-07,215,64504,Ноутбуки,4,41945.89,0
2024-01-07,215,64505,Смартфони,9,28508.77,0
2024-01-07,215,64506,Смартфони,17,9151.37,0
2024-01-07,215,64507,Смартфони,19,14084.6,0
2024-01-07,215,64508,Смартфони,5,16518.98,0
2024-01-07,215,64509,Смартфони,16,34350.34,0
2024-01-07,215,64510,Холодильники,2,22534.52,1
2024-01-07,215,64511,Холодильники,2,19728.31,0
2024-01-07,215,64512,Холодильники,2,36887.57,0
2024-01-07,215,64513,Холодильники,1,34916.56,0
2024-01-07,215,64514,Холодильники,4,22403.89,0
2024-01-07,312,64500,Ноутбуки,4,33955.6,0
2024-01-07,312,64501,Ноутбуки,1,26345.45,0
2024-01-07,312,64502,Ноутбуки,6,21676.55,0
2024-01-07,312,64503,Ноутбуки,5,25019.58,0
2024-01-07,312,64504,Ноутбуки,2,39577.08,0
2024-01-07,312,64505,Смартфони,8,28744.87,0
2024-01-07,312,64506,Смартфони,14,9404.99,0
2024-01-07,312,64507,Смартфони,15,13397.2,0
2024-01-07,312,64508,Смартфони,10,16660.17,0
2024-01-07,312,64509,Смартфони,7,33448.05,0
2024-01-07,312,64510,Холодильники,3,24719.92,0
2024-01-07,312,64511,Холодильники,4,19629.77,0
2024-01-07,312,64512,Холодильники,1,35711.65,0
2024-01-07,312,64513,Холодильники,1,36966.83,0
2024-01-07,312,64514,Холодильники,2,19785.87,1
2024-01-08,215,64500,Ноутбуки,1,35199.47,0
2024-01-08,215,64501,Ноутбуки,1,25036.29,0
2024-01-08,215,64502,Ноутбуки,9,19098.33,1
2024-01-08,215,64503,Ноутбуки,1,26731.18,0
2024-01-08,215,64504,Ноутбуки,4,39926.95,0
2024-01-08,215,64505,Смартфони,3,29077.12,0
2024-01-08,215,64506,Смартфони,11,9076.99,0
2024-01-08,215,64507,Смартфони,11,13635.16,0
2024-01-08,215,64508,Смартфони,15,16756.86,0
2024-01-08,215,64509,Смартфони,19,33786.35,0
2024-01-08,215,64510,Холодильники,6,23546.36,0
2024-01-08,215,64511,Холодильники,9,19514.82,0
2024-01-08,215,64512,Холодильники,1,35001.14,0
2024-01-08,215,64513,Холодильники,2,34042.18,0
2024-01-08,215,64514,Холодильники,2,22388.46,0
2024-01-08,312,64500,Ноутбуки,2,34784.83,0
2024-01-08,312,64501,Ноутбуки,3,24400.05,0
2024-01-08,312,64502,Ноутбуки,1,19823.7,0
2024-01-08,312,64503,Ноутбуки,5,24130.15,1
2024-01-08,312,64504,Ноутбуки,5,41257.14,0
2024-01-08,312,64505,Смартфони,2,28517.83,0
2024-01-08,312,64506,Смартфони,9,8982.0,0
2024-01-08,312,64507,Смартфони,12,14211.12,0
2024-01-08,312,64508,Смартфони,2,16961.65,0
2024-01-08,312,64509,Смартфони,17,31569.84,0
2024-01-08,312,64510,Холодильники,2,24164.6,0
2024-01-08,312,64511,Холодильники,6,18774.55,0
2024-01-08,312,64512,Холодильники,0,35155.95,0
2024-01-08,312,64513,Холодильники,0,37824.91,0
2024-01-08,312,64514,Холодильники,0,21040.16,0
2024-01-09,215,64500,Ноутбуки,4,36288.77,0
2024-01-09,215,64501,Ноутбуки,3,25970.61,0
2024-01-09,215,64502,Ноутбуки,5,20480.89,0
2024-01-09,215,64503,Ноутбуки,5,25899.37,0
2024-01-09,215,64504,Ноутбуки,2,42435.59,0
2024-01-09,215,64505,Смартфони,8,27972.09,0
2024-01-09,215,64506,Смартфони,10,9687.34,0
2024-01-09,215,64507,Смартфони,12,13941.14,0
2024-01-09,215,64508,Смартфони,11,15883.5,0
2024-01-09,215,64509,Смартфони,16,32991.3,0
2024-01-09,215,64510,Холодильники,5,23551.01,0
2024-01-09,215,64511,Холодильники,6,19718.32,0
2024-01-09,215,64512,Холодильники,4,33953.07,0
2024-01-09,215,64513,Холодильники,2,36950.79,0
2024-01-09,215,64514,Холодильники,1,22761.3,0
2024-01-09,312,64500,Ноутбуки,1,34908.84,0
2024-01-09,312,64501,Ноутбуки,6,26260.08,0
2024-01-09,312,64502,Ноутбуки,4,20946.59,0
2024-01-09,312,64503,Ноутбуки,4,25764.6,0
2024-01-09,312,64504,Ноутбуки,2,38499.36,0
2024-01-09,312,64505,Смартфони,7,29241.79,0
2024-01-09,312,64506,Смартфони,6,8980.23,0
2024-01-09,312,64507,Смартфони,17,14182.06,0
2024-01-09,312,64508,Смартфони,11,17699.69,0
2024-01-09,312,64509,Смартфони,10,34052.52,0
2024-01-09,312,64510,Холодильники,1,24822.75,0
2024-01-09,312,64511,Холодильники,3,18572.89,0
2024-01-09,312,64512,Холодильники,2,29296.27,1
2024-01-09,312,64513,Холодильники,0,33520.39,0
2024-01-09,312,64514,Холодильники,3,20535.2,0
2024-01-10,215,64500,Ноутбуки,4,33572.04,0
2024-01-10,215,64501,Ноутбуки,6,25565.98,0
2024-01-10,215,64502,Ноутбуки,5,20194.43,0
2024-01-10,215,64503,Ноутбуки,4,25521.69,0
2024-01-10,215,64504,Ноутбуки,0,39211.15,0
2024-01-10,215,64505,Смартфони,10,30558.27,0
2024-01-10,215,64506,Смартфони,16,9153.16,0
2024-01-10,215,64507,Смартфони,11,14286.83,0
2024-01-10,215,64508,Смартфони,10,16847.0,0
2024-01-10,215,64509,Смартфони,10,33099.99,0
2024-01-10,215,64510,Холодильники,5,25132.33,0
2024-01-10,215,64511,Холодильники,6,18639.61,0
2024-01-10,215,64512,Холодильники,2,35028.97,0
2024-01-10,215,64513,Холодильники,2,37639.72,0
2024-01-10,215,64514,Холодильники,4,20995.22,0
2024-01-10,312,64500,Ноутбуки,2,35044.78,0
2024-01-10,312,64501,Ноутбуки,2,25376.83,0
2024-01-10,312,64502,Ноутбуки,2,21988.99,0
2024-01-10,312,64503,Ноутбуки,2,23434.67,1
2024-01-10,312,64504,Ноутбуки,3,39930.0,0
2024-01-10,312,64505,Смартфони,4,31345.58,0
2024-01-10,312,64506,Смартфони,8,9477.25,0
2024-01-10,312,64507,Смартфони,9,14326.88,0
2024-01-10,312,64508,Смартфони,7,16926.34,0
2024-01-10,312,64509,Смартфони,8,33548.81,0
2024-01-10,312,64510,Холодильники,3,24049.52,0
2024-01-10,312,64511,Холодильники,2,19463.02,0
2024-01-10,312,64512,Холодильники,1,34971.99,0
2024-01-10,312,64513,Холодильники,1,36233.32,0
2024-01-10,312,64514,Холодильники,0,22481.41,0
2024-01-11,215,64500,Ноутбуки,0,35158.85,0
2024-01-11,215,64501,Ноутбуки,6,26117.68,0
2024-01-11,215,64502,Ноутбуки,5,21284.85,0
2024-01-11,215,64503,Ноутбуки,5,25236.66,0
2024-01-11,215,64504,Ноутбуки,7,40494.15,0
2024-01-11,215,64505,Смартфони,2,28871.18,0
2024-01-11,215,64506,Смартфони,13,9221.15,0
2024-01-11,215,64507,Смартфони,18,13330.53,0
2024-01-11,215,64508,Смартфони,6,16066.73,0
2024-01-11,215,64509,Смартфони,15,34005.69,0
2024-01-11,215,64510,Холодильники,2,24843.29,0
2024-01-11,215,64511,Холодильники,5,18479.58,0
2024-01-11,215,64512,Холодильники,2,33756.99,0
2024-01-11,215,64513,Холодильники,1,37424.68,0
2024-01-11,215,64514,Холодильники,3,21713.43,0
2024-01-11,312,64500,Ноутбуки,2,34251.44,0
2024-01-11,312,64501,Ноутбуки,2,26586.13,0
2024-01-11,312,64502,Ноутбуки,2,20991.15,0
2024-01-11,312,64503,Ноутбуки,6,25592.44,0
2024-01-11,312,64504,Ноутбуки,0,40188.12,0
2024-01-11,312,64505,Смартфони,4,27857.73,0
2024-01-11,312,64506,Смартфони,7,9023.32,0
2024-01-11,312,64507,Смартфони,12,13935.85,0
2024-01-11,312,64508,Смартфони,3,16642.02,0
2024-01-11,312,64509,Смартфони,13,33664.94,0
2024-01-11,312,64510,Холодильники,1,25830.34,0
2024-01-11,312,64511,Холодильники,3,19401.35,0
2024-01-11,312,64512,Холодильники,4,33555.01,0
2024-01-11,312,64513,Холодильники,1,32137.35,1
2024-01-11,312,64514,Холодильники,0,21915.35,0
2024-01-12,215,64500,Ноутбуки,1,34346.81,0
2024-01-12,215,64501,Ноутбуки,5,25491.95,0
2024-01-12,215,64502,Ноутбуки,6,20873.75,0
2024-01-12,215,64503,Ноутбуки,6,25752.98,0
2024-01-12,215,64504,Ноутбуки,3,38590.97,0
2024-01-12,215,64505,Смартфони,6,30042.41,0
2024-01-12,215,64506,Смартфони,15,8770.16,0
2024-01-12,215,64507,Смартфони,21,14114.11,0
2024-01-12,215,64508,Смартфони,4,16488.29,0
2024-01-12,215,64509,Смартфони,10,34312.63,0
2024-01-12,215,64510,Холодильники,1,23793.29,0
2024-01-12,215,64511,Холодильники,4,18746.35,0
2024-01-12,215,64512,Холодильники,6,34932.16,0
2024-01-12,215,64513,Холодильники,4,35215.65,0
2024-01-12,215,64514,Холодильники,1,22251.26,0
2024-01-12,312,64500,Ноутбуки,3,36885.65,0
2024-01-12,312,64501,Ноутбуки,1,25015.34,0
2024-01-12,312,64502,Ноутбуки,7,20686.1,0
2024-01-12,312,64503,Ноутбуки,3,26155.97,0
2024-01-12,312,64504,Ноутбуки,1,40931.0,0
2024-01-12,312,64505,Смартфони,3,29003.16,0
2024-01-12,312,64506,Смартфони,10,9281.35,0
2024-01-12,312,64507,Смартфони,14,13959.01,0
2024-01-12,312,64508,Смартфони,8,17379.09,0
2024-01-12,312,64509,Смартфони,17,34365.22,0
2024-01-12,312,64510,Холодильники,3,25561.6,0
2024-01-12,312,64511,Холодильники,4,19040.04,0
2024-01-12,312,64512,Холодильники,2,30783.77,1
2024-01-12,312,64513,Холодильники,1,34792.51,0
2024-01-12,312,64514,Холодильники,1,21844.73,0
2024-01-13,215,64500,Ноутбуки,1,32925.25,0
2024-01-13,215,64501,Ноутбуки,3,25042.6,0
2024-01-13,215,64502,Ноутбуки,10,21725.38,0
2024-01-13,215,64503,Ноутбуки,6,25446.81,0
2024-01-13,215,64504,Ноутбуки,3,40098.36,0
2024-01-13,215,64505,Смартфони,8,30754.33,0
2024-01-13,215,64506,Смартфони,18,9491.31,0
2024-01-13,215,64507,Смартфони,9,14182.5,0
2024-01-13,215,64508,Смартфони,7,17025.11,0
2024-01-13,215,64509,Смартфони,10,32392.21,0
2024-01-13,215,64510,Холодильники,6,20075.07,1
2024-01-13,215,64511,Холодильники,4,18218.54,0
2024-01-13,215,64512,Холодильники,2,33269.37,0
2024-01-13,215,64513,Холодильники,4,31710.43,1
2024-01-13,215,64514,Холодильники,2,22446.96,0
2024-01-13,312,64500,Ноутбуки,1,35097.88,0
2024-01-13,312,64501,Ноутбуки,4,24769.55,0
2024-01-13,312,64502,Ноутбуки,5,21489.22,0
2024-01-13,312,64503,Ноутбуки,3,25858.76,0
2024-01-13,312,64504,Ноутбуки,5,41106.93,0
2024-01-13,312,64505,Смартфони,8,29773.89,0
2024-01-13,312,64506,Смартфони,10,9527.28,0
2024-01-13,312,64507,Смартфони,13,15237.57,0
2024-01-13,312,64508,Смартфони,10,16681.04,0
2024-01-13,312,64509,Смартфони,10,30518.46,0
2024-01-13,312,64510,Холодильники,5,25518.19,0
2024-01-13,312,64511,Холодильники,7,19441.16,0
2024-01-13,312,64512,Холодильники,3,34117.75,0
2024-01-13,312,64513,Холодильники,1,37263.09,0
2024-01-13,312,64514,Холодильники,1,22962.5,0
2024-01-14,215,64500,Ноутбуки,2,34496.38,0
2024-01-14,215,64501,Ноутбуки,3,25751.54,0
2024-01-14,215,64502,Ноутбуки,5,20960.87,0
2024-01-14,215,64503,Ноутбуки,5,24395.72,0
2024-01-14,215,64504,Ноутбуки,12,36805.39,1
2024-01-14,215,64505,Смартфони,5,28718.21,0
2024-01-14,215,64506,Смартфони,15,9411.93,0
2024-01-14,215,64507,Смартфони,26,13977.79,0
2024-01-14,215,64508,Смартфони,10,17266.1,0
2024-01-14,215,64509,Смартфони,17,32062.72,0
2024-01-14,215,64510,Холодильники,3,24505.74,0
2024-01-14,215,64511,Холодильники,1,18418.8,0
2024-01-14,215,64512,Холодильники,0,35730.44,0
2024-01-14,215,64513,Холодильники,5,36816.74,0
2024-01-14,215,64514,Холодильники,3,22302.52,0
2024-01-14,312,64500,Ноутбуки,0,31811.29,0
2024-01-14,312,64501,Ноутбуки,2,25539.4,0
2024-01-14,312,64502,Ноутбуки,7,21303.43,0
2024-01-14,312,64503,Ноутбуки,6,25607.53,0
2024-01-14,312,64504,Ноутбуки,4,38660.19,0
2024-01-14,312,64505,Смартфони,8,28772.7,0
2024-01-14,312,64506,Смартфони,8,9203.14,0
2024-01-14,312,64507,Смартфони,7,15076.63,0
2024-01-14,312,64508,Смартфони,6,16948.05,0
2024-01-14,312,64509,Смартфони,17,34312.07,0
2024-01-14,312,64510,Холодильники,4,24340.78,0
2024-01-14,312,64511,Холодильники,3,20491.14,0
2024-01-14,312,64512,Холодильники,2,35613.25,0
2024-01-14,312,64513,Холодильники,1,35825.81,0
2024-01-14,312,64514,Холодильники,1,21033.65,0
2024-01-15,215,64500,Ноутбуки,0,33480.75,0
2024-01-15,215,64501,Ноутбуки,3,25488.19,0
2024-01-15,215,64502,Ноутбуки,12,19046.73,1
2024-01-15,215,64503,Ноутбуки,2,24945.97,0
2024-01-15,215,64504,Ноутбуки,3,39160.26,0
2024-01-15,215,64505,Смартфони,11,30369.14,0
2024-01-15,215,64506,Смартфони,17,9344.63,0
2024-01-15,215,64507,Смартфони,21,14286.49,0
2024-01-15,215,64508,Смартфони,16,14755.66,1
2024-01-15,215,64509,Смартфони,14,33349.11,0
2024-01-15,215,64510,Холодильники,3,25422.69,0
2024-01-15,215,64511,Холодильники,2,18995.22,0
2024-01-15,215,64512,Холодильники,1,34805.29,0
2024-01-15,215,64513,Холодильники,0,35723.63,0
2024-01-15,215,64514,Холодильники,2,21955.29,0
2024-01-15,312,64500,Ноутбуки,1,35756.35,0
2024-01-15,312,64501,Ноутбуки,3,23844.38,0
2024-01-15,312,64502,Ноутбуки,6,20531.59,0
2024-01-15,312,64503,Ноутбуки,1,24273.34,0
2024-01-15,312,64504,Ноутбуки,3,39934.51,0
2024-01-15,312,64505,Смартфони,7,32410.05,0
2024-01-15,312,64506,Смартфони,19,8274.43,1
2024-01-15,312,64507,Смартфони,10,14454.5,0
2024-01-15,312,64508,Смартфони,9,16422.75,0
2024-01-15,312,64509,Смартфони,11,33658.62,0
2024-01-15,312,64510,Холодильники,2,25093.12,0
2024-01-15,312,64511,Холодильники,2,19389.73,0
2024-01-15,312,64512,Холодильники,5,30782.35,1
2024-01-15,312,64513,Холодильники,4,32468.94,1
2024-01-15,312,64514,Холодильники,3,23258.47,0
2024-01-16,215,64500,Ноутбуки,2,35731.49,0
2024-01-16,215,64501,Ноутбуки,3,24996.37,0
2024-01-16,215,64502,Ноутбуки,2,20497.42,0
2024-01-16,215,64503,Ноутбуки,5,24774.19,0
2024-01-16,215,64504,Ноутбуки,3,40863.39,0
2024-01-16,215,64505,Смартфони,9,28984.18,0
2024-01-16,215,64506,Смартфони,11,9271.21,0
2024-01-16,215,64507,Смартфони,20,13829.26,0
2024-01-16,215,64508,Смартфони,13,16098.98,0
2024-01-16,215,64509,Смартфони,13,34025.56,0
2024-01-16,215,64510,Холодильники,3,23957.13,0
2024-01-16,215,64511,Холодильники,10,19985.18,0
2024-01-16,215,64512,Холодильники,1,34090.6,0
2024-01-16,215,64513,Холодильники,3,36276.97,0
2024-01-16,215,64514,Холодильники,2,22867.05,0
2024-01-16,312,64500,Ноутбуки,1,34873.9,0
2024-01-16,312,64501,Ноутбуки,3,26558.33,0
2024-01-16,312,64502,Ноутбуки,3,20582.62,0
2024-01-16,312,64503,Ноутбуки,1,26362.98,0
2024-01-16,312,64504,Ноутбуки,2,39660.57,0
2024-01-16,312,64505,Смартфони,5,31320.57,0
2024-01-16,312,64506,Смартфони,11,9661.93,0
2024-01-16,312,64507,Смартфони,6,13858.44,0
2024-01-16,312,64508,Смартфони,4,16511.92,0
2024-01-16,312,64509,Смартфони,12,34434.22,0
2024-01-16,312,64510,Холодильники,2,23455.07,0
2024-01-16,312,64511,Холодильники,2,19184.52,0
2024-01-16,312,64512,Холодильники,4,35788.38,0
2024-01-16,312,64513,Холодильники,2,34866.28,0
2024-01-16,312,64514,Холодильники,1,20982.48,0
2024-01-17,215,64500,Ноутбуки,2,34276.01,0
2024-01-17,215,64501,Ноутбуки,7,25875.06,0
2024-01-17,215,64502,Ноутбуки,9,22374.7,0
2024-01-17,215,64503,Ноутбуки,4,25637.73,0
2024-01-17,215,64504,Ноутбуки,4,42513.15,0
2024-01-17,215,64505,Смартфони,10,28922.61,0
2024-01-17,215,64506,Смартфони,11,8326.98,1
2024-01-17,215,64507,Смартфони,7,14154.31,0
2024-01-17,215,64508,Смартфони,6,17404.72,0
2024-01-17,215,64509,Смартфони,10,33588.32,0
2024-01-17,215,64510,Холодильники,5,23454.11,0
2024-01-17,215,64511,Холодильники,6,19258.47,0
2024-01-17,215,64512,Холодильники,5,35980.81,0
2024-01-17,215,64513,Холодильники,1,36949.64,0
2024-01-17,215,64514,Холодильники,4,19363.77,1
2024-01-17,312,64500,Ноутбуки,1,35878.69,0
2024-01-17,312,64501,Ноутбуки,1,25126.62,0
2024-01-17,312,64502,Ноутбуки,0,21437.87,0
2024-01-17,312,64503,Ноутбуки,1,24878.71,0
2024-01-17,312,64504,Ноутбуки,5,40062.37,0
2024-01-17,312,64505,Смартфони,2,29295.88,0
2024-01-17,312,64506,Смартфони,21,8206.35,1
2024-01-17,312,64507,Смартфони,10,14398.94,0
2024-01-17,312,64508,Смартфони,7,16870.74,0
2024-01-17,312,64509,Смартфони,9,31212.15,0
2024-01-17,312,64510,Холодильники,1,25481.37,0
2024-01-17,312,64511,Холодильники,3,18701.97,0
2024-01-17,312,64512,Холодильники,1,31735.73,1
2024-01-17,312,64513,Холодильники,0,35822.81,0
2024-01-17,312,64514,Холодильники,3,21676.73,0
2024-01-18,215,64500,Ноутбуки,2,35670.49,0
2024-01-18,215,64501,Ноутбуки,4,26068.69,0
2024-01-18,215,64502,Ноутбуки,7,20406.62,0
2024-01-18,215,64503,Ноутбуки,7,26116.71,0
2024-01-18,215,64504,Ноутбуки,3,42171.42,0
2024-01-18,215,64505,Смартфони,4,30984.49,0
2024-01-18,215,64506,Смартфони,9,9675.35,0
2024-01-18,215,64507,Смартфони,15,14340.51,0
2024-01-18,215,64508,Смартфони,10,16014.89,0
2024-01-18,215,64509,Смартфони,16,31639.23,1
2024-01-18,215,64510,Холодильники,4,24048.31,0
2024-01-18,215,64511,Холодильники,4,17325.72,1
2024-01-18,215,64512,Холодильники,9,36593.23,0
2024-01-18,215,64513,Холодильники,2,35183.83,0
2024-01-18,215,64514,Холодильники,1,21468.85,0
2024-01-18,312,64500,Ноутбуки,4,29199.55,1
2024-01-18,312,64501,Ноутбуки,5,25235.98,0
2024-01-18,312,64502,Ноутбуки,3,19904.77,0
2024-01-18,312,64503,Ноутбуки,5,25468.47,0
2024-01-18,312,64504,Ноутбуки,4,41555.35,0
2024-01-18,312,64505,Смартфони,4,28793.85,0
2024-01-18,312,64506,Смартфони,15,9571.69,0
2024-01-18,312,64507,Смартфони,9,13700.61,0
2024-01-18,312,64508,Смартфони,3,15210.1,0
2024-01-18,312,64509,Смартфони,10,33000.59,0
2024-01-18,312,64510,Холодильники,7,25040.68,0
2024-01-18,312,64511,Холодильники,4,19408.4,0
2024-01-18,312,64512,Холодильники,3,37066.51,0
2024-01-18,312,64513,Холодильники,2,36783.82,0
2024-01-18,312,64514,Холодильники,3,21479.85,0
2024-01-19,215,64500,Ноутбуки,2,35677.03,0
2024-01-19,215,64501,Ноутбуки,1,26017.48,0
2024-01-19,215,64502,Ноутбуки,3,21447.69,0
2024-01-19,215,64503,Ноутбуки,6,26549.15,0
2024-01-19,215,64504,Ноутбуки,9,42972.32,0
2024-01-19,215,64505,Смартфони,9,29875.97,0
2024-01-19,215,64506,Смартфони,11,9681.74,0
2024-01-19,215,64507,Смартфони,12,14383.98,0
2024-01-19,215,64508,Смартфони,12,17073.92,0
2024-01-19,215,64509,Смартфони,15,34205.54,0
2024-01-19,215,64510,Холодильники,4,22019.43,1
2024-01-19,215,64511,Холодильники,3,19667.31,0
2024-01-19,215,64512,Холодильники,2,35854.61,0
2024-01-19,215,64513,Холодильники,1,36327.56,0
2024-01-19,215,64514,Холодильники,4,20446.24,0
2024-01-19,312,64500,Ноутбуки,3,34723.31,0
2024-01-19,312,64501,Ноутбуки,2,25576.49,0
2024-01-19,312,64502,Ноутбуки,7,21501.16,0
2024-01-19,312,64503,Ноутбуки,3,25334.71,0
2024-01-19,312,64504,Ноутбуки,4,42617.45,0
2024-01-19,312,64505,Смартфони,3,28982.42,0
2024-01-19,312,64506,Смартфони,17,9249.8,0
2024-01-19,312,64507,Смартфони,8,14064.75,0
2024-01-19,312,64508,Смартфони,9,16409.5,0
2024-01-19,312,64509,Смартфони,10,32501.36,0
2024-01-19,312,64510,Холодильники,7,24226.47,0
2024-01-19,312,64511,Холодильники,5,19700.96,0
2024-01-19,312,64512,Холодильники,3,31761.84,1
2024-01-19,312,64513,Холодильники,5,36874.01,0
2024-01-19,312,64514,Холодильники,1,21597.9,0
2024-01-20,215,64500,Ноутбуки,3,33833.32,0
2024-01-20,215,64501,Ноутбуки,4,26066.22,0
2024-01-20,215,64502,Ноутбуки,5,20639.86,0
2024-01-20,215,64503,Ноутбуки,5,25838.61,0
2024-01-20,215,64504,Ноутбуки,9,39426.2,0
2024-01-20,215,64505,Смартфони,8,29497.48,0
2024-01-20,215,64506,Смартфони,12,9450.54,0
2024-01-20,215,64507,Смартфони,15,13698.32,0
2024-01-20,215,64508,Смартфони,9,17287.97,0
2024-01-20,215,64509,Смартфони,19,33640.2,0
2024-01-20,215,64510,Холодильники,7,23209.02,0
2024-01-20,215,64511,Холодильники,7,18496.55,0
2024-01-20,215,64512,Холодильники,3,34308.34,0
2024-01-20,215,64513,Холодильники,1,35281.78,0
2024-01-20,215,64514,Холодильники,2,22343.45,0
2024-01-20,312,64500,Ноутбуки,1,34112.25,0
2024-01-20,312,64501,Ноутбуки,5,25439.52,0
2024-01-20,312,64502,Ноутбуки,5,20689.11,0
2024-01-20,312,64503,Ноутбуки,4,25359.47,0
2024-01-20,312,64504,Ноутбуки,9,40106.55,0
2024-01-20,312,64505,Смартфони,5,30887.03,0
2024-01-20,312,64506,Смартфони,11,9277.72,0
2024-01-20,312,64507,Смартфони,12,13827.38,0
2024-01-20,312,64508,Смартфони,10,16513.0,0
2024-01-20,312,64509,Смартфони,8,33633.68,0
2024-01-20,312,64510,Холодильники,3,25568.08,0
2024-01-20,312,64511,Холодильники,6,16835.61,1
2024-01-20,312,64512,Холодильники,6,33276.82,0
2024-01-20,312,64513,Холодильники,0,37764.97,0
2024-01-20,312,64514,Холодильники,1,22294.59,0
2024-01-21,215,64500,Ноутбуки,0,34331.38,0
2024-01-21,215,64501,Ноутбуки,6,24819.33,0
2024-01-21,215,64502,Ноутбуки,3,21271.1,0
2024-01-21,215,64503,Ноутбуки,3,24923.75,0
2024-01-21,215,64504,Ноутбуки,2,40411.62,0
2024-01-21,215,64505,Смартфони,12,28610.76,0
2024-01-21,215,64506,Смартфони,12,9362.76,0
2024-01-21,215,64507,Смартфони,14,15235.6,0
2024-01-21,215,64508,Смартфони,18,16167.62,0
2024-01-21,215,64509,Смартфони,11,35359.9,0
2024-01-21,215,64510,Холодильники,8,22865.63,1
2024-01-21,215,64511,Холодильники,4,19926.74,0
2024-01-21,215,64512,Холодильники,5,33545.15,0
2024-01-21,215,64513,Холодильники,1,36798.86,0
2024-01-21,215,64514,Холодильники,2,21982.78,0
2024-01-21,312,64500,Ноутбуки,3,36054.29,0
2024-01-21,312,64501,Ноутбуки,3,25089.05,0
2024-01-21,312,64502,Ноутбуки,2,20954.02,0
2024-01-21,312,64503,Ноутбуки,1,26305.08,0
2024-01-21,312,64504,Ноутбуки,2,40969.14,0
2024-01-21,312,64505,Смартфони,9,30562.36,0
2024-01-21,312,64506,Смартфони,9,9195.52,0
2024-01-21,312,64507,Смартфони,25,13103.42,1
2024-01-21,312,64508,Смартфони,11,15516.66,0
2024-01-21,312,64509,Смартфони,25,30476.32,1
2024-01-21,312,64510,Холодильники,1,24833.8,0
2024-01-21,312,64511,Холодильники,2,19122.6,0
2024-01-21,312,64512,Холодильники,1,34520.35,0
2024-01-21,312,64513,Холодильники,2,35968.3,0
2024-01-21,312,64514,Холодильники,3,22355.03,0
2024-01-22,215,64500,Ноутбуки,0,33132.41,0
2024-01-22,215,64501,Ноутбуки,4,25595.27,0
2024-01-22,215,64502,Ноутбуки,5,19365.23,0
2024-01-22,215,64503,Ноутбуки,5,26633.04,0
2024-01-22,215,64504,Ноутбуки,1,41223.7,0
2024-01-22,215,64505,Смартфони,11,29617.96,0
2024-01-22,215,64506,Смартфони,6,9158.65,0
2024-01-22,215,64507,Смартфони,9,13640.1,0
2024-01-22,215,64508,Смартфони,10,16137.12,0
2024-01-22,215,64509,Смартфони,14,32310.27,0
2024-01-22,215,64510,Холодильники,4,25412.43,0
2024-01-22,215,64511,Холодильники,5,18846.48,0
2024-01-22,215,64512,Холодильники,2,33989.62,0
2024-01-22,215,64513,Холодильники,0,36022.2,0
2024-01-22,215,64514,Холодильники,1,22589.62,0
2024-01-22,312,64500,Ноутбуки,1,33560.18,0
2024-01-22,312,64501,Ноутбуки,3,25579.27,0
2024-01-22,312,64502,Ноутбуки,12,17976.74,1
2024-01-22,312,64503,Ноутбуки,5,25103.7,0
2024-01-22,312,64504,Ноутбуки,3,39862.55,0
2024-01-22,312,64505,Смартфони,7,30221.28,0
2024-01-22,312,64506,Смартфони,8,9293.78,0
2024-01-22,312,64507,Смартфони,14,15129.36,0
2024-01-22,312,64508,Смартфони,6,16635.32,0
2024-01-22,312,64509,Смартфони,22,29607.41,1
2024-01-22,312,64510,Холодильники,4,24024.23,0
2024-01-22,312,64511,Холодильники,3,19752.1,0
2024-01-22,312,64512,Холодильники,1,32406.37,0
2024-01-22,312,64513,Холодильники,1,35567.68,0
2024-01-22,312,64514,Холодильники,0,21975.27,0
2024-01-23,215,64500,Ноутбуки,2,34911.26,0
2024-01-23,215,64501,Ноутбуки,4,26909.66,0
2024-01-23,215,64502,Ноутбуки,5,22257.86,0
2024-01-23,215,64503,Ноутбуки,5,26271.24,0
2024-01-23,215,64504,Ноутбуки,4,38926.48,0
2024-01-23,215,64505,Смартфони,5,28646.41,0
2024-01-23,215,64506,Смартфони,17,9467.26,0
2024-01-23,215,64507,Смартфони,18,14127.72,0
2024-01-23,215,64508,Смартфони,8,17388.04,0
2024-01-23,215,64509,Смартфони,13,33329.27,0
2024-01-23,215,64510,Холодильники,5,23993.99,0
2024-01-23,215,64511,Холодильники,3,20131.47,0
2024-01-23,215,64512,Холодильники,1,35293.98,0
2024-01-23,215,64513,Холодильники,3,35160.08,0
2024-01-23,215,64514,Холодильники,5,21746.62,0
2024-01-23,312,64500,Ноутбуки,2,35203.82,0
2024-01-23,312,64501,Ноутбуки,1,25447.43,0
2024-01-23,312,64502,Ноутбуки,7,19327.11,1
2024-01-23,312,64503,Ноутбуки,0,25094.72,0
2024-01-23,312,64504,Ноутбуки,4,40683.96,0
2024-01-23,312,64505,Смартфони,6,29883.18,0
2024-01-23,312,64506,Смартфони,5,9166.97,0
2024-01-23,312,64507,Смартфони,15,12347.43,1
2024-01-23,312,64508,Смартфони,4,16873.56,0
2024-01-23,312,64509,Смартфони,10,34365.17,0
2024-01-23,312,64510,Холодильники,2,25357.2,0
2024-01-23,312,64511,Холодильники,2,19703.97,0
2024-01-23,312,64512,Холодильники,1,34613.77,0
2024-01-23,312,64513,Холодильники,1,34355.27,0
2024-01-23,312,64514,Холодильники,1,20591.65,0
2024-01-24,215,64500,Ноутбуки,3,34058.42,0
2024-01-24,215,64501,Ноутбуки,1,26036.69,0
2024-01-24,215,64502,Ноутбуки,8,21192.73,0
2024-01-24,215,64503,Ноутбуки,6,24715.73,0
2024-01-24,215,64504,Ноутбуки,3,40220.39,0
2024-01-24,215,64505,Смартфони,7,28604.29,0
2024-01-24,215,64506,Смартфони,12,9601.99,0
2024-01-24,215,64507,Смартфони,17,13926.53,0
2024-01-24,215,64508,Смартфони,8,15946.1,0
2024-01-24,215,64509,Смартфони,16,33981.37,0
2024-01-24,215,64510,Холодильники,4,24763.86,0
2024-01-24,215,64511,Холодильники,3,18531.55,0
2024-01-24,215,64512,Холодильники,3,34732.24,0
2024-01-24,215,64513,Холодильники,0,35750.13,0
2024-01-24,215,64514,Холодильники,3,22787.7,0
2024-01-24,312,64500,Ноутбуки,3,34508.12,0
2024-01-24,312,64501,Ноутбуки,2,21716.28,1
2024-01-24,312,64502,Ноутбуки,3,20728.71,0
2024-01-24,312,64503,Ноутбуки,4,25625.79,0
2024-01-24,312,64504,Ноутбуки,2,40410.72,0
2024-01-24,312,64505,Смартфони,7,29412.33,0
2024-01-24,312,64506,Смартфони,9,8995.24,0
2024-01-24,312,64507,Смартфони,14,14446.47,0
2024-01-24,312,64508,Смартфони,4,16538.0,0
2024-01-24,312,64509,Смартфони,12,32316.51,0
2024-01-24,312,64510,Холодильники,4,24195.7,0
2024-01-24,312,64511,Холодильники,1,18286.09,0
2024-01-24,312,64512,Холодильники,3,34335.35,0
2024-01-24,312,64513,Холодильники,2,35289.32,0
2024-01-24,312,64514,Холодильники,1,22612.55,0
2024-01-25,215,64500,Ноутбуки,3,35556.32,0
2024-01-25,215,64501,Ноутбуки,4,25374.95,0
2024-01-25,215,64502,Ноутбуки,7,20350.62,0
2024-01-25,215,64503,Ноутбуки,5,25111.37,0
2024-01-25,215,64504,Ноутбуки,4,39940.08,0
2024-01-25,215,64505,Смартфони,9,29494.67,0
2024-01-25,215,64506,Смартфони,8,9101.7,0
2024-01-25,215,64507,Смартфони,11,13610.46,0
2024-01-25,215,64508,Смартфони,9,17243.45,0
2024-01-25,215,64509,Смартфони,14,33689.45,0
2024-01-25,215,64510,Холодильники,1,23980.76,0
2024-01-25,215,64511,Холодильники,3,19339.54,0
2024-01-25,215,64512,Холодильники,4,32667.85,0
2024-01-25,215,64513,Холодильники,1,36668.58,0
2024-01-25,215,64514,Холодильники,3,22195.41,0
2024-01-25,312,64500,Ноутбуки,1,35213.76,0
2024-01-25,312,64501,Ноутбуки,3,25154.59,0
2024-01-25,312,64502,Ноутбуки,6,20895.96,0
2024-01-25,312,64503,Ноутбуки,6,25106.42,0
2024-01-25,312,64504,Ноутбуки,4,42628.04,0
2024-01-25,312,64505,Смартфони,4,29365.86,0
2024-01-25,312,64506,Смартфони,6,9634.97,0
2024-01-25,312,64507,Смартфони,10,13436.09,0
2024-01-25,312,64508,Смартфони,9,15692.15,0
2024-01-25,312,64509,Смартфони,8,33127.98,0
2024-01-25,312,64510,Холодильники,4,24548.09,0
2024-01-25,312,64511,Холодильники,3,18921.38,0
2024-01-25,312,64512,Холодильники,6,31692.26,1
2024-01-25,312,64513,Холодильники,0,35292.81,0
2024-01-25,312,64514,Холодильники,2,22273.88,0
2024-01-26,215,64500,Ноутбуки,1,35310.98,0
2024-01-26,215,64501,Ноутбуки,4,25257.75,0
2024-01-26,215,64502,Ноутбуки,8,19889.8,0
2024-01-26,215,64503,Ноутбуки,9,24915.25,0
2024-01-26,215,64504,Ноутбуки,4,40282.06,0
2024-01-26,215,64505,Смартфони,11,25464.77,1
2024-01-26,215,64506,Смартфони,13,8970.59,0
2024-01-26,215,64507,Смартфони,10,14364.61,0
2024-01-26,215,64508,Смартфони,11,17105.8,0
2024-01-26,215,64509,Смартфони,36,30376.89,1
2024-01-26,215,64510,Холодильники,4,24049.27,0
2024-01-26,215,64511,Холодильники,4,18986.04,0
2024-01-26,215,64512,Холодильники,4,34790.52,0
2024-01-26,215,64513,Холодильники,2,36594.87,0
2024-01-26,215,64514,Холодильники,1,21964.87,0
2024-01-26,312,64500,Ноутбуки,1,33656.06,0
2024-01-26,312,64501,Ноутбуки,1,25642.36,0
2024-01-26,312,64502,Ноутбуки,4,19826.97,0
2024-01-26,312,64503,Ноутбуки,4,25860.57,0
2024-01-26,312,64504,Ноутбуки,2,40851.1,0
2024-01-26,312,64505,Смартфони,6,27132.9,0
2024-01-26,312,64506,Смартфони,8,9039.79,0
2024-01-26,312,64507,Смартфони,26,12859.62,1
2024-01-26,312,64508,Смартфони,8,16286.01,0
2024-01-26,312,64509,Смартфони,7,33687.45,0
2024-01-26,312,64510,Холодильники,2,24112.19,0
2024-01-26,312,64511,Холодильники,4,19521.65,0
2024-01-26,312,64512,Холодильники,2,37439.98,0
2024-01-26,312,64513,Холодильники,0,37693.12,0
2024-01-26,312,64514,Холодильники,4,21509.77,0
2024-01-27,215,64500,Ноутбуки,1,33925.19,0
2024-01-27,215,64501,Ноутбуки,3,26201.92,0
2024-01-27,215,64502,Ноутбуки,8,17713.52,1
2024-01-27,215,64503,Ноутбуки,2,26229.34,0
2024-01-27,215,64504,Ноутбуки,6,42456.01,0
2024-01-27,215,64505,Смартфони,10,29952.02,0
2024-01-27,215,64506,Смартфони,17,9090.06,0
2024-01-27,215,64507,Смартфони,17,13130.61,0
2024-01-27,215,64508,Смартфони,8,16463.67,0
2024-01-27,215,64509,Смартфони,19,33690.38,0
2024-01-27,215,64510,Холодильники,6,23089.43,0
2024-01-27,215,64511,Холодильники,3,19495.51,0
2024-01-27,215,64512,Холодильники,0,33137.37,0
2024-01-27,215,64513,Холодильники,3,33136.8,0
2024-01-27,215,64514,Холодильники,1,22336.75,0
2024-01-27,312,64500,Ноутбуки,1,35300.63,0
2024-01-27,312,64501,Ноутбуки,1,25573.26,0
2024-01-27,312,64502,Ноутбуки,7,20662.8,0
2024-01-27,312,64503,Ноутбуки,5,25859.57,0
2024-01-27,312,64504,Ноутбуки,0,40106.86,0
2024-01-27,312,64505,Смартфони,7,28638.69,0
2024-01-27,312,64506,Смартфони,12,8992.18,0
2024-01-27,312,64507,Смартфони,11,14035.79,0
2024-01-27,312,64508,Смартфони,12,16638.12,0
2024-01-27,312,64509,Смартфони,14,32213.63,0
2024-01-27,312,64510,Холодильники,3,24709.48,0
2024-01-27,312,64511,Холодильники,7,19300.24,0
2024-01-27,312,64512,Холодильники,4,33763.51,0
2024-01-27,312,64513,Холодильники,2,35334.8,0
2024-01-27,312,64514,Холодильники,3,21694.14,0
2024-01-28,215,64500,Ноутбуки,3,36532.28,0
2024-01-28,215,64501,Ноутбуки,4,22821.88,1
2024-01-28,215,64502,Ноутбуки,4,20345.68,0
2024-01-28,215,64503,Ноутбуки,7,26134.56,0
2024-01-28,215,64504,Ноутбуки,6,41195.81,0
2024-01-28,215,64505,Смартфони,10,29735.66,0
2024-01-28,215,64506,Смартфони,12,9180.24,0
2024-01-28,215,64507,Смартфони,1,14123.98,0
2024-01-28,215,64508,Смартфони,10,15528.71,0
2024-01-28,215,64509,Смартфони,15,31560.27,0
2024-01-28,215,64510,Холодильники,6,22069.0,1
2024-01-28,215,64511,Холодильники,4,19675.89,0
2024-01-28,215,64512,Холодильники,2,31332.06,1
2024-01-28,215,64513,Холодильники,1,36843.27,0
2024-01-28,215,64514,Холодильники,5,22380.68,0
2024-01-28,312,64500,Ноутбуки,3,35876.16,0
2024-01-28,312,64501,Ноутбуки,3,23923.18,0
2024-01-28,312,64502,Ноутбуки,8,21931.68,0
2024-01-28,312,64503,Ноутбуки,5,25380.32,0
2024-01-28,312,64504,Ноутбуки,3,41105.42,0
2024-01-28,312,64505,Смартфони,4,26675.77,0
2024-01-28,312,64506,Смартфони,13,9412.57,0
2024-01-28,312,64507,Смартфони,13,14428.22,0
2024-01-28,312,64508,Смартфони,7,16821.01,0
2024-01-28,312,64509,Смартфони,11,33359.17,0
2024-01-28,312,64510,Холодильники,3,23097.77,0
2024-01-28,312,64511,Холодильники,3,19440.04,0
2024-01-28,312,64512,Холодильники,2,29144.95,1
2024-01-28,312,64513,Холодильники,2,38377.06,0
2024-01-28,312,64514,Холодильники,1,22634.04,0
2024-01-29,215,64500,Ноутбуки,1,34003.88,0
2024-01-29,215,64501,Ноутбуки,1,26959.91,0
2024-01-29,215,64502,Ноутбуки,3,20762.52,0
2024-01-29,215,64503,Ноутбуки,4,26647.12,0
2024-01-29,215,64504,Ноутбуки,4,43161.42,0
2024-01-29,215,64505,Смартфони,3,29616.74,0
2024-01-29,215,64506,Смартфони,13,8973.6,0
2024-01-29,215,64507,Смартфони,9,14673.99,0
2024-01-29,215,64508,Смартфони,4,16637.93,0
2024-01-29,215,64509,Смартфони,17,31413.68,0
2024-01-29,215,64510,Холодильники,1,24947.28,0
2024-01-29,215,64511,Холодильники,3,19315.56,0
2024-01-29,215,64512,Холодильники,8,34176.56,0
2024-01-29,215,64513,Холодильники,1,35894.96,0
2024-01-29,215,64514,Холодильники,3,21394.64,0
2024-01-29,312,64500,Ноутбуки,3,35616.2,0
2024-01-29,312,64501,Ноутбуки,3,26342.89,0
2024-01-29,312,64502,Ноутбуки,5,21188.36,0
2024-01-29,312,64503,Ноутбуки,5,24995.1,0
2024-01-29,312,64504,Ноутбуки,2,40673.02,0
2024-01-29,312,64505,Смартфони,7,30299.62,0
2024-01-29,312,64506,Смартфони,4,9677.11,0
2024-01-29,312,64507,Смартфони,9,14070.0,0
2024-01-29,312,64508,Смартфони,8,16589.74,0
2024-01-29,312,64509,Смартфони,1,33624.62,0
2024-01-29,312,64510,Холодильники,3,23863.98,0
2024-01-29,312,64511,Холодильники,1,18222.13,0
2024-01-29,312,64512,Холодильники,2,35257.54,0
2024-01-29,312,64513,Холодильники,4,36342.13,0
2024-01-29,312,64514,Холодильники,0,21832.89,0
2024-01-30,215,64500,Ноутбуки,4,33171.46,0
2024-01-30,215,64501,Ноутбуки,0,25107.97,0
2024-01-30,215,64502,Ноутбуки,8,20224.5,0
2024-01-30,215,64503,Ноутбуки,5,26623.7,0
2024-01-30,215,64504,Ноутбуки,4,40165.55,0
2024-01-30,215,64505,Смартфони,8,25483.23,1
2024-01-30,215,64506,Смартфони,8,9427.38,0
2024-01-30,215,64507,Смартфони,13,14163.06,0
2024-01-30,215,64508,Смартфони,14,17353.3,0
2024-01-30,215,64509,Смартфони,11,32663.38,0
2024-01-30,215,64510,Холодильники,4,25423.71,0
2024-01-30,215,64511,Холодильники,3,19014.98,0
2024-01-30,215,64512,Холодильники,2,32192.05,0
2024-01-30,215,64513,Холодильники,2,37896.18,0
2024-01-30,215,64514,Холодильники,2,22222.09,0
2024-01-30,312,64500,Ноутбуки,1,33466.24,0
2024-01-30,312,64501,Ноутбуки,3,25138.06,0
2024-01-30,312,64502,Ноутбуки,8,17803.23,1
2024-01-30,312,64503,Ноутбуки,3,25704.07,0
2024-01-30,312,64504,Ноутбуки,2,42971.83,0
2024-01-30,312,64505,Смартфони,5,30141.18,0
2024-01-30,312,64506,Смартфони,9,9216.65,0
2024-01-30,312,64507,Смартфони,7,13349.05,0
2024-01-30,312,64508,Смартфони,2,16596.56,0
2024-01-30,312,64509,Смартфони,16,33744.02,0
2024-01-30,312,64510,Холодильники,2,23722.29,0
2024-01-30,312,64511,Холодильники,2,17240.17,1
2024-01-30,312,64512,Холодильники,2,36507.6,0
2024-01-30,312,64513,Холодильники,1,37327.91,0
2024-01-30,312,64514,Холодильники,1,21976.97,0
2024-01-31,215,64500,Ноутбуки,1,33977.79,0
2024-01-31,215,64501,Ноутбуки,4,26082.37,0
2024-01-31,215,64502,Ноутбуки,3,21200.9,0
2024-01-31,215,64503,Ноутбуки,1,25886.03,0
2024-01-31,215,64504,Ноутбуки,5,39973.4,0
2024-01-31,215,64505,Смартфони,5,29517.28,0
2024-01-31,215,64506,Смартфони,8,9750.58,0
2024-01-31,215,64507,Смартфони,11,14592.21,0
2024-01-31,215,64508,Смартфони,7,16106.78,0
2024-01-31,215,64509,Смартфони,15,32409.98,0
2024-01-31,215,64510,Холодильники,1,22447.22,1
2024-01-31,215,64511,Холодильники,2,19734.59,0
2024-01-31,215,64512,Холодильники,3,35635.74,0
2024-01-31,215,64513,Холодильники,1,35045.19,0
2024-01-31,215,64514,Холодильники,0,21601.93,0
2024-01-31,312,64500,Ноутбуки,0,34329.13,0
2024-01-31,312,64501,Ноутбуки,3,25483.14,0
2024-01-31,312,64502,Ноутбуки,3,21073.8,0
2024-01-31,312,64503,Ноутбуки,1,24917.08,0
2024-01-31,312,64504,Ноутбуки,5,41381.59,0
2024-01-31,312,64505,Смартфони,4,30311.62,0
2024-01-31,312,64506,Смартфони,14,8927.77,0
2024-01-31,312,64507,Смартфони,6,14472.2,0
2024-01-31,312,64508,Смартфони,4,17067.57,0
2024-01-31,312,64509,Смартфони,11,33731.28,0
2024-01-31,312,64510,Холодильники,0,24775.25,0
2024-01-31,312,64511,Холодильники,1,19945.02,0
2024-01-31,312,64512,Холодильники,0,35510.53,0
2024-01-31,312,64513,Холодильники,0,36971.91,0
2024-01-31,312,64514,Холодильники,0,22794.09,0
2024-02-01,215,64500,Ноутбуки,2,35958.58,0
2024-02-01,215,64501,Ноутбуки,5,25640.27,0
2024-02-01,215,64502,Ноутбуки,11,19023.52,1
2024-02-01,215,64503,Ноутбуки,3,25746.51,0
2024-02-01,215,64504,Ноутбуки,7,38026.73,0
2024-02-01,215,64505,Смартфони,12,30311.48,0
2024-02-01,215,64506,Смартфони,18,9705.65,0
2024-02-01,215,64507,Смартфони,18,14915.82,0
2024-02-01,215,64508,Смартфони,14,17721.72,0
2024-02-01,215,64509,Смартфони,16,32899.54,0
2024-02-01,215,64510,Холодильники,2,24489.47,0
2024-02-01,215,64511,Холодильники,10,19290.33,0
2024-02-01,215,64512,Холодильники,5,36193.69,0
2024-02-01,215,64513,Холодильники,2,35627.83,0
2024-02-01,215,64514,Холодильники,1,23116.41,0
2024-02-01,312,64500,Ноутбуки,4,35069.57,0
2024-02-01,312,64501,Ноутбуки,5,24710.17,0
2024-02-01,312,64502,Ноутбуки,5,20043.1,0
2024-02-01,312,64503,Ноутбуки,1,25067.08,0
2024-02-01,312,64504,Ноутбуки,6,35581.29,1
2024-02-01,312,64505,Смартфони,7,29051.52,0
2024-02-01,312,64506,Смартфони,12,9385.89,0
2024-02-01,312,64507,Смартфони,11,14609.27,0
2024-02-01,312,64508,Смартфони,6,16760.63,0
2024-02-01,312,64509,Смартфони,17,34393.52,0
2024-02-01,312,64510,Холодильники,1,24634.7,0
2024-02-01,312,64511,Холодильники,1,19970.47,0
2024-02-01,312,64512,Холодильники,0,35830.18,0
2024-02-01,312,64513,Холодильники,4,35122.11,0
2024-02-01,312,64514,Холодильники,2,23060.41,0
2024-02-02,215,64500,Ноутбуки,0,36639.46,0
2024-02-02,215,64501,Ноутбуки,10,22514.56,1
2024-02-02,215,64502,Ноутбуки,7,21091.23,0
2024-02-02,215,64503,Ноутбуки,6,25737.88,0
2024-02-02,215,64504,Ноутбуки,2,40870.46,0
2024-02-02,215,64505,Смартфони,10,30211.89,0
2024-02-02,215,64506,Смартфони,17,8877.13,0
2024-02-02,215,64507,Смартфони,32,13036.09,1
2024-02-02,215,64508,Смартфони,17,14994.67,1
2024-02-02,215,64509,Смартфони,23,33209.82,0
2024-02-02,215,64510,Холодильники,3,25291.23,0
2024-02-02,215,64511,Холодильники,4,18536.73,0
2024-02-02,215,64512,Холодильники,2,35283.83,0
2024-02-02,215,64513,Холодильники,4,35341.11,0
2024-02-02,215,64514,Холодильники,3,21392.01,0
2024-02-02,312,64500,Ноутбуки,3,35923.75,0
2024-02-02,312,64501,Ноутбуки,6,26078.19,0
2024-02-02,312,64502,Ноутбуки,6,20965.1,0
2024-02-02,312,64503,Ноутбуки,3,26822.87,0
2024-02-02,312,64504,Ноутбуки,2,39237.26,0
2024-02-02,312,64505,Смартфони,6,29054.66,0
2024-02-02,312,64506,Смартфони,13,9205.25,0
2024-02-02,312,64507,Смартфони,13,13719.16,0
2024-02-02,312,64508,Смартфони,13,15061.17,1
2024-02-02,312,64509,Смартфони,12,34926.63,0
2024-02-02,312,64510,Холодильники,1,23424.08,0
2024-02-02,312,64511,Холодильники,3,18616.36,0
2024-02-02,312,64512,Холодильники,5,35955.13,0
2024-02-02,312,64513,Холодильники,3,35400.41,0
2024-02-02,312,64514,Холодильники,1,21401.35,0
2024-02-03,215,64500,Ноутбуки,0,34387.96,0
2024-02-03,215,64501,Ноутбуки,6,25413.33,0
2024-02-03,215,64502,Ноутбуки,8,22278.0,0
2024-02-03,215,64503,Ноутбуки,5,27307.3,0
2024-02-03,215,64504,Ноутбуки,4,38259.58,0
2024-02-03,215,64505,Смартфони,9,29930.67,0
2024-02-03,215,64506,Смартфони,18,9274.74,0
2024-02-03,215,64507,Смартфони,24,14367.46,0
2024-02-03,215,64508,Смартфони,19,16195.38,0
2024-02-03,215,64509,Смартфони,22,32037.5,0
2024-02-03,215,64510,Холодильники,4,22180.19,1
2024-02-03,215,64511,Холодильники,4,19708.67,0
2024-02-03,215,64512,Холодильники,6,35503.29,0
2024-02-03,215,64513,Холодильники,4,30911.74,1
2024-02-03,215,64514,Холодильники,5,22825.16,0
2024-02-03,312,64500,Ноутбуки,1,34024.01,0
2024-02-03,312,64501,Ноутбуки,1,24910.55,0
2024-02-03,312,64502,Ноутбуки,4,21170.47,0
2024-02-03,312,64503,Ноутбуки,6,23034.68,1
2024-02-03,312,64504,Ноутбуки,4,41746.18,0
2024-02-03,312,64505,Смартфони,6,30152.56,0
2024-02-03,312,64506,Смартфони,14,9937.6,0
2024-02-03,312,64507,Смартфони,20,14986.88,0
2024-02-03,312,64508,Смартфони,3,16841.06,0
2024-02-03,312,64509,Смартфони,12,33893.9,0
2024-02-03,312,64510,Холодильники,7,23848.3,0
2024-02-03,312,64511,Холодильники,3,19099.03,0
2024-02-03,312,64512,Холодильники,5,32482.46,1
2024-02-03,312,64513,Холодильники,1,36126.73,0
2024-02-03,312,64514,Холодильники,1,22428.55,0
2024-02-04,215,64500,Ноутбуки,2,34315.43,0
2024-02-04,215,64501,Ноутбуки,3,27106.02,0
2024-02-04,215,64502,Ноутбуки,6,21644.77,0
2024-02-04,215,64503,Ноутбуки,5,25271.24,0
2024-02-04,215,64504,Ноутбуки,5,39794.73,0
2024-02-04,215,64505,Смартфони,11,30594.51,0
2024-02-04,215,64506,Смартфони,9,9232.16,0
2024-02-04,215,64507,Смартфони,19,14333.4,0
2024-02-04,215,64508,Смартфони,13,15937.87,0
2024-02-04,215,64509,Смартфони,21,34709.46,0
2024-02-04,215,64510,Холодильники,1,24359.59,0
2024-02-04,215,64511,Холодильники,4,19489.02,0
2024-02-04,215,64512,Холодильники,1,34692.68,0
2024-02-04,215,64513,Холодильники,2,36944.76,0
2024-02-04,215,64514,Холодильники,3,21396.95,0
2024-02-04,312,64500,Ноутбуки,3,35222.28,0
2024-02-04,312,64501,Ноутбуки,4,22433.33,1
2024-02-04,312,64502,Ноутбуки,7,19124.02,1
2024-02-04,312,64503,Ноутбуки,8,25780.26,0
2024-02-04,312,64504,Ноутбуки,3,41476.52,0
2024-02-04,312,64505,Смартфони,9,27495.65,0
2024-02-04,312,64506,Смартфони,9,9380.0,0
2024-02-04,312,64507,Смартфони,11,14411.3,0
2024-02-04,312,64508,Смартфони,8,16324.77,0
2024-02-04,312,64509,Смартфони,12,34086.69,0
2024-02-04,312,64510,Холодильники,4,23718.99,0
2024-02-04,312,64511,Холодильники,5,19260.27,0
2024-02-04,312,64512,Холодильники,6,34890.94,0
2024-02-04,312,64513,Холодильники,3,32656.57,1
2024-02-04,312,64514,Холодильники,1,20205.66,1
2024-02-05,215,64500,Ноутбуки,0,32977.32,0
2024-02-05,215,64501,Ноутбуки,5,23125.47,1
2024-02-05,215,64502,Ноутбуки,5,21300.31,0
2024-02-05,215,64503,Ноутбуки,3,25683.29,0
2024-02-05,215,64504,Ноутбуки,4,39707.04,0
2024-02-05,215,64505,Смартфони,9,28948.08,0
2024-02-05,215,64506,Смартфони,16,9289.78,0
2024-02-05,215,64507,Смартфони,13,12328.15,0
2024-02-05,215,64508,Смартфони,12,16670.06,0
2024-02-05,215,64509,Смартфони,13,32721.27,0
2024-02-05,215,64510,Холодильники,1,24821.53,0
2024-02-05,215,64511,Холодильники,6,19388.3,0
2024-02-05,215,64512,Холодильники,6,34578.61,0
2024-02-05,215,64513,Холодильники,0,37357.25,0
2024-02-05,215,64514,Холодильники,3,22280.38,0
2024-02-05,312,64500,Ноутбуки,1,34571.95,0
2024-02-05,312,64501,Ноутбуки,0,22758.01,1
2024-02-05,312,64502,Ноутбуки,0,21021.99,0
2024-02-05,312,64503,Ноутбуки,0,25018.59,0
2024-02-05,312,64504,Ноутбуки,4,38219.98,0
2024-02-05,312,64505,Смартфони,4,28360.7,0
2024-02-05,312,64506,Смартфони,10,9210.96,0
2024-02-05,312,64507,Смартфони,6,14803.65,0
2024-02-05,312,64508,Смартфони,4,16490.76,0
2024-02-05,312,64509,Смартфони,8,31447.21,0
2024-02-05,312,64510,Холодильники,0,23701.49,0
2024-02-05,312,64511,Холодильники,2,19680.81,0
2024-02-05,312,64512,Холодильники,4,36450.27,0
2024-02-05,312,64513,Холодильники,0,35718.73,0
2024-02-05,312,64514,Холодильники,0,21230.03,0
2024-02-06,215,64500,Ноутбуки,2,34354.08,0
2024-02-06,215,64501,Ноутбуки,5,26116.28,0
2024-02-06,215,64502,Ноутбуки,1,20426.51,0
2024-02-06,215,64503,Ноутбуки,4,24393.71,0
2024-02-06,215,64504,Ноутбуки,5,41271.17,0
2024-02-06,215,64505,Смартфони,10,29711.5,0
2024-02-06,215,64506,Смартфони,18,9267.84,0
2024-02-06,215,64507,Смартфони,14,14173.17,0
2024-02-06,215,64508,Смартфони,4,16113.17,0
2024-02-06,215,64509,Смартфони,14,32669.7,0
2024-02-06,215,64510,Холодильники,4,23662.42,0
2024-02-06,215,64511,Холодильники,5,18235.5,0
2024-02-06,215,64512,Холодильники,0,36421.12,0
2024-02-06,215,64513,Холодильники,3,36313.72,0
2024-02-06,215,64514,Холодильники,0,22344.93,0
2024-02-06,312,64500,Ноутбуки,1,34621.76,0
2024-02-06,312,64501,Ноутбуки,3,25533.68,0
2024-02-06,312,64502,Ноутбуки,2,20390.81,0
2024-02-06,312,64503,Ноутбуки,2,25252.2,0
2024-02-06,312,64504,Ноутбуки,7,36804.77,1
2024-02-06,312,64505,Смартфони,4,29243.59,0
2024-02-06,312,64506,Смартфони,7,9381.14,0
2024-02-06,312,64507,Смартфони,11,13802.4,0
2024-02-06,312,64508,Смартфони,11,16969.17,0
2024-02-06,312,64509,Смартфони,17,30885.8,1
2024-02-06,312,64510,Холодильники,5,25027.24,0
2024-02-06,312,64511,Холодильники,0,18131.28,0
2024-02-06,312,64512,Холодильники,3,34377.09,0
2024-02-06,312,64513,Холодильники,1,34142.27,0
2024-02-06,312,64514,Холодильники,0,22132.62,0
2024-02-07,215,64500,Ноутбуки,0,31526.43,1
2024-02-07,215,64501,Ноутбуки,3,25880.56,0
2024-02-07,215,64502,Ноутбуки,5,21753.35,0
2024-02-07,215,64503,Ноутбуки,11,25611.59,0
2024-02-07,215,64504,Ноутбуки,3,39889.98,0
2024-02-07,215,64505,Смартфони,7,29445.98,0
2024-02-07,215,64506,Смартфони,12,9575.5,0
2024-02-07,215,64507,Смартфони,15,14797.89,0
2024-02-07,215,64508,Смартфони,9,16647.24,0
2024-02-07,215,64509,Смартфони,20,33060.81,0
2024-02-07,215,64510,Холодильники,1,24685.36,0
2024-02-07,215,64511,Холодильники,1,18833.7,0
2024-02-07,215,64512,Холодильники,1,34900.16,0
2024-02-07,215,64513,Холодильники,4,32857.97,1
2024-02-07,215,64514,Холодильники,0,21289.91,0
2024-02-07,312,64500,Ноутбуки,2,34497.18,0
2024-02-07,312,64501,Ноутбуки,0,25101.76,0
2024-02-07,312,64502,Ноутбуки,4,20852.55,0
2024-02-07,312,64503,Ноутбуки,5,22679.28,1
2024-02-07,312,64504,Ноутбуки,4,39278.31,0
2024-02-07,312,64505,Смартфони,6,29290.35,0
2024-02-07,312,64506,Смартфони,10,9291.63,0
2024-02-07,312,64507,Смартфони,13,13625.08,0
2024-02-07,312,64508,Смартфони,5,16815.84,0
2024-02-07,312,64509,Смартфони,15,32420.06,0
2024-02-07,312,64510,Холодильники,3,24207.4,0
2024-02-07,312,64511,Холодильники,0,18602.72,0
2024-02-07,312,64512,Холодильники,6,33338.1,0
2024-02-07,312,64513,Холодильники,2,36653.37,0
2024-02-07,312,64514,Холодильники,0,22529.09,0
2024-02-08,215,64500,Ноутбуки,2,29934.69,1
2024-02-08,215,64501,Ноутбуки,4,26899.98,0
2024-02-08,215,64502,Ноутбуки,7,20926.77,0
2024-02-08,215,64503,Ноутбуки,3,24486.63,0
2024-02-08,215,64504,Ноутбуки,3,39692.53,0
2024-02-08,215,64505,Смартфони,7,30143.53,0
2024-02-08,215,64506,Смартфони,10,9576.43,0
2024-02-08,215,64507,Смартфони,14,13856.05,0
2024-02-08,215,64508,Смартфони,6,16835.94,0
2024-02-08,215,64509,Смартфони,18,34034.97,0
2024-02-08,215,64510,Холодильники,4,25314.26,0
2024-02-08,215,64511,Холодильники,7,19304.6,0
2024-02-08,215,64512,Холодильники,4,34661.09,0
2024-02-08,215,64513,Холодильники,4,30469.31,1
2024-02-08,215,64514,Холодильники,2,21765.41,0
2024-02-08,312,64500,Ноутбуки,6,29403.26,1
2024-02-08,312,64501,Ноутбуки,4,25334.65,0
2024-02-08,312,64502,Ноутбуки,7,20878.17,0
2024-02-08,312,64503,Ноутбуки,3,25954.96,0
2024-02-08,312,64504,Ноутбуки,3,40860.22,0
2024-02-08,312,64505,Смартфони,5,27165.42,0
2024-02-08,312,64506,Смартфони,10,9289.19,0
2024-02-08,312,64507,Смартфони,11,14729.62,0
2024-02-08,312,64508,Смартфони,10,15609.25,0
2024-02-08,312,64509,Смартфони,18,31878.29,0
2024-02-08,312,64510,Холодильники,5,24466.54,0
2024-02-08,312,64511,Холодильники,5,18795.46,0
2024-02-08,312,64512,Холодильники,1,35095.94,0
2024-02-08,312,64513,Холодильники,0,32427.52,1
2024-02-08,312,64514,Холодильники,0,22210.31,0
2024-02-09,215,64500,Ноутбуки,2,33350.7,0
2024-02-09,215,64501,Ноутбуки,5,24554.36,0
2024-02-09,215,64502,Ноутбуки,4,20429.75,0
2024-02-09,215,64503,Ноутбуки,8,26325.76,0
2024-02-09,215,64504,Ноутбуки,1,42506.75,0
2024-02-09,215,64505,Смартфони,17,30614.78,0
2024-02-09,215,64506,Смартфони,22,9184.24,0
2024-02-09,215,64507,Смартфони,17,14058.9,0
2024-02-09,215,64508,Смартфони,11,16661.53,0
2024-02-09,215,64509,Смартфони,15,34092.62,0
2024-02-09,215,64510,Холодильники,4,25162.44,0
2024-02-09,215,64511,Холодильники,4,19511.17,0
2024-02-09,215,64512,Холодильники,4,34223.19,0
2024-02-09,215,64513,Холодильники,2,36155.82,0
2024-02-09,215,64514,Холодильники,1,22448.35,0
2024-02-09,312,64500,Ноутбуки,4,36597.55,0
2024-02-09,312,64501,Ноутбуки,0,24953.1,0
2024-02-09,312,64502,Ноутбуки,9,19582.17,0
2024-02-09,312,64503,Ноутбуки,3,26484.81,0
2024-02-09,312,64504,Ноутбуки,3,40956.06,0
2024-02-09,312,64505,Смартфони,3,30008.25,0
2024-02-09,312,64506,Смартфони,15,9142.22,0
2024-02-09,312,64507,Смартфони,6,13779.55,0
2024-02-09,312,64508,Смартфони,11,16913.01,0
2024-02-09,312,64509,Смартфони,7,33644.53,0
2024-02-09,312,64510,Холодильники,2,23830.25,0
2024-02-09,312,64511,Холодильники,3,19216.22,0
2024-02-09,312,64512,Холодильники,3,34215.71,0
2024-02-09,312,64513,Холодильники,3,32733.27,1
2024-02-09,312,64514,Холодильники,3,22288.54,0
2024-02-10,215,64500,Ноутбуки,4,36267.23,0
2024-02-10,215,64501,Ноутбуки,2,26188.31,0
2024-02-10,215,64502,Ноутбуки,9,20889.8,0
2024-02-10,215,64503,Ноутбуки,7,25303.57,0
2024-02-10,215,64504,Ноутбуки,2,41038.77,0
2024-02-10,215,64505,Смартфони,13,29312.76,0
2024-02-10,215,64506,Смартфони,19,9346.31,0
2024-02-10,215,64507,Смартфони,11,14247.91,0
2024-02-10,215,64508,Смартфони,10,17359.17,0
2024-02-10,215,64509,Смартфони,25,34369.73,0
2024-02-10,215,64510,Холодильники,6,23922.59,0
2024-02-10,215,64511,Холодильники,6,20216.07,0
2024-02-10,215,64512,Холодильники,4,34884.76,0
2024-02-10,215,64513,Холодильники,2,34225.47,0
2024-02-10,215,64514,Холодильники,3,20751.52,0
2024-02-10,312,64500,Ноутбуки,2,35847.23,0
2024-02-10,312,64501,Ноутбуки,1,24836.21,0
2024-02-10,312,64502,Ноутбуки,7,21523.79,0
2024-02-10,312,64503,Ноутбуки,6,23463.49,0
2024-02-10,312,64504,Ноутбуки,2,41102.03,0
2024-02-10,312,64505,Смартфони,9,29579.53,0
2024-02-10,312,64506,Смартфони,15,9267.7,0
2024-02-10,312,64507,Смартфони,15,13846.34,0
2024-02-10,312,64508,Смартфони,7,15586.72,0
2024-02-10,312,64509,Смартфони,14,32053.61,0
2024-02-10,312,64510,Холодильники,3,23998.21,0
2024-02-10,312,64511,Холодильники,6,19172.11,0
2024-02-10,312,64512,Холодильники,1,35714.42,0
2024-02-10,312,64513,Холодильники,0,35381.23,0
2024-02-10,312,64514,Холодильники,4,22464.84,0
2024-02-11,215,64500,Ноутбуки,4,35198.12,0
2024-02-11,215,64501,Ноутбуки,5,24973.38,0
2024-02-11,215,64502,Ноутбуки,10,21595.69,0
2024-02-11,215,64503,Ноутбуки,4,25414.19,0
2024-02-11,215,64504,Ноутбуки,9,40222.14,0
2024-02-11,215,64505,Смартфони,10,30937.61,0
2024-02-11,215,64506,Смартфони,14,8922.72,0
2024-02-11,215,64507,Смартфони,31,12845.7,1
2024-02-11,215,64508,Смартфони,14,15943.4,0
2024-02-11,215,64509,Смартфони,17,33351.82,0
2024-02-11,215,64510,Холодильники,2,25189.25,0
2024-02-11,215,64511,Холодильники,2,19256.5,0
2024-02-11,215,64512,Холодильники,3,35145.46,0
2024-02-11,215,64513,Холодильники,2,36464.26,0
2024-02-11,215,64514,Холодильники,2,23353.41,0
2024-02-11,312,64500,Ноутбуки,1,35343.49,0
2024-02-11,312,64501,Ноутбуки,3,25944.5,0
2024-02-11,312,64502,Ноутбуки,11,20725.74,0
2024-02-11,312,64503,Ноутбуки,8,25802.38,0
2024-02-11,312,64504,Ноутбуки,3,40570.8,0
2024-02-11,312,64505,Смартфони,10,28562.69,0
2024-02-11,312,64506,Смартфони,13,9390.44,0
2024-02-11,312,64507,Смартфони,14,13903.98,0
2024-02-11,312,64508,Смартфони,9,17049.17,0
2024-02-11,312,64509,Смартфони,15,34008.16,0
2024-02-11,312,64510,Холодильники,2,24267.1,0
2024-02-11,312,64511,Холодильники,1,19961.27,0
2024-02-11,312,64512,Холодильники,5,34642.93,0
2024-02-11,312,64513,Холодильники,2,36484.4,0
2024-02-11,312,64514,Холодильники,0,22770.42,0
2024-02-12,215,64500,Ноутбуки,4,36069.02,0
2024-02-12,215,64501,Ноутбуки,1,27085.21,0
2024-02-12,215,64502,Ноутбуки,5,20044.4,0
2024-02-12,215,64503,Ноутбуки,12,25910.29,0
2024-02-12,215,64504,Ноутбуки,2,38026.6,0
2024-02-12,215,64505,Смартфони,11,29258.02,0
2024-02-12,215,64506,Смартфони,12,9585.73,0
2024-02-12,215,64507,Смартфони,18,13689.45,0
2024-02-12,215,64508,Смартфони,6,16920.16,0
2024-02-12,215,64509,Смартфони,22,33029.38,0
2024-02-12,215,64510,Холодильники,4,23170.08,0
2024-02-12,215,64511,Холодильники,5,17226.49,0
2024-02-12,215,64512,Холодильники,2,36703.95,0
2024-02-12,215,64513,Холодильники,5,34572.57,0
2024-02-12,215,64514,Холодильники,4,21924.73,0
2024-02-12,312,64500,Ноутбуки,3,35134.71,0
2024-02-12,312,64501,Ноутбуки,2,25421.47,0
2024-02-12,312,64502,Ноутбуки,8,20226.72,0
2024-02-12,312,64503,Ноутбуки,2,24075.39,0
2024-02-12,312,64504,Ноутбуки,2,39651.79,0
2024-02-12,312,64505,Смартфони,7,29670.78,0
2024-02-12,312,64506,Смартфони,20,8547.05,1
2024-02-12,312,64507,Смартфони,8,14287.8,0
2024-02-12,312,64508,Смартфони,4,16445.19,0
2024-02-12,312,64509,Смартфони,12,32931.3,0
2024-02-12,312,64510,Холодильники,2,24027.1,0
2024-02-12,312,64511,Холодильники,1,19014.8,0
2024-02-12,312,64512,Холодильники,3,35966.85,0
2024-02-12,312,64513,Холодильники,0,35961.42,0
2024-02-12,312,64514,Холодильники,2,18755.56,1
2024-02-13,215,64500,Ноутбуки,6,33929.13,0
2024-02-13,215,64501,Ноутбуки,1,26763.89,0
2024-02-13,215,64502,Ноутбуки,9,20405.86,0
2024-02-13,215,64503,Ноутбуки,1,27264.79,0
2024-02-13,215,64504,Ноутбуки,1,41972.92,0
2024-02-13,215,64505,Смартфони,12,28372.82,0
2024-02-13,215,64506,Смартфони,13,9375.33,0
2024-02-13,215,64507,Смартфони,12,13434.01,0
2024-02-13,215,64508,Смартфони,8,16348.15,0
2024-02-13,215,64509,Смартфони,23,33419.32,0
2024-02-13,215,64510,Холодильники,3,24555.19,0
2024-02-13,215,64511,Холодильники,7,19175.88,0
2024-02-13,215,64512,Холодильники,5,34889.9,0
2024-02-13,215,64513,Холодильники,1,36808.19,0
2024-02-13,215,64514,Холодильники,1,21382.64,0
2024-02-13,312,64500,Ноутбуки,5,35536.66,0
2024-02-13,312,64501,Ноутбуки,4,24923.81,0
2024-02-13,312,64502,Ноутбуки,5,20518.94,0
2024-02-13,312,64503,Ноутбуки,2,26267.18,0
2024-02-13,312,64504,Ноутбуки,4,42874.67,0
2024-02-13,312,64505,Смартфони,6,30206.7,0
2024-02-13,312,64506,Смартфони,12,9379.64,0
2024-02-13,312,64507,Смартфони,5,14324.0,0
2024-02-13,312,64508,Смартфони,9,16266.02,0
2024-02-13,312,64509,Смартфони,10,35055.64,0
2024-02-13,312,64510,Холодильники,4,23381.3,0
2024-02-13,312,64511,Холодильники,2,18754.57,0
2024-02-13,312,64512,Холодильники,2,35339.68,0
2024-02-13,312,64513,Холодильники,3,35706.66,0
2024-02-13,312,64514,Холодильники,0,21086.41,0
2024-02-14,215,64500,Ноутбуки,6,35668.91,0
2024-02-14,215,64501,Ноутбуки,5,25254.35,0
2024-02-14,215,64502,Ноутбуки,10,20638.38,0
2024-02-14,215,64503,Ноутбуки,8,24251.08,1
2024-02-14,215,64504,Ноутбуки,5,35653.56,1
2024-02-14,215,64505,Смартфони,8,28186.3,0
2024-02-14,215,64506,Смартфони,16,9157.74,0
2024-02-14,215,64507,Смартфони,19,13562.06,0
2024-02-14,215,64508,Смартфони,11,15861.72,0
2024-02-14,215,64509,Смартфони,18,34475.07,0
2024-02-14,215,64510,Холодильники,6,21920.81,1
2024-02-14,215,64511,Холодильники,3,18245.49,0
2024-02-14,215,64512,Холодильники,2,36725.21,0
2024-02-14,215,64513,Холодильники,0,34986.05,0
2024-02-14,215,64514,Холодильники,2,21313.79,0
2024-02-14,312,64500,Ноутбуки,3,34993.06,0
2024-02-14,312,64501,Ноутбуки,2,26018.66,0
2024-02-14,312,64502,Ноутбуки,6,21693.69,0
2024-02-14,312,64503,Ноутбуки,5,26343.13,0
2024-02-14,312,64504,Ноутбуки,4,39299.86,0
2024-02-14,312,64505,Смартфони,9,30183.15,0
2024-02-14,312,64506,Смартфони,12,9446.89,0
2024-02-14,312,64507,Смартфони,8,14545.62,0
2024-02-14,312,64508,Смартфони,13,17440.33,0
2024-02-14,312,64509,Смартфони,18,36073.72,0
2024-02-14,312,64510,Холодильники,0,24057.89,0
2024-02-14,312,64511,Холодильники,2,18966.25,0
2024-02-14,312,64512,Холодильники,2,34986.04,0
2024-02-14,312,64513,Холодильники,1,36128.55,0
2024-02-14,312,64514,Холодильники,2,22743.85,0
2024-02-15,215,64500,Ноутбуки,3,32859.48,1
2024-02-15,215,64501,Ноутбуки,7,25169.62,0
2024-02-15,215,64502,Ноутбуки,7,20391.96,0
2024-02-15,215,64503,Ноутбуки,6,25511.34,0
2024-02-15,215,64504,Ноутбуки,2,39648.94,0
2024-02-15,215,64505,Смартфони,8,30239.53,0
2024-02-15,215,64506,Смартфони,18,9428.35,0
2024-02-15,215,64507,Смартфони,10,14064.47,0
2024-02-15,215,64508,Смартфони,11,16178.23,0
2024-02-15,215,64509,Смартфони,17,33535.66,0
2024-02-15,215,64510,Холодильники,2,25020.47,0
2024-02-15,215,64511,Холодильники,6,18659.32,0
2024-02-15,215,64512,Холодильники,1,34290.58,0
2024-02-15,215,64513,Холодильники,3,35940.9,0
2024-02-15,215,64514,Холодильники,0,22632.19,0
2024-02-15,312,64500,Ноутбуки,1,35152.22,0
2024-02-15,312,64501,Ноутбуки,0,25378.12,0
2024-02-15,312,64502,Ноутбуки,2,20680.19,0
2024-02-15,312,64503,Ноутбуки,3,25161.7,0
2024-02-15,312,64504,Ноутбуки,1,41220.7,0
2024-02-15,312,64505,Смартфони,2,30013.63,0
2024-02-15,312,64506,Смартфони,11,9371.31,0
2024-02-15,312,64507,Смартфони,20,13161.82,0
2024-02-15,312,64508,Смартфони,11,15800.54,0
2024-02-15,312,64509,Смартфони,24,32151.35,1
2024-02-15,312,64510,Холодильники,0,24330.67,0
2024-02-15,312,64511,Холодильники,4,18328.86,0
2024-02-15,312,64512,Холодильники,4,36770.6,0
2024-02-15,312,64513,Холодильники,0,36754.52,0
2024-02-15,312,64514,Холодильники,3,21450.66,0
2024-02-16,215,64500,Ноутбуки,1,33483.37,0
2024-02-16,215,64501,Ноутбуки,4,25174.6,0
2024-02-16,215,64502,Ноутбуки,1,20390.45,0
2024-02-16,215,64503,Ноутбуки,5,26959.47,0
2024-02-16,215,64504,Ноутбуки,6,40220.18,0
2024-02-16,215,64505,Смартфони,9,30701.97,0
2024-02-16,215,64506,Смартфони,26,9226.18,0
2024-02-16,215,64507,Смартфони,16,14235.43,0
2024-02-16,215,64508,Смартфони,7,16130.72,0
2024-02-16,215,64509,Смартфони,24,32631.02,0
2024-02-16,215,64510,Холодильники,4,23998.35,0
2024-02-16,215,64511,Холодильники,2,19421.85,0
2024-02-16,215,64512,Холодильники,6,35698.11,0
2024-02-16,215,64513,Холодильники,5,35535.5,0
2024-02-16,215,64514,Холодильники,2,21865.38,0
2024-02-16,312,64500,Ноутбуки,2,34358.01,0
2024-02-16,312,64501,Ноутбуки,2,26693.04,0
2024-02-16,312,64502,Ноутбуки,12,20491.86,1
2024-02-16,312,64503,Ноутбуки,6,25944.86,0
2024-02-16,312,64504,Ноутбуки,2,39328.45,0
2024-02-16,312,64505,Смартфони,3,31116.91,0
2024-02-16,312,64506,Смартфони,9,9179.65,0
2024-02-16,312,64507,Смартфони,16,14032.29,0
2024-02-16,312,64508,Смартфони,4,16957.31,0
2024-02-16,312,64509,Смартфони,21,32167.98,0
2024-02-16,312,64510,Холодильники,3,23669.51,0
2024-02-16,312,64511,Холодильники,6,20010.99,0
2024-02-16,312,64512,Холодильники,2,33722.76,0
2024-02-16,312,64513,Холодильники,6,35231.38,0
2024-02-16,312,64514,Холодильники,4,21360.94,0
2024-02-17,215,64500,Ноутбуки,5,36331.91,0
2024-02-17,215,64501,Ноутбуки,8,25968.11,0
2024-02-17,215,64502,Ноутбуки,9,20741.83,0
2024-02-17,215,64503,Ноутбуки,12,26458.76,0
2024-02-17,215,64504,Ноутбуки,3,39702.83,0
2024-02-17,215,64505,Смартфони,11,29612.12,0
2024-02-17,215,64506,Смартфони,16,9580.07,0
2024-02-17,215,64507,Смартфони,22,14823.74,0
2024-02-17,215,64508,Смартфони,11,16056.98,0
2024-02-17,215,64509,Смартфони,27,31272.76,0
2024-02-17,215,64510,Холодильники,2,25382.97,0
2024-02-17,215,64511,Холодильники,9,19278.25,0
2024-02-17,215,64512,Холодильники,4,34115.25,0
2024-02-17,215,64513,Холодильники,1,33732.98,0
2024-02-17,215,64514,Холодильники,3,22248.67,0
2024-02-17,312,64500,Ноутбуки,3,35015.26,0
2024-02-17,312,64501,Ноутбуки,4,25713.69,0
2024-02-17,312,64502,Ноутбуки,6,20426.74,0
2024-02-17,312,64503,Ноутбуки,3,25419.59,0
2024-02-17,312,64504,Ноутбуки,4,40466.62,0
2024-02-17,312,64505,Смартфони,8,30183.51,0
2024-02-17,312,64506,Смартфони,11,9921.81,0
2024-02-17,312,64507,Смартфони,16,14827.72,0
2024-02-17,312,64508,Смартфони,16,17061.82,0
2024-02-17,312,64509,Смартфони,17,35237.85,0
2024-02-17,312,64510,Холодильники,4,22262.2,0
2024-02-17,312,64511,Холодильники,4,20015.59,0
2024-02-17,312,64512,Холодильники,2,33958.54,0
2024-02-17,312,64513,Холодильники,5,35197.82,0
2024-02-17,312,64514,Холодильники,6,20494.64,1
2024-02-18,215,64500,Ноутбуки,3,37567.09,0
2024-02-18,215,64501,Ноутбуки,1,24448.83,0
2024-02-18,215,64502,Ноутбуки,17,20731.42,0
2024-02-18,215,64503,Ноутбуки,5,25833.48,0
2024-02-18,215,64504,Ноутбуки,5,41198.61,0
2024-02-18,215,64505,Смартфони,9,29932.79,0
2024-02-18,215,64506,Смартфони,25,9549.39,0
2024-02-18,215,64507,Смартфони,17,14108.26,0
2024-02-18,215,64508,Смартфони,8,16256.69,0
2024-02-18,215,64509,Смартфони,18,32968.04,0
2024-02-18,215,64510,Холодильники,6,25333.44,0
2024-02-18,215,64511,Холодильники,4,19608.53,0
2024-02-18,215,64512,Холодильники,4,33723.16,0
2024-02-18,215,64513,Холодильники,5,36419.63,0
2024-02-18,215,64514,Холодильники,4,21920.2,0
2024-02-18,312,64500,Ноутбуки,3,34220.33,0
2024-02-18,312,64501,Ноутбуки,2,24528.68,0
2024-02-18,312,64502,Ноутбуки,2,21238.06,0
2024-02-18,312,64503,Ноутбуки,5,24638.71,0
2024-02-18,312,64504,Ноутбуки,3,41013.97,0
2024-02-18,312,64505,Смартфони,3,29366.91,0
2024-02-18,312,64506,Смартфони,9,9118.64,0
2024-02-18,312,64507,Смартфони,11,14113.55,0
2024-02-18,312,64508,Смартфони,10,17104.41,0
2024-02-18,312,64509,Смартфони,14,33114.33,0
2024-02-18,312,64510,Холодильники,3,25675.22,0
2024-02-18,312,64511,Холодильники,3,19052.0,0
2024-02-18,312,64512,Холодильники,6,35947.35,0
2024-02-18,312,64513,Холодильники,0,36529.63,0
2024-02-18,312,64514,Холодильники,2,21911.0,0
2024-02-19,215,64500,Ноутбуки,1,34678.21,0
2024-02-19,215,64501,Ноутбуки,4,24884.84,0
2024-02-19,215,64502,Ноутбуки,8,21129.87,0
2024-02-19,215,64503,Ноутбуки,3,24696.33,0
2024-02-19,215,64504,Ноутбуки,4,39882.2,0
2024-02-19,215,64505,Смартфони,7,28966.76,0
2024-02-19,215,64506,Смартфони,16,9431.28,0
2024-02-19,215,64507,Смартфони,11,14182.72,0
2024-02-19,215,64508,Смартфони,6,16068.49,0
2024-02-19,215,64509,Смартфони,14,33722.43,0
2024-02-19,215,64510,Холодильники,4,24958.46,0
2024-02-19,215,64511,Холодильники,5,20033.89,0
2024-02-19,215,64512,Холодильники,4,33994.76,0
2024-02-19,215,64513,Холодильники,1,34888.59,0
2024-02-19,215,64514,Холодильники,2,21259.33,0
2024-02-19,312,64500,Ноутбуки,2,32778.78,0
2024-02-19,312,64501,Ноутбуки,2,24172.31,0
2024-02-19,312,64502,Ноутбуки,6,19363.37,0
2024-02-19,312,64503,Ноутбуки,3,25474.31,0
2024-02-19,312,64504,Ноутбуки,8,41448.78,0
2024-02-19,312,64505,Смартфони,2,30537.82,0
2024-02-19,312,64506,Смартфони,6,8904.59,0
2024-02-19,312,64507,Смартфони,8,14087.75,0
2024-02-19,312,64508,Смартфони,6,17343.67,0
2024-02-19,312,64509,Смартфони,15,33217.95,0
2024-02-19,312,64510,Холодильники,1,24920.74,0
2024-02-19,312,64511,Холодильники,3,19722.36,0
2024-02-19,312,64512,Холодильники,3,33538.97,0
2024-02-19,312,64513,Холодильники,3,35817.58,0
2024-02-19,312,64514,Холодильники,1,21532.66,0
2024-02-20,215,64500,Ноутбуки,1,33963.67,0
2024-02-20,215,64501,Ноутбуки,2,25911.84,0
2024-02-20,215,64502,Ноутбуки,10,20418.7,0
2024-02-20,215,64503,Ноутбуки,3,26493.68,0
2024-02-20,215,64504,Ноутбуки,5,39582.37,0
2024-02-20,215,64505,Смартфони,13,28917.85,0
2024-02-20,215,64506,Смартфони,37,8064.41,1
2024-02-20,215,64507,Смартфони,13,14480.16,0
2024-02-20,215,64508,Смартфони,11,16603.84,0
2024-02-20,215,64509,Смартфони,22,33090.21,0
2024-02-20,215,64510,Холодильники,4,24955.98,0
2024-02-20,215,64511,Холодильники,4,20027.23,0
2024-02-20,215,64512,Холодильники,4,34688.83,0
2024-02-20,215,64513,Холодильники,5,35904.91,0
2024-02-20,215,64514,Холодильники,1,22468.35,0
2024-02-20,312,64500,Ноутбуки,3,33918.36,0
2024-02-20,312,64501,Ноутбуки,2,26793.83,0
2024-02-20,312,64502,Ноутбуки,4,21987.93,0
2024-02-20,312,64503,Ноутбуки,3,25267.31,0
2024-02-20,312,64504,Ноутбуки,2,38888.49,0
2024-02-20,312,64505,Смартфони,3,28766.37,0
2024-02-20,312,64506,Смартфони,13,9027.64,0
2024-02-20,312,64507,Смартфони,10,13616.91,0
2024-02-20,312,64508,Смартфони,7,16565.99,0
2024-02-20,312,64509,Смартфони,8,33628.76,0
2024-02-20,312,64510,Холодильники,3,24898.8,0
2024-02-20,312,64511,Холодильники,2,19574.96,0
2024-02-20,312,64512,Холодильники,1,34248.76,0
2024-02-20,312,64513,Холодильники,0,34983.97,0
2024-02-20,312,64514,Холодильники,2,20246.44,1
2024-02-21,215,64500,Ноутбуки,1,36203.92,0
2024-02-21,215,64501,Ноутбуки,1,25570.54,0
2024-02-21,215,64502,Ноутбуки,3,19664.84,0
2024-02-21,215,64503,Ноутбуки,5,25484.29,0
2024-02-21,215,64504,Ноутбуки,3,40528.74,0
2024-02-21,215,64505,Смартфони,14,28765.4,0
2024-02-21,215,64506,Смартфони,17,9410.8,0
2024-02-21,215,64507,Смартфони,16,14470.34,0
2024-02-21,215,64508,Смартфони,15,14507.74,1
2024-02-21,215,64509,Смартфони,32,30624.47,1
2024-02-21,215,64510,Холодильники,1,24792.38,0
2024-02-21,215,64511,Холодильники,5,19282.91,0
2024-02-21,215,64512,Холодильники,1,35251.89,0
2024-02-21,215,64513,Холодильники,0,36152.96,0
2024-02-21,215,64514,Холодильники,2,21397.4,0
2024-02-21,312,64500,Ноутбуки,3,35129.6,0
2024-02-21,312,64501,Ноутбуки,2,24798.53,0
2024-02-21,312,64502,Ноутбуки,8,21660.14,0
2024-02-21,312,64503,Ноутбуки,4,25220.99,0
2024-02-21,312,64504,Ноутбуки,3,43223.13,0
2024-02-21,312,64505,Смартфони,13,31163.63,0
2024-02-21,312,64506,Смартфони,8,9078.49,0
2024-02-21,312,64507,Смартфони,14,14658.33,0
2024-02-21,312,64508,Смартфони,8,16555.59,0
2024-02-21,312,64509,Смартфони,5,30866.53,0
2024-02-21,312,64510,Холодильники,1,24563.56,0
2024-02-21,312,64511,Холодильники,3,19571.5,0
2024-02-21,312,64512,Холодильники,4,33989.49,0
2024-02-21,312,64513,Холодильники,2,35687.18,0
2024-02-21,312,64514,Холодильники,3,21000.3,0
2024-02-22,215,64500,Ноутбуки,2,34631.03,0
2024-02-22,215,64501,Ноутбуки,1,25575.0,0
2024-02-22,215,64502,Ноутбуки,6,21113.51,0
2024-02-22,215,64503,Ноутбуки,5,24656.79,0
2024-02-22,215,64504,Ноутбуки,2,40417.36,0
2024-02-22,215,64505,Смартфони,5,28940.27,0
2024-02-22,215,64506,Смартфони,28,8023.25,1
2024-02-22,215,64507,Смартфони,15,13600.65,0
2024-02-22,215,64508,Смартфони,8,15501.92,0
2024-02-22,215,64509,Смартфони,10,33462.38,0
2024-02-22,215,64510,Холодильники,6,23741.54,0
2024-02-22,215,64511,Холодильники,5,18489.14,0
2024-02-22,215,64512,Холодильники,5,34775.64,0
2024-02-22,215,64513,Холодильники,1,36830.02,0
2024-02-22,215,64514,Холодильники,4,22256.22,0
2024-02-22,312,64500,Ноутбуки,6,33507.44,0
2024-02-22,312,64501,Ноутбуки,2,25377.87,0
2024-02-22,312,64502,Ноутбуки,7,21197.77,0
2024-02-22,312,64503,Ноутбуки,5,25347.76,0
2024-02-22,312,64504,Ноутбуки,5,41031.36,0
2024-02-22,312,64505,Смартфони,8,27972.02,0
2024-02-22,312,64506,Смартфони,11,9172.28,0
2024-02-22,312,64507,Смартфони,10,13103.59,0
2024-02-22,312,64508,Смартфони,4,16640.27,0
2024-02-22,312,64509,Смартфони,13,31941.42,0
2024-02-22,312,64510,Холодильники,3,23891.37,0
2024-02-22,312,64511,Холодильники,1,19525.71,0
2024-02-22,312,64512,Холодильники,5,34353.02,0
2024-02-22,312,64513,Холодильники,1,38550.9,0
2024-02-22,312,64514,Холодильники,3,21341.5,0
2024-02-23,215,64500,Ноутбуки,5,34927.53,0
2024-02-23,215,64501,Ноутбуки,7,25740.84,0
2024-02-23,215,64502,Ноутбуки,5,21123.16,0
2024-02-23,215,64503,Ноутбуки,6,25048.84,0
2024-02-23,215,64504,Ноутбуки,7,40113.02,0
2024-02-23,215,64505,Смартфони,7,28534.54,0
2024-02-23,215,64506,Смартфони,12,9025.9,0
2024-02-23,215,64507,Смартфони,14,14144.84,0
2024-02-23,215,64508,Смартфони,12,16198.02,0
2024-02-23,215,64509,Смартфони,24,33181.81,0
2024-02-23,215,64510,Холодильники,8,25522.03,0
2024-02-23,215,64511,Холодильники,5,16731.51,1
2024-02-23,215,64512,Холодильники,2,32733.23,0
2024-02-23,215,64513,Холодильники,2,35575.88,0
2024-02-23,215,64514,Холодильники,3,21300.72,0
2024-02-23,312,64500,Ноутбуки,2,34098.77,0
2024-02-23,312,64501,Ноутбуки,3,22567.25,1
2024-02-23,312,64502,Ноутбуки,2,21283.28,0
2024-02-23,312,64503,Ноутбуки,4,25152.41,0
2024-02-23,312,64504,Ноутбуки,9,34830.68,1
2024-02-23,312,64505,Смартфони,5,30257.84,0
2024-02-23,312,64506,Смартфони,9,8203.7,1
2024-02-23,312,64507,Смартфони,4,13769.56,0
2024-02-23,312,64508,Смартфони,4,16795.08,0
2024-02-23,312,64509,Смартфони,20,34698.14,0
2024-02-23,312,64510,Холодильники,7,24147.69,0
2024-02-23,312,64511,Холодильники,3,19992.27,0
2024-02-23,312,64512,Холодильники,0,33294.69,0
2024-02-23,312,64513,Холодильники,2,34743.09,0
2024-02-23,312,64514,Холодильники,1,22109.23,0
2024-02-24,215,64500,Ноутбуки,5,34660.31,0
2024-02-24,215,64501,Ноутбуки,4,25962.37,0
2024-02-24,215,64502,Ноутбуки,4,20447.59,0
2024-02-24,215,64503,Ноутбуки,6,24596.67,0
2024-02-24,215,64504,Ноутбуки,5,39088.65,0
2024-02-24,215,64505,Смартфони,8,29590.56,0
2024-02-24,215,64506,Смартфони,22,9725.38,0
2024-02-24,215,64507,Смартфони,16,13931.52,0
2024-02-24,215,64508,Смартфони,11,17545.7,0
2024-02-24,215,64509,Смартфони,17,32144.6,0
2024-02-24,215,64510,Холодильники,5,24926.23,0
2024-02-24,215,64511,Холодильники,14,19682.77,0
2024-02-24,215,64512,Холодильники,6,35058.47,0
2024-02-24,215,64513,Холодильники,2,35841.69,0
2024-02-24,215,64514,Холодильники,4,22279.48,0
2024-02-24,312,64500,Ноутбуки,1,34287.81,0
2024-02-24,312,64501,Ноутбуки,1,25802.93,0
2024-02-24,312,64502,Ноутбуки,8,21843.1,0
2024-02-24,312,64503,Ноутбуки,6,26032.16,0
2024-02-24,312,64504,Ноутбуки,3,39415.58,0
2024-02-24,312,64505,Смартфони,9,29405.99,0
2024-02-24,312,64506,Смартфони,10,9350.68,0
2024-02-24,312,64507,Смартфони,16,14855.09,0
2024-02-24,312,64508,Смартфони,8,17099.33,0
2024-02-24,312,64509,Смартфони,20,34438.94,0
2024-02-24,312,64510,Холодильники,4,24449.27,0
2024-02-24,312,64511,Холодильники,4,19650.81,0
2024-02-24,312,64512,Холодильники,2,34219.75,0
2024-02-24,312,64513,Холодильники,2,30176.32,1
2024-02-24,312,64514,Холодильники,0,22451.62,0
2024-02-25,215,64500,Ноутбуки,3,36464.52,0
2024-02-25,215,64501,Ноутбуки,1,25311.63,0
2024-02-25,215,64502,Ноутбуки,17,18487.72,1
2024-02-25,215,64503,Ноутбуки,6,25337.86,0
2024-02-25,215,64504,Ноутбуки,3,42567.54,0
2024-02-25,215,64505,Смартфони,10,31118.82,0
2024-02-25,215,64506,Смартфони,15,9162.38,0
2024-02-25,215,64507,Смартфони,16,13172.95,0
2024-02-25,215,64508,Смартфони,7,16405.68,0
2024-02-25,215,64509,Смартфони,29,30704.29,1
2024-02-25,215,64510,Холодильники,5,24509.97,0
2024-02-25,215,64511,Холодильники,7,18566.65,0
2024-02-25,215,64512,Холодильники,4,35031.63,0
2024-02-25,215,64513,Холодильники,2,36083.63,0
2024-02-25,215,64514,Холодильники,3,21610.65,0
2024-02-25,312,64500,Ноутбуки,0,34111.61,0
2024-02-25,312,64501,Ноутбуки,8,25484.72,0
2024-02-25,312,64502,Ноутбуки,5,20441.11,0
2024-02-25,312,64503,Ноутбуки,5,25157.22,0
2024-02-25,312,64504,Ноутбуки,4,41152.06,0
2024-02-25,312,64505,Смартфони,6,28508.75,0
2024-02-25,312,64506,Смартфони,14,9444.36,0
2024-02-25,312,64507,Смартфони,12,14539.15,0
2024-02-25,312,64508,Смартфони,12,14484.53,1
2024-02-25,312,64509,Смартфони,15,33647.09,0
2024-02-25,312,64510,Холодильники,1,24743.42,0
2024-02-25,312,64511,Холодильники,5,19087.25,0
2024-02-25,312,64512,Холодильники,6,36299.85,0
2024-02-25,312,64513,Холодильники,1,35740.5,0
2024-02-25,312,64514,Холодильники,4,21478.01,0
2024-02-26,215,64500,Ноутбуки,3,35662.54,0
2024-02-26,215,64501,Ноутбуки,5,26027.18,0
2024-02-26,215,64502,Ноутбуки,4,19546.4,0
2024-02-26,215,64503,Ноутбуки,5,25250.68,0
2024-02-26,215,64504,Ноутбуки,5,41145.22,0
2024-02-26,215,64505,Смартфони,15,30362.79,0
2024-02-26,215,64506,Смартфони,16,9121.55,0
2024-02-26,215,64507,Смартфони,16,13338.44,0
2024-02-26,215,64508,Смартфони,9,16592.56,0
2024-02-26,215,64509,Смартфони,17,31228.07,0
2024-02-26,215,64510,Холодильники,1,23010.29,0
2024-02-26,215,64511,Холодильники,15,16845.19,1
2024-02-26,215,64512,Холодильники,2,34011.5,0
2024-02-26,215,64513,Холодильники,2,35036.68,0
2024-02-26,215,64514,Холодильники,3,22671.9,0
2024-02-26,312,64500,Ноутбуки,4,34969.72,0
2024-02-26,312,64501,Ноутбуки,5,24750.42,0
2024-02-26,312,64502,Ноутбуки,8,18610.3,1
2024-02-26,312,64503,Ноутбуки,4,24904.02,0
2024-02-26,312,64504,Ноутбуки,3,40007.05,0
2024-02-26,312,64505,Смартфони,10,28995.47,0
2024-02-26,312,64506,Смартфони,8,9435.04,0
2024-02-26,312,64507,Смартфони,21,12112.72,1
2024-02-26,312,64508,Смартфони,6,16252.78,0
2024-02-26,312,64509,Смартфони,17,35567.03,0
2024-02-26,312,64510,Холодильники,1,24722.31,0
2024-02-26,312,64511,Холодильники,3,19623.0,0
2024-02-26,312,64512,Холодильники,5,33535.06,0
2024-02-26,312,64513,Холодильники,1,35027.76,0
2024-02-26,312,64514,Холодильники,3,23055.79,0
2024-02-27,215,64500,Ноутбуки,2,32572.32,1
2024-02-27,215,64501,Ноутбуки,4,23548.61,1
2024-02-27,215,64502,Ноутбуки,9,19958.34,0
2024-02-27,215,64503,Ноутбуки,11,23343.16,1
2024-02-27,215,64504,Ноутбуки,7,38030.0,0
2024-02-27,215,64505,Смартфони,24,30858.97,0
2024-02-27,215,64506,Смартфони,10,9372.69,0
2024-02-27,215,64507,Смартфони,13,13831.59,0
2024-02-27,215,64508,Смартфони,15,14772.93,1
2024-02-27,215,64509,Смартфони,14,33496.92,0
2024-02-27,215,64510,Холодильники,0,21971.29,0
2024-02-27,215,64511,Холодильники,4,18618.05,0
2024-02-27,215,64512,Холодильники,4,32884.74,0
2024-02-27,215,64513,Холодильники,5,36354.89,0
2024-02-27,215,64514,Холодильники,2,21071.98,0
2024-02-27,312,64500,Ноутбуки,1,33506.14,0
2024-02-27,312,64501,Ноутбуки,1,25138.63,0
2024-02-27,312,64502,Ноутбуки,6,18250.74,1
2024-02-27,312,64503,Ноутбуки,1,23860.25,0
2024-02-27,312,64504,Ноутбуки,3,40879.05,0
2024-02-27,312,64505,Смартфони,10,28236.01,0
2024-02-27,312,64506,Смартфони,14,9475.21,0
2024-02-27,312,64507,Смартфони,12,13947.93,0
2024-02-27,312,64508,Смартфони,5,16721.71,0
2024-02-27,312,64509,Смартфони,12,34044.14,0
2024-02-27,312,64510,Холодильники,7,21179.83,1
2024-02-27,312,64511,Холодильники,6,18973.86,0
2024-02-27,312,64512,Холодильники,6,34323.13,0
2024-02-27,312,64513,Холодильники,2,36523.35,0
2024-02-27,312,64514,Холодильники,0,21397.47,0
2024-02-28,215,64500,Ноутбуки,2,33578.1,0
2024-02-28,215,64501,Ноутбуки,3,25639.02,0
2024-02-28,215,64502,Ноутбуки,7,22005.07,0
2024-02-28,215,64503,Ноутбуки,4,26485.81,0
2024-02-28,215,64504,Ноутбуки,5,41119.06,0
2024-02-28,215,64505,Смартфони,10,28079.33,0
2024-02-28,215,64506,Смартфони,13,9402.93,0
2024-02-28,215,64507,Смартфони,18,13782.21,0
2024-02-28,215,64508,Смартфони,4,17048.98,0
2024-02-28,215,64509,Смартфони,13,32469.47,0
2024-02-28,215,64510,Холодильники,2,23640.7,0
2024-02-28,215,64511,Холодильники,4,19472.19,0
2024-02-28,215,64512,Холодильники,5,36045.15,0
2024-02-28,215,64513,Холодильники,1,35365.72,0
2024-02-28,215,64514,Холодильники,2,20555.79,0
2024-02-28,312,64500,Ноутбуки,3,35526.33,0
2024-02-28,312,64501,Ноутбуки,2,24775.54,0
2024-02-28,312,64502,Ноутбуки,5,21157.27,0
2024-02-28,312,64503,Ноутбуки,2,26386.87,0
2024-02-28,312,64504,Ноутбуки,7,38861.5,0
2024-02-28,312,64505,Смартфони,3,30000.07,0
2024-02-28,312,64506,Смартфони,6,9573.6,0
2024-02-28,312,64507,Смартфони,6,14690.15,0
2024-02-28,312,64508,Смартфони,9,16329.13,0
2024-02-28,312,64509,Смартфони,11,33065.45,0
2024-02-28,312,64510,Холодильники,4,24851.46,0
2024-02-28,312,64511,Холодильники,2,19078.27,0
2024-02-28,312,64512,Холодильники,1,36278.58,0
2024-02-28,312,64513,Холодильники,2,34723.17,0
2024-02-28,312,64514,Холодильники,2,19981.3,1
2024-02-29,215,64500,Ноутбуки,1,34533.15,0
2024-02-29,215,64501,Ноутбуки,6,26486.32,0
2024-02-29,215,64502,Ноутбуки,6,20116.16,0
2024-02-29,215,64503,Ноутбуки,9,25715.4,0
2024-02-29,215,64504,Ноутбуки,5,39754.23,0
2024-02-29,215,64505,Смартфони,15,29803.98,0
2024-02-29,215,64506,Смартфони,19,9189.24,0
2024-02-29,215,64507,Смартфони,13,14802.63,0
2024-02-29,215,64508,Смартфони,8,17047.16,0
2024-02-29,215,64509,Смартфони,16,32404.65,0
2024-02-29,215,64510,Холодильники,3,24804.1,0
2024-02-29,215,64511,Холодильники,4,19551.17,0
2024-02-29,215,64512,Холодильники,8,31561.38,1
2024-02-29,215,64513,Холодильники,2,38694.86,0
2024-02-29,215,64514,Холодильники,1,21834.61,0
2024-02-29,312,64500,Ноутбуки,2,34261.39,0
2024-02-29,312,64501,Ноутбуки,7,22529.0,1
2024-02-29,312,64502,Ноутбуки,11,18450.18,1
2024-02-29,312,64503,Ноутбуки,4,25994.9,0
2024-02-29,312,64504,Ноутбуки,3,41432.94,0
2024-02-29,312,64505,Смартфони,7,29381.58,0
2024-02-29,312,64506,Смартфони,6,9097.91,0
2024-02-29,312,64507,Смартфони,14,14697.61,0
2024-02-29,312,64508,Смартфони,11,17272.36,0
2024-02-29,312,64509,Смартфони,9,32647.27,0
2024-02-29,312,64510,Холодильники,2,24932.8,0
2024-02-29,312,64511,Холодильники,5,19587.29,0
2024-02-29,312,64512,Холодильники,5,34462.46,0
2024-02-29,312,64513,Холодильники,1,35924.21,0
2024-02-29,312,64514,Холодильники,2,18714.36,1
2024-03-01,215,64500,Ноутбуки,2,35636.06,0
2024-03-01,215,64501,Ноутбуки,3,24693.84,0
2024-03-01,215,64502,Ноутбуки,12,20524.72,0
2024-03-01,215,64503,Ноутбуки,6,25984.35,0
2024-03-01,215,64504,Ноутбуки,4,40581.75,0
2024-03-01,215,64505,Смартфони,13,30957.33,0
2024-03-01,215,64506,Смартфони,31,9273.55,0
2024-03-01,215,64507,Смартфони,27,15002.24,0
2024-03-01,215,64508,Смартфони,16,17013.76,0
2024-03-01,215,64509,Смартфони,19,33058.87,0
2024-03-01,215,64510,Холодильники,4,24457.0,0
2024-03-01,215,64511,Холодильники,5,19893.17,0
2024-03-01,215,64512,Холодильники,3,33788.03,0
2024-03-01,215,64513,Холодильники,1,36489.13,0
2024-03-01,215,64514,Холодильники,4,20628.3,0
2024-03-01,312,64500,Ноутбуки,5,35680.5,0
2024-03-01,312,64501,Ноутбуки,3,26001.35,0
2024-03-01,312,64502,Ноутбуки,4,20861.64,0
2024-03-01,312,64503,Ноутбуки,5,24860.86,0
2024-03-01,312,64504,Ноутбуки,5,41100.17,0
2024-03-01,312,64505,Смартфони,6,29820.4,0
2024-03-01,312,64506,Смартфони,19,9007.69,0
2024-03-01,312,64507,Смартфони,22,14069.09,0
2024-03-01,312,64508,Смартфони,10,17189.24,0
2024-03-01,312,64509,Смартфони,10,31401.21,0
2024-03-01,312,64510,Холодильники,1,23414.81,0
2024-03-01,312,64511,Холодильники,7,17989.14,1
2024-03-01,312,64512,Холодильники,4,33625.04,0
2024-03-01,312,64513,Холодильники,1,37478.23,0
2024-03-01,312,64514,Холодильники,1,21567.03,0
2024-03-02,215,64500,Ноутбуки,4,34710.76,0
2024-03-02,215,64501,Ноутбуки,6,25815.19,0
2024-03-02,215,64502,Ноутбуки,20,19525.74,1
2024-03-02,215,64503,Ноутбуки,11,23938.19,1
2024-03-02,215,64504,Ноутбуки,9,41783.05,0
2024-03-02,215,64505,Смартфони,15,29365.94,0
2024-03-02,215,64506,Смартфони,20,9225.5,0
2024-03-02,215,64507,Смартфони,23,13930.84,0
2024-03-02,215,64508,Смартфони,17,16796.12,0
2024-03-02,215,64509,Смартфони,26,33742.65,0
2024-03-02,215,64510,Холодильники,4,20421.52,1
2024-03-02,215,64511,Холодильники,6,19230.44,0
2024-03-02,215,64512,Холодильники,4,34324.82,0
2024-03-02,215,64513,Холодильники,5,33438.44,1
2024-03-02,215,64514,Холодильники,2,21907.16,0
2024-03-02,312,64500,Ноутбуки,5,35714.13,0
2024-03-02,312,64501,Ноутбуки,4,26114.39,0
2024-03-02,312,64502,Ноутбуки,18,18791.48,1
2024-03-02,312,64503,Ноутбуки,10,25303.93,0
2024-03-02,312,64504,Ноутбуки,3,39128.26,0
2024-03-02,312,64505,Смартфони,15,29950.61,0
2024-03-02,312,64506,Смартфони,14,9056.23,0
2024-03-02,312,64507,Смартфони,18,14239.12,0
2024-03-02,312,64508,Смартфони,13,16743.33,0
2024-03-02,312,64509,Смартфони,19,33481.18,0
2024-03-02,312,64510,Холодильники,3,23662.87,0
2024-03-02,312,64511,Холодильники,5,19156.17,0
2024-03-02,312,64512,Холодильники,5,34464.76,0
2024-03-02,312,64513,Холодильники,3,35988.41,0
2024-03-02,312,64514,Холодильники,3,21504.77,0
2024-03-03,215,64500,Ноутбуки,8,35634.95,0
2024-03-03,215,64501,Ноутбуки,6,25786.68,0
2024-03-03,215,64502,Ноутбуки,9,20645.98,0
2024-03-03,215,64503,Ноутбуки,6,27514.03,0
2024-03-03,215,64504,Ноутбуки,6,39573.74,0
2024-03-03,215,64505,Смартфони,9,30450.98,0
2024-03-03,215,64506,Смартфони,13,8849.31,0
2024-03-03,215,64507,Смартфони,26,14077.27,0
2024-03-03,215,64508,Смартфони,16,16510.57,0
2024-03-03,215,64509,Смартфони,29,32634.68,0
2024-03-03,215,64510,Холодильники,2,24560.06,0
2024-03-03,215,64511,Холодильники,4,18961.82,0
2024-03-03,215,64512,Холодильники,6,34453.26,0
2024-03-03,215,64513,Холодильники,4,35394.54,0
2024-03-03,215,64514,Холодильники,2,22296.54,0
2024-03-03,312,64500,Ноутбуки,4,36045.57,0
2024-03-03,312,64501,Ноутбуки,3,26479.01,0
2024-03-03,312,64502,Ноутбуки,8,21430.23,0
2024-03-03,312,64503,Ноутбуки,4,26038.24,0
2024-03-03,312,64504,Ноутбуки,5,39788.81,0
2024-03-03,312,64505,Смартфони,8,30191.46,0
2024-03-03,312,64506,Смартфони,20,9434.91,0
2024-03-03,312,64507,Смартфони,19,13900.9,0
2024-03-03,312,64508,Смартфони,12,17092.73,0
2024-03-03,312,64509,Смартфони,19,34651.16,0
2024-03-03,312,64510,Холодильники,1,24469.92,0
2024-03-03,312,64511,Холодильники,4,18871.55,0
2024-03-03,312,64512,Холодильники,4,35650.08,0
2024-03-03,312,64513,Холодильники,4,34029.2,0
2024-03-03,312,64514,Холодильники,1,18665.94,1
2024-03-04,215,64500,Ноутбуки,2,33849.12,0
2024-03-04,215,64501,Ноутбуки,7,25762.2,0
2024-03-04,215,64502,Ноутбуки,6,20633.43,0
2024-03-04,215,64503,Ноутбуки,3,26981.88,0
2024-03-04,215,64504,Ноутбуки,5,40799.38,0
2024-03-04,215,64505,Смартфони,13,29134.44,0
2024-03-04,215,64506,Смартфони,18,9645.85,0
2024-03-04,215,64507,Смартфони,19,14080.93,0
2024-03-04,215,64508,Смартфони,12,17411.16,0
2024-03-04,215,64509,Смартфони,23,35766.7,0
2024-03-04,215,64510,Холодильники,5,23664.18,0
2024-03-04,215,64511,Холодильники,3,19556.45,0
2024-03-04,215,64512,Холодильники,3,34685.48,0
2024-03-04,215,64513,Холодильники,2,37124.67,0
2024-03-04,215,64514,Холодильники,3,23478.4,0
2024-03-04,312,64500,Ноутбуки,6,33883.29,0
2024-03-04,312,64501,Ноутбуки,3,25830.57,0
2024-03-04,312,64502,Ноутбуки,7,22936.67,0
2024-03-04,312,64503,Ноутбуки,1,26342.08,0
2024-03-04,312,64504,Ноутбуки,4,41245.51,0
2024-03-04,312,64505,Смартфони,8,30590.34,0
2024-03-04,312,64506,Смартфони,8,9704.81,0
2024-03-04,312,64507,Смартфони,12,14341.15,0
2024-03-04,312,64508,Смартфони,7,16848.61,0
2024-03-04,312,64509,Смартфони,16,31703.4,0
2024-03-04,312,64510,Холодильники,6,25476.03,0
2024-03-04,312,64511,Холодильники,5,19212.0,0
2024-03-04,312,64512,Холодильники,6,34433.34,0
2024-03-04,312,64513,Холодильники,3,36460.49,0
2024-03-04,312,64514,Холодильники,3,22580.39,0
2024-03-05,215,64500,Ноутбуки,5,34154.34,0
2024-03-05,215,64501,Ноутбуки,2,25797.96,0
2024-03-05,215,64502,Ноутбуки,4,20523.42,0
2024-03-05,215,64503,Ноутбуки,3,25123.84,0
2024-03-05,215,64504,Ноутбуки,4,41929.5,0
2024-03-05,215,64505,Смартфони,11,30030.71,0
2024-03-05,215,64506,Смартфони,16,9488.92,0
2024-03-05,215,64507,Смартфони,21,14014.82,0
2024-03-05,215,64508,Смартфони,13,17161.46,0
2024-03-05,215,64509,Смартфони,38,30448.2,1
2024-03-05,215,64510,Холодильники,11,21666.01,1
2024-03-05,215,64511,Холодильники,8,19331.21,0
2024-03-05,215,64512,Холодильники,3,33826.39,0
2024-03-05,215,64513,Холодильники,1,36041.35,0
2024-03-05,215,64514,Холодильники,1,21151.0,0
2024-03-05,312,64500,Ноутбуки,2,32651.84,0
2024-03-05,312,64501,Ноутбуки,4,24908.4,0
2024-03-05,312,64502,Ноутбуки,6,22295.16,0
2024-03-05,312,64503,Ноутбуки,3,26776.51,0
2024-03-05,312,64504,Ноутбуки,2,39521.19,0
2024-03-05,312,64505,Смартфони,7,30607.67,0
2024-03-05,312,64506,Смартфони,10,9157.4,0
2024-03-05,312,64507,Смартфони,19,13600.09,0
2024-03-05,312,64508,Смартфони,9,17191.0,0
2024-03-05,312,64509,Смартфони,21,34918.5,0
2024-03-05,312,64510,Холодильники,1,25279.96,0
2024-03-05,312,64511,Холодильники,5,19051.29,0
2024-03-05,312,64512,Холодильники,6,35585.46,0
2024-03-05,312,64513,Холодильники,2,34913.35,0
2024-03-05,312,64514,Холодильники,2,22785.62,0
2024-03-06,215,64500,Ноутбуки,3,33107.16,0
2024-03-06,215,64501,Ноутбуки,5,24256.0,0
2024-03-06,215,64502,Ноутбуки,14,20232.08,0
2024-03-06,215,64503,Ноутбуки,10,25902.61,0
2024-03-06,215,64504,Ноутбуки,7,40861.83,0
2024-03-06,215,64505,Смартфони,9,29320.28,0
2024-03-06,215,64506,Смартфони,34,8561.28,1
2024-03-06,215,64507,Смартфони,19,14773.47,0
2024-03-06,215,64508,Смартфони,18,16634.16,0
2024-03-06,215,64509,Смартфони,24,33042.57,0
2024-03-06,215,64510,Холодильники,7,23649.79,0
2024-03-06,215,64511,Холодильники,5,18050.63,0
2024-03-06,215,64512,Холодильники,7,35564.56,0
2024-03-06,215,64513,Холодильники,2,36201.33,0
2024-03-06,215,64514,Холодильники,3,20936.42,0
2024-03-06,312,64500,Ноутбуки,4,35395.68,0
2024-03-06,312,64501,Ноутбуки,3,24808.62,0
2024-03-06,312,64502,Ноутбуки,8,21383.65,0
2024-03-06,312,64503,Ноутбуки,8,25972.0,0
2024-03-06,312,64504,Ноутбуки,2,41047.5,0
2024-03-06,312,64505,Смартфони,4,30276.26,0
2024-03-06,312,64506,Смартфони,10,9276.49,0
2024-03-06,312,64507,Смартфони,32,12773.59,1
2024-03-06,312,64508,Смартфони,7,16759.35,0
2024-03-06,312,64509,Смартфони,13,33865.02,0
2024-03-06,312,64510,Холодильники,2,24069.85,0
2024-03-06,312,64511,Холодильники,6,18974.33,0
2024-03-06,312,64512,Холодильники,4,33488.87,0
2024-03-06,312,64513,Холодильники,3,35225.05,0
2024-03-06,312,64514,Холодильники,3,21066.74,0
2024-03-07,215,64500,Ноутбуки,3,34915.18,0
2024-03-07,215,64501,Ноутбуки,10,25916.01,0
2024-03-07,215,64502,Ноутбуки,3,20909.42,0
2024-03-07,215,64503,Ноутбуки,14,23526.25,1
2024-03-07,215,64504,Ноутбуки,4,40014.13,0
2024-03-07,215,64505,Смартфони,12,28832.12,0
2024-03-07,215,64506,Смартфони,20,9607.76,0
2024-03-07,215,64507,Смартфони,26,13763.72,0
2024-03-07,215,64508,Смартфони,15,17560.7,0
2024-03-07,215,64509,Смартфони,20,34509.74,0
2024-03-07,215,64510,Холодильники,4,23523.2,0
2024-03-07,215,64511,Холодильники,15,16684.28,1
2024-03-07,215,64512,Холодильники,5,33091.85,0
2024-03-07,215,64513,Холодильники,4,32479.2,1
2024-03-07,215,64514,Холодильники,4,22166.66,0
2024-03-07,312,64500,Ноутбуки,1,35476.54,0
2024-03-07,312,64501,Ноутбуки,7,25818.6,0
2024-03-07,312,64502,Ноутбуки,5,21421.28,0
2024-03-07,312,64503,Ноутбуки,4,26494.45,0
2024-03-07,312,64504,Ноутбуки,7,40293.34,0
2024-03-07,312,64505,Смартфони,12,30555.16,0
2024-03-07,312,64506,Смартфони,15,9185.73,0
2024-03-07,312,64507,Смартфони,19,13885.36,0
2024-03-07,312,64508,Смартфони,16,17010.03,0
2024-03-07,312,64509,Смартфони,25,33935.66,0
2024-03-07,312,64510,Холодильники,2,25114.87,0
2024-03-07,312,64511,Холодильники,2,18857.66,0
2024-03-07,312,64512,Холодильники,4,32700.0,0
2024-03-07,312,64513,Холодильники,2,37181.76,0
2024-03-07,312,64514,Холодильники,2,20763.51,0
2024-03-08,215,64500,Ноутбуки,5,34967.72,0
2024-03-08,215,64501,Ноутбуки,7,25326.45,0
2024-03-08,215,64502,Ноутбуки,14,21590.04,0
2024-03-08,215,64503,Ноутбуки,11,26113.5,0
2024-03-08,215,64504,Ноутбуки,7,43382.68,0
2024-03-08,215,64505,Смартфони,18,28995.5,0
2024-03-08,215,64506,Смартфони,39,9443.79,0
2024-03-08,215,64507,Смартфони,41,14713.15,0
2024-03-08,215,64508,Смартфони,25,17262.29,0
2024-03-08,215,64509,Смартфони,48,33734.93,0
2024-03-08,215,64510,Холодильники,4,23424.63,0
2024-03-08,215,64511,Холодильники,11,18191.92,0
2024-03-08,215,64512,Холодильники,8,35652.7,0
2024-03-08,215,64513,Холодильники,2,36848.72,0
2024-03-08,215,64514,Холодильники,4,23017.37,0
2024-03-08,312,64500,Ноутбуки,6,34806.44,0
2024-03-08,312,64501,Ноутбуки,8,26046.4,0
2024-03-08,312,64502,Ноутбуки,21,18537.23,1
2024-03-08,312,64503,Ноутбуки,9,22531.5,1
2024-03-08,312,64504,Ноутбуки,10,40341.57,0
2024-03-08,312,64505,Смартфони,19,28643.82,0
2024-03-08,312,64506,Смартфони,27,8767.19,0
2024-03-08,312,64507,Смартфони,48,12622.05,1
2024-03-08,312,64508,Смартфони,29,14683.19,1
2024-03-08,312,64509,Смартфони,33,32793.17,0
2024-03-08,312,64510,Холодильники,8,24485.62,0
2024-03-08,312,64511,Холодильники,4,20140.66,0
2024-03-08,312,64512,Холодильники,2,34058.89,0
2024-03-08,312,64513,Холодильники,1,33358.51,0
2024-03-08,312,64514,Холодильники,3,22281.71,0
2024-03-09,215,64500,Ноутбуки,4,35354.54,0
2024-03-09,215,64501,Ноутбуки,5,24940.07,0
2024-03-09,215,64502,Ноутбуки,23,17989.32,1
2024-03-09,215,64503,Ноутбуки,15,27235.97,0
2024-03-09,215,64504,Ноутбуки,5,41272.98,0
2024-03-09,215,64505,Смартфони,13,30287.42,0
2024-03-09,215,64506,Смартфони,31,9550.85,0
2024-03-09,215,64507,Смартфони,27,13959.16,0
2024-03-09,215,64508,Смартфони,25,16461.49,0
2024-03-09,215,64509,Смартфони,40,33927.4,0
2024-03-09,215,64510,Холодильники,3,23876.52,0
2024-03-09,215,64511,Холодильники,12,19194.48,0
2024-03-09,215,64512,Холодильники,4,35373.7,0
2024-03-09,215,64513,Холодильники,3,35752.79,0
2024-03-09,215,64514,Холодильники,5,22252.39,0
2024-03-09,312,64500,Ноутбуки,1,34763.96,0
2024-03-09,312,64501,Ноутбуки,6,25811.0,0
2024-03-09,312,64502,Ноутбуки,9,22273.13,0
2024-03-09,312,64503,Ноутбуки,10,26170.37,0
2024-03-09,312,64504,Ноутбуки,7,39984.24,0
2024-03-09,312,64505,Смартфони,25,29312.11,0
2024-03-09,312,64506,Смартфони,21,9434.17,0
2024-03-09,312,64507,Смартфони,25,13947.81,0
2024-03-09,312,64508,Смартфони,19,17035.94,0
2024-03-09,312,64509,Смартфони,19,32170.84,0
2024-03-09,312,64510,Холодильники,6,24691.23,0
2024-03-09,312,64511,Холодильники,7,17907.06,0
2024-03-09,312,64512,Холодильники,4,33856.94,0
2024-03-09,312,64513,Холодильники,1,34823.03,0
2024-03-09,312,64514,Холодильники,2,21285.82,0
2024-03-10,215,64500,Ноутбуки,6,33635.01,0
2024-03-10,215,64501,Ноутбуки,2,23309.17,0
2024-03-10,215,64502,Ноутбуки,8,20939.12,0
2024-03-10,215,64503,Ноутбуки,9,25645.83,0
2024-03-10,215,64504,Ноутбуки,10,42689.97,0
2024-03-10,215,64505,Смартфони,13,29052.54,0
2024-03-10,215,64506,Смартфони,23,9367.08,0
2024-03-10,215,64507,Смартфони,33,13916.07,0
2024-03-10,215,64508,Смартфони,16,16130.44,0
2024-03-10,215,64509,Смартфони,30,34718.91,0
2024-03-10,215,64510,Холодильники,2,23903.8,0
2024-03-10,215,64511,Холодильники,9,19386.38,0
2024-03-10,215,64512,Холодильники,10,34191.11,0
2024-03-10,215,64513,Холодильники,4,32442.9,1
2024-03-10,215,64514,Холодильники,5,22408.99,0
2024-03-10,312,64500,Ноутбуки,7,35314.36,0
2024-03-10,312,64501,Ноутбуки,4,25183.65,0
2024-03-10,312,64502,Ноутбуки,8,19451.6,0
2024-03-10,312,64503,Ноутбуки,5,24928.17,0
2024-03-10,312,64504,Ноутбуки,4,40486.73,0
2024-03-10,312,64505,Смартфони,11,28807.56,0
2024-03-10,312,64506,Смартфони,15,9247.92,0
2024-03-10,312,64507,Смартфони,11,14487.93,0
2024-03-10,312,64508,Смартфони,15,17839.12,0
2024-03-10,312,64509,Смартфони,21,33189.76,0
2024-03-10,312,64510,Холодильники,7,25545.06,0
2024-03-10,312,64511,Холодильники,8,19354.78,0
2024-03-10,312,64512,Холодильники,1,34347.11,0
2024-03-10,312,64513,Холодильники,4,36118.42,0
2024-03-10,312,64514,Холодильники,3,21109.26,0
2024-03-11,215,64500,Ноутбуки,1,35556.48,0
2024-03-11,215,64501,Ноутбуки,2,27341.93,0
2024-03-11,215,64502,Ноутбуки,6,21387.85,0
2024-03-11,215,64503,Ноутбуки,5,26507.6,0
2024-03-11,215,64504,Ноутбуки,6,41340.59,0
2024-03-11,215,64505,Смартфони,11,28813.4,0
2024-03-11,215,64506,Смартфони,17,9709.38,0
2024-03-11,215,64507,Смартфони,14,14291.21,0
2024-03-11,215,64508,Смартфони,5,17072.31,0
2024-03-11,215,64509,Смартфони,23,34607.62,0
2024-03-11,215,64510,Холодильники,3,24198.63,0
2024-03-11,215,64511,Холодильники,4,19783.07,0
2024-03-11,215,64512,Холодильники,2,34156.88,0
2024-03-11,215,64513,Холодильники,2,36126.29,0
2024-03-11,215,64514,Холодильники,1,22208.21,0
2024-03-11,312,64500,Ноутбуки,4,36743.32,0
2024-03-11,312,64501,Ноутбуки,2,24693.04,0
2024-03-11,312,64502,Ноутбуки,3,22675.81,0
2024-03-11,312,64503,Ноутбуки,7,26416.84,0
2024-03-11,312,64504,Ноутбуки,0,41295.55,0
2024-03-11,312,64505,Смартфони,8,28957.74,0
2024-03-11,312,64506,Смартфони,10,9356.65,0
2024-03-11,312,64507,Смартфони,11,14625.18,0
2024-03-11,312,64508,Смартфони,13,14909.03,1
2024-03-11,312,64509,Смартфони,10,33926.94,0
2024-03-11,312,64510,Холодильники,2,25657.0,0
2024-03-11,312,64511,Холодильники,4,19695.46,0
2024-03-11,312,64512,Холодильники,8,31936.48,1
2024-03-11,312,64513,Холодильники,1,35015.13,0
2024-03-11,312,64514,Холодильники,1,22614.06,0
2024-03-12,215,64500,Ноутбуки,6,36262.04,0
2024-03-12,215,64501,Ноутбуки,2,25995.86,0
2024-03-12,215,64502,Ноутбуки,12,21564.42,0
2024-03-12,215,64503,Ноутбуки,7,25769.64,0
2024-03-12,215,64504,Ноутбуки,6,41311.72,0
2024-03-12,215,64505,Смартфони,19,25991.0,1
2024-03-12,215,64506,Смартфони,18,8737.08,0
2024-03-12,215,64507,Смартфони,20,14703.84,0
2024-03-12,215,64508,Смартфони,21,14687.23,1
2024-03-12,215,64509,Смартфони,16,33475.69,0
2024-03-12,215,64510,Холодильники,2,24206.4,0
2024-03-12,215,64511,Холодильники,4,18941.46,0
2024-03-12,215,64512,Холодильники,5,36667.38,0
2024-03-12,215,64513,Холодильники,3,37031.43,0
2024-03-12,215,64514,Холодильники,3,21566.81,0
2024-03-12,312,64500,Ноутбуки,2,35030.89,0
2024-03-12,312,64501,Ноутбуки,4,26553.11,0
2024-03-12,312,64502,Ноутбуки,6,20959.85,0
2024-03-12,312,64503,Ноутбуки,6,26056.59,0
2024-03-12,312,64504,Ноутбуки,2,39294.26,0
2024-03-12,312,64505,Смартфони,9,29449.83,0
2024-03-12,312,64506,Смартфони,11,9703.91,0
2024-03-12,312,64507,Смартфони,13,13419.85,0
2024-03-12,312,64508,Смартфони,5,16258.36,0
2024-03-12,312,64509,Смартфони,17,34077.74,0
2024-03-12,312,64510,Холодильники,3,23648.75,0
2024-03-12,312,64511,Холодильники,4,19185.68,0
2024-03-12,312,64512,Холодильники,4,35537.63,0
2024-03-12,312,64513,Холодильники,1,34397.11,0
2024-03-12,312,64514,Холодильники,2,21925.78,0
2024-03-13,215,64500,Ноутбуки,4,34789.22,0
2024-03-13,215,64501,Ноутбуки,4,25749.38,0
2024-03-13,215,64502,Ноутбуки,8,20839.24,0
2024-03-13,215,64503,Ноутбуки,12,25447.39,0
2024-03-13,215,64504,Ноутбуки,7,39222.3,0
2024-03-13,215,64505,Смартфони,14,30248.64,0
2024-03-13,215,64506,Смартфони,10,9314.29,0
2024-03-13,215,64507,Смартфони,25,14430.95,0
2024-03-13,215,64508,Смартфони,15,16818.45,0
2024-03-13,215,64509,Смартфони,20,32670.81,0
2024-03-13,215,64510,Холодильники,2,25929.28,0
2024-03-13,215,64511,Холодильники,9,18795.68,0
2024-03-13,215,64512,Холодильники,3,33493.94,0
2024-03-13,215,64513,Холодильники,2,36739.02,0
2024-03-13,215,64514,Холодильники,3,21778.11,0
2024-03-13,312,64500,Ноутбуки,2,35748.88,0
2024-03-13,312,64501,Ноутбуки,3,26050.99,0
2024-03-13,312,64502,Ноутбуки,3,21668.42,0
2024-03-13,312,64503,Ноутбуки,4,26037.73,0
2024-03-13,312,64504,Ноутбуки,2,40857.02,0
2024-03-13,312,64505,Смартфони,7,29470.19,0
2024-03-13,312,64506,Смартфони,13,9193.43,0
2024-03-13,312,64507,Смартфони,15,14133.55,0
2024-03-13,312,64508,Смартфони,12,16804.65,0
2024-03-13,312,64509,Смартфони,13,33091.82,0
2024-03-13,312,64510,Холодильники,4,25012.55,0
2024-03-13,312,64511,Холодильники,6,18691.61,0
2024-03-13,312,64512,Холодильники,3,34430.82,0
2024-03-13,312,64513,Холодильники,3,34957.56,0
2024-03-13,312,64514,Холодильники,0,21721.87,0
2024-03-14,215,64500,Ноутбуки,3,37896.31,0
2024-03-14,215,64501,Ноутбуки,4,25695.5,0
2024-03-14,215,64502,Ноутбуки,9,21048.43,0
2024-03-14,215,64503,Ноутбуки,3,25805.02,0
2024-03-14,215,64504,Ноутбуки,7,39810.74,0
2024-03-14,215,64505,Смартфони,10,30978.2,0
2024-03-14,215,64506,Смартфони,27,9407.51,0
2024-03-14,215,64507,Смартфони,26,13786.41,0
2024-03-14,215,64508,Смартфони,10,17052.94,0
2024-03-14,215,64509,Смартфони,21,34048.97,0
2024-03-14,215,64510,Холодильники,3,23429.13,0
2024-03-14,215,64511,Холодильники,5,18319.97,0
2024-03-14,215,64512,Холодильники,1,34369.65,0
2024-03-14,215,64513,Холодильники,1,36395.81,0
2024-03-14,215,64514,Холодильники,2,22475.41,0
2024-03-14,312,64500,Ноутбуки,0,36324.51,0
2024-03-14,312,64501,Ноутбуки,3,26802.95,0
2024-03-14,312,64502,Ноутбуки,7,21321.52,0
2024-03-14,312,64503,Ноутбуки,5,25512.63,0
2024-03-14,312,64504,Ноутбуки,5,39204.75,0
2024-03-14,312,64505,Смартфони,4,29565.01,0
2024-03-14,312,64506,Смартфони,25,7770.71,1
2024-03-14,312,64507,Смартфони,18,12583.97,1
2024-03-14,312,64508,Смартфони,9,17360.23,0
2024-03-14,312,64509,Смартфони,11,31094.74,0
2024-03-14,312,64510,Холодильники,3,22499.48,1
2024-03-14,312,64511,Холодильники,4,18422.33,0
2024-03-14,312,64512,Холодильники,3,33692.84,0
2024-03-14,312,64513,Холодильники,4,33377.95,0
2024-03-14,312,64514,Холодильники,1,21651.66,0
2024-03-15,215,64500,Ноутбуки,4,34513.01,0
2024-03-15,215,64501,Ноутбуки,7,26048.11,0
2024-03-15,215,64502,Ноутбуки,3,20199.55,0
2024-03-15,215,64503,Ноутбуки,8,25802.69,0
2024-03-15,215,64504,Ноутбуки,3,41173.45,0
2024-03-15,215,64505,Смартфони,10,30118.19,0
2024-03-15,215,64506,Смартфони,16,9416.08,0
2024-03-15,215,64507,Смартфони,20,14229.31,0
2024-03-15,215,64508,Смартфони,10,16831.27,0
2024-03-15,215,64509,Смартфони,22,34420.98,0
2024-03-15,215,64510,Холодильники,2,23144.82,0
2024-03-15,215,64511,Холодильники,5,17508.84,1
2024-03-15,215,64512,Холодильники,5,35480.95,0
2024-03-15,215,64513,Холодильники,3,34877.24,0
2024-03-15,215,64514,Холодильники,2,22424.69,0
2024-03-15,312,64500,Ноутбуки,3,32819.96,0
2024-03-15,312,64501,Ноутбуки,5,25674.81,0
2024-03-15,312,64502,Ноутбуки,10,18203.58,1
2024-03-15,312,64503,Ноутбуки,4,26564.33,0
2024-03-15,312,64504,Ноутбуки,8,40613.29,0
2024-03-15,312,64505,Смартфони,18,31226.65,0
2024-03-15,312,64506,Смартфони,13,9207.61,0
2024-03-15,312,64507,Смартфони,11,14375.5,0
2024-03-15,312,64508,Смартфони,8,16318.66,0
2024-03-15,312,64509,Смартфони,15,35047.51,0
2024-03-15,312,64510,Холодильники,2,24177.32,0
2024-03-15,312,64511,Холодильники,4,19152.49,0
2024-03-15,312,64512,Холодильники,3,35048.91,0
2024-03-15,312,64513,Холодильники,1,37379.9,0
2024-03-15,312,64514,Холодильники,1,22291.79,0
2024-03-16,215,64500,Ноутбуки,1,35499.81,0
2024-03-16,215,64501,Ноутбуки,5,25416.81,0
2024-03-16,215,64502,Ноутбуки,9,21285.76,0
2024-03-16,215,64503,Ноутбуки,3,25585.88,0
2024-03-16,215,64504,Ноутбуки,8,41543.64,0
2024-03-16,215,64505,Смартфони,13,30031.88,0
2024-03-16,215,64506,Смартфони,21,8920.57,0
2024-03-16,215,64507,Смартфони,28,14397.71,0
2024-03-16,215,64508,Смартфони,16,16444.67,0
2024-03-16,215,64509,Смартфони,30,32063.43,0
2024-03-16,215,64510,Холодильники,5,23239.0,0
2024-03-16,215,64511,Холодильники,7,18964.05,0
2024-03-16,215,64512,Холодильники,9,35144.95,0
2024-03-16,215,64513,Холодильники,4,34493.84,0
2024-03-16,215,64514,Холодильники,2,21455.03,0
2024-03-16,312,64500,Ноутбуки,6,35413.19,0
2024-03-16,312,64501,Ноутбуки,8,24360.85,0
2024-03-16,312,64502,Ноутбуки,10,20190.32,0
2024-03-16,312,64503,Ноутбуки,5,25497.91,0
2024-03-16,312,64504,Ноутбуки,5,40360.03,0
2024-03-16,312,64505,Смартфони,13,29341.16,0
2024-03-16,312,64506,Смартфони,32,7926.45,1
2024-03-16,312,64507,Смартфони,15,13123.95,0
2024-03-16,312,64508,Смартфони,7,17124.13,0
2024-03-16,312,64509,Смартфони,17,31405.09,0
2024-03-16,312,64510,Холодильники,4,23615.56,0
2024-03-16,312,64511,Холодильники,8,19812.36,0
2024-03-16,312,64512,Холодильники,5,33626.43,0
2024-03-16,312,64513,Холодильники,1,34558.72,0
2024-03-16,312,64514,Холодильники,4,21822.52,0
2024-03-17,215,64500,Ноутбуки,2,34415.88,0
2024-03-17,215,64501,Ноутбуки,5,25558.41,0
2024-03-17,215,64502,Ноутбуки,11,20642.24,0
2024-03-17,215,64503,Ноутбуки,11,25760.0,0
2024-03-17,215,64504,Ноутбуки,5,40859.62,0
2024-03-17,215,64505,Смартфони,16,29746.7,0
2024-03-17,215,64506,Смартфони,20,9775.33,0
2024-03-17,215,64507,Смартфони,20,14503.35,0
2024-03-17,215,64508,Смартфони,13,16531.93,0
2024-03-17,215,64509,Смартфони,23,35291.03,0
2024-03-17,215,64510,Холодильники,3,25700.44,0
2024-03-17,215,64511,Холодильники,5,19075.09,0
2024-03-17,215,64512,Холодильники,1,34355.8,0
2024-03-17,215,64513,Холодильники,3,37483.69,0
2024-03-17,215,64514,Холодильники,5,21608.11,0
2024-03-17,312,64500,Ноутбуки,3,34582.05,0
2024-03-17,312,64501,Ноутбуки,4,26011.84,0
2024-03-17,312,64502,Ноутбуки,10,21640.47,0
2024-03-17,312,64503,Ноутбуки,4,25650.09,0
2024-03-17,312,64504,Ноутбуки,8,41724.83,0
2024-03-17,312,64505,Смартфони,12,28061.33,0
2024-03-17,312,64506,Смартфони,7,9276.73,0
2024-03-17,312,64507,Смартфони,19,12262.43,1
2024-03-17,312,64508,Смартфони,8,16384.92,0
2024-03-17,312,64509,Смартфони,20,34949.84,0
2024-03-17,312,64510,Холодильники,4,24466.28,0
2024-03-17,312,64511,Холодильники,2,19850.39,0
2024-03-17,312,64512,Холодильники,2,34821.98,0
2024-03-17,312,64513,Холодильники,2,34262.48,0
2024-03-17,312,64514,Холодильники,1,22452.63,0
2024-03-18,215,64500,Ноутбуки,1,35244.27,0
2024-03-18,215,64501,Ноутбуки,1,24786.8,0
2024-03-18,215,64502,Ноутбуки,7,20721.22,0
2024-03-18,215,64503,Ноутбуки,6,25937.54,0
2024-03-18,215,64504,Ноутбуки,8,42900.46,0
2024-03-18,215,64505,Смартфони,9,28978.24,0
2024-03-18,215,64506,Смартфони,12,9266.54,0
2024-03-18,215,64507,Смартфони,27,13933.54,0
2024-03-18,215,64508,Смартфони,15,17069.19,0
2024-03-18,215,64509,Смартфони,18,32866.43,0
2024-03-18,215,64510,Холодильники,3,25572.99,0
2024-03-18,215,64511,Холодильники,6,19475.96,0
2024-03-18,215,64512,Холодильники,2,34074.66,0
2024-03-18,215,64513,Холодильники,7,35391.15,0
2024-03-18,215,64514,Холодильники,5,21576.83,0
2024-03-18,312,64500,Ноутбуки,2,35827.91,0
2024-03-18,312,64501,Ноутбуки,8,24866.55,0
2024-03-18,312,64502,Ноутбуки,7,20669.71,0
2024-03-18,312,64503,Ноутбуки,4,25909.57,0
2024-03-18,312,64504,Ноутбуки,6,34921.42,1
2024-03-18,312,64505,Смартфони,9,30052.82,0
2024-03-18,312,64506,Смартфони,16,9488.17,0
2024-03-18,312,64507,Смартфони,6,14220.43,0
2024-03-18,312,64508,Смартфони,7,17184.85,0
2024-03-18,312,64509,Смартфони,23,33262.32,0
2024-03-18,312,64510,Холодильники,4,24981.82,0
2024-03-18,312,64511,Холодильники,2,20077.62,0
2024-03-18,312,64512,Холодильники,2,34617.09,0
2024-03-18,312,64513,Холодильники,0,37147.73,0
2024-03-18,312,64514,Холодильники,1,19730.85,1
2024-03-19,215,64500,Ноутбуки,5,35573.86,0
2024-03-19,215,64501,Ноутбуки,5,25236.97,0
2024-03-19,215,64502,Ноутбуки,5,20466.93,0
2024-03-19,215,64503,Ноутбуки,5,23692.3,1
2024-03-19,215,64504,Ноутбуки,6,38484.7,0
2024-03-19,215,64505,Смартфони,5,29416.95,0
2024-03-19,215,64506,Смартфони,18,9877.68,0
2024-03-19,215,64507,Смартфони,12,13649.05,0
2024-03-19,215,64508,Смартфони,14,16535.66,0
2024-03-19,215,64509,Смартфони,20,33745.17,0
2024-03-19,215,64510,Холодильники,7,24008.41,0
2024-03-19,215,64511,Холодильники,7,18603.53,0
2024-03-19,215,64512,Холодильники,7,37189.08,0
2024-03-19,215,64513,Холодильники,2,36434.2,0
2024-03-19,215,64514,Холодильники,1,22122.15,0
2024-03-19,312,64500,Ноутбуки,1,35229.55,0
2024-03-19,312,64501,Ноутбуки,2,25157.64,0
2024-03-19,312,64502,Ноутбуки,6,20572.23,0
2024-03-19,312,64503,Ноутбуки,7,27002.9,0
2024-03-19,312,64504,Ноутбуки,5,40295.0,0
2024-03-19,312,64505,Смартфони,8,28572.16,0
2024-03-19,312,64506,Смартфони,14,8888.41,0
2024-03-19,312,64507,Смартфони,8,14721.79,0
2024-03-19,312,64508,Смартфони,16,16292.78,0
2024-03-19,312,64509,Смартфони,16,32404.59,0
2024-03-19,312,64510,Холодильники,7,22442.61,1
2024-03-19,312,64511,Холодильники,5,19211.65,0
2024-03-19,312,64512,Холодильники,1,34463.14,0
2024-03-19,312,64513,Холодильники,0,35403.9,0
2024-03-19,312,64514,Холодильники,0,21204.26,0
2024-03-20,215,64500,Ноутбуки,3,36162.88,0
2024-03-20,215,64501,Ноутбуки,5,26355.19,0
2024-03-20,215,64502,Ноутбуки,10,21796.0,0
2024-03-20,215,64503,Ноутбуки,3,24918.39,0
2024-03-20,215,64504,Ноутбуки,0,38297.66,0
2024-03-20,215,64505,Смартфони,9,28175.23,0
2024-03-20,215,64506,Смартфони,25,8700.45,0
2024-03-20,215,64507,Смартфони,15,14823.21,0
2024-03-20,215,64508,Смартфони,15,16751.28,0
2024-03-20,215,64509,Смартфони,12,32778.33,0
2024-03-20,215,64510,Холодильники,6,24806.72,0
2024-03-20,215,64511,Холодильники,3,20738.84,0
2024-03-20,215,64512,Холодильники,7,34136.01,0
2024-03-20,215,64513,Холодильники,1,36270.9,0
2024-03-20,215,64514,Холодильники,2,20115.72,1
2024-03-20,312,64500,Ноутбуки,4,34816.57,0
2024-03-20,312,64501,Ноутбуки,2,25352.43,0
2024-03-20,312,64502,Ноутбуки,8,20230.29,0
2024-03-20,312,64503,Ноутбуки,6,26114.33,0
2024-03-20,312,64504,Ноутбуки,6,40990.43,0
2024-03-20,312,64505,Смартфони,6,31088.94,0
2024-03-20,312,64506,Смартфони,7,9883.31,0
2024-03-20,312,64507,Смартфони,11,14085.02,0
2024-03-20,312,64508,Смартфони,4,16141.56,0
2024-03-20,312,64509,Смартфони,15,32964.51,0
2024-03-20,312,64510,Холодильники,2,24619.64,0
2024-03-20,312,64511,Холодильники,2,19181.46,0
2024-03-20,312,64512,Холодильники,2,33849.22,0
2024-03-20,312,64513,Холодильники,4,37674.2,0
2024-03-20,312,64514,Холодильники,1,21598.69,0
2024-03-21,215,64500,Ноутбуки,8,30202.96,1
2024-03-21,215,64501,Ноутбуки,3,21616.22,1
2024-03-21,215,64502,Ноутбуки,9,21897.51,0
2024-03-21,215,64503,Ноутбуки,8,25585.45,0
2024-03-21,215,64504,Ноутбуки,8,39734.09,0
2024-03-21,215,64505,Смартфони,6,30024.77,0
2024-03-21,215,64506,Смартфони,18,9467.82,0
2024-03-21,215,64507,Смартфони,24,14835.28,0
2024-03-21,215,64508,Смартфони,13,15892.95,0
2024-03-21,215,64509,Смартфони,29,31269.13,0
2024-03-21,215,64510,Холодильники,3,24175.77,0
2024-03-21,215,64511,Холодильники,4,19157.27,0
2024-03-21,215,64512,Холодильники,3,34486.9,0
2024-03-21,215,64513,Холодильники,4,35534.49,0
2024-03-21,215,64514,Холодильники,2,20928.81,0
2024-03-21,312,64500,Ноутбуки,2,33047.39,0
2024-03-21,312,64501,Ноутбуки,3,24904.52,0
2024-03-21,312,64502,Ноутбуки,6,20330.35,0
2024-03-21,312,64503,Ноутбуки,5,25442.84,0
2024-03-21,312,64504,Ноутбуки,7,40625.98,0
2024-03-21,312,64505,Смартфони,3,29235.3,0
2024-03-21,312,64506,Смартфони,10,9361.85,0
2024-03-21,312,64507,Смартфони,26,12497.61,1
2024-03-21,312,64508,Смартфони,21,14747.38,1
2024-03-21,312,64509,Смартфони,13,34387.7,0
2024-03-21,312,64510,Холодильники,2,24902.36,0
2024-03-21,312,64511,Холодильники,7,18628.96,0
2024-03-21,312,64512,Холодильники,2,34057.81,0
2024-03-21,312,64513,Холодильники,1,34938.58,0
2024-03-21,312,64514,Холодильники,3,21658.72,0
2024-03-22,215,64500,Ноутбуки,3,35860.42,0
2024-03-22,215,64501,Ноутбуки,2,26276.39,0
2024-03-22,215,64502,Ноутбуки,10,20342.13,0
2024-03-22,215,64503,Ноутбуки,12,25856.24,0
2024-03-22,215,64504,Ноутбуки,5,36878.43,1
2024-03-22,215,64505,Смартфони,10,30826.49,0
2024-03-22,215,64506,Смартфони,19,9044.63,0
2024-03-22,215,64507,Смартфони,38,14122.3,0
2024-03-22,215,64508,Смартфони,13,16490.57,0
2024-03-22,215,64509,Смартфони,32,32367.57,0
2024-03-22,215,64510,Холодильники,1,23249.84,0
2024-03-22,215,64511,Холодильники,3,19426.86,0
2024-03-22,215,64512,Холодильники,7,32754.23,0
2024-03-22,215,64513,Холодильники,4,35973.31,0
2024-03-22,215,64514,Холодильники,3,22095.12,0
2024-03-22,312,64500,Ноутбуки,5,33388.75,0
2024-03-22,312,64501,Ноутбуки,2,26390.24,0
2024-03-22,312,64502,Ноутбуки,7,20981.11,0
2024-03-22,312,64503,Ноутбуки,5,24686.96,0
2024-03-22,312,64504,Ноутбуки,4,40410.04,0
2024-03-22,312,64505,Смартфони,11,28951.57,0
2024-03-22,312,64506,Смартфони,17,8925.85,0
2024-03-22,312,64507,Смартфони,20,14759.24,0
2024-03-22,312,64508,Смартфони,10,16718.8,0
2024-03-22,312,64509,Смартфони,22,34385.63,0
2024-03-22,312,64510,Холодильники,6,25099.92,0
2024-03-22,312,64511,Холодильники,2,18035.53,0
2024-03-22,312,64512,Холодильники,3,35607.87,0
2024-03-22,312,64513,Холодильники,5,34932.29,0
2024-03-22,312,64514,Холодильники,1,21138.72,1
2024-03-23,215,64500,Ноутбуки,3,36701.8,0
2024-03-23,215,64501,Ноутбуки,3,25730.61,0
2024-03-23,215,64502,Ноутбуки,8,20370.85,0
2024-03-23,215,64503,Ноутбуки,7,25807.21,0
2024-03-23,215,64504,Ноутбуки,8,36483.86,1
2024-03-23,215,64505,Смартфони,19,29731.9,0
2024-03-23,215,64506,Смартфони,26,9518.19,0
2024-03-23,215,64507,Смартфони,24,15003.62,0
2024-03-23,215,64508,Смартфони,10,16390.19,0
2024-03-23,215,64509,Смартфони,26,33269.95,0
2024-03-23,215,64510,Холодильники,2,23845.96,0
2024-03-23,215,64511,Холодильники,7,19521.96,0
2024-03-23,215,64512,Холодильники,1,33685.64,0
2024-03-23,215,64513,Холодильники,4,35439.68,0
2024-03-23,215,64514,Холодильники,2,21143.17,0
2024-03-23,312,64500,Ноутбуки,6,34478.62,0
2024-03-23,312,64501,Ноутбуки,3,24461.35,0
2024-03-23,312,64502,Ноутбуки,5,21649.37,0
2024-03-23,312,64503,Ноутбуки,3,25198.13,0
2024-03-23,312,64504,Ноутбуки,3,38634.84,1
2024-03-23,312,64505,Смартфони,11,30941.2,0
2024-03-23,312,64506,Смартфони,22,8878.11,0
2024-03-23,312,64507,Смартфони,21,14874.27,0
2024-03-23,312,64508,Смартфони,14,15323.01,1
2024-03-23,312,64509,Смартфони,22,31447.47,0
2024-03-23,312,64510,Холодильники,6,24065.26,0
2024-03-23,312,64511,Холодильники,5,18768.91,0
2024-03-23,312,64512,Холодильники,3,34230.68,0
2024-03-23,312,64513,Холодильники,1,36498.4,0
2024-03-23,312,64514,Холодильники,1,23212.9,0
2024-03-24,215,64500,Ноутбуки,6,33425.75,0
2024-03-24,215,64501,Ноутбуки,7,24710.81,0
2024-03-24,215,64502,Ноутбуки,4,20819.84,0
2024-03-24,215,64503,Ноутбуки,7,25208.03,0
2024-03-24,215,64504,Ноутбуки,4,42004.57,0
2024-03-24,215,64505,Смартфони,14,28710.36,0
2024-03-24,215,64506,Смартфони,24,8927.58,0
2024-03-24,215,64507,Смартфони,28,13999.81,0
2024-03-24,215,64508,Смартфони,10,16539.96,0
2024-03-24,215,64509,Смартфони,36,33295.97,0
2024-03-24,215,64510,Холодильники,6,22205.74,1
2024-03-24,215,64511,Холодильники,5,19706.72,0
2024-03-24,215,64512,Холодильники,8,35239.76,0
2024-03-24,215,64513,Холодильники,3,35278.72,0
2024-03-24,215,64514,Холодильники,3,23075.2,0
2024-03-24,312,64500,Ноутбуки,2,35024.95,0
2024-03-24,312,64501,Ноутбуки,5,25283.25,0
2024-03-24,312,64502,Ноутбуки,8,19829.35,0
2024-03-24,312,64503,Ноутбуки,5,25902.16,0
2024-03-24,312,64504,Ноутбуки,4,40542.18,0
2024-03-24,312,64505,Смартфони,10,29571.46,0
2024-03-24,312,64506,Смартфони,19,9401.7,0
2024-03-24,312,64507,Смартфони,19,13958.56,0
2024-03-24,312,64508,Смартфони,12,16968.98,0
2024-03-24,312,64509,Смартфони,18,32901.11,0
2024-03-24,312,64510,Холодильники,5,24313.32,0
2024-03-24,312,64511,Холодильники,8,19469.31,0
2024-03-24,312,64512,Холодильники,0,34328.21,0
2024-03-24,312,64513,Холодильники,0,33010.14,1
2024-03-24,312,64514,Холодильники,4,21918.5,0
2024-03-25,215,64500,Ноутбуки,2,34837.47,0
2024-03-25,215,64501,Ноутбуки,2,25177.3,0
2024-03-25,215,64502,Ноутбуки,7,20352.93,0
2024-03-25,215,64503,Ноутбуки,8,25869.95,0
2024-03-25,215,64504,Ноутбуки,3,39119.45,0
2024-03-25,215,64505,Смартфони,9,29290.19,0
2024-03-25,215,64506,Смартфони,16,9087.17,0
2024-03-25,215,64507,Смартфони,28,13580.87,0
2024-03-25,215,64508,Смартфони,13,17773.92,0
2024-03-25,215,64509,Смартфони,31,30564.58,1
2024-03-25,215,64510,Холодильники,6,22431.44,1
2024-03-25,215,64511,Холодильники,3,18802.98,0
2024-03-25,215,64512,Холодильники,6,33443.87,0
2024-03-25,215,64513,Холодильники,3,34057.0,0
2024-03-25,215,64514,Холодильники,4,20739.45,0
2024-03-25,312,64500,Ноутбуки,4,34762.59,0
2024-03-25,312,64501,Ноутбуки,1,23918.33,0
2024-03-25,312,64502,Ноутбуки,2,20881.89,0
2024-03-25,312,64503,Ноутбуки,7,25988.91,0
2024-03-25,312,64504,Ноутбуки,5,37460.86,1
2024-03-25,312,64505,Смартфони,9,29000.17,0
2024-03-25,312,64506,Смартфони,13,9474.84,0
2024-03-25,312,64507,Смартфони,11,14463.48,0
2024-03-25,312,64508,Смартфони,8,17815.55,0
2024-03-25,312,64509,Смартфони,14,32705.51,0
2024-03-25,312,64510,Холодильники,2,23964.83,0
2024-03-25,312,64511,Холодильники,4,19201.83,0
2024-03-25,312,64512,Холодильники,2,32896.59,0
2024-03-25,312,64513,Холодильники,3,35168.01,0
2024-03-25,312,64514,Холодильники,1,21929.36,0
2024-03-26,215,64500,Ноутбуки,7,30272.83,1
2024-03-26,215,64501,Ноутбуки,2,25507.46,0
2024-03-26,215,64502,Ноутбуки,5,20286.89,0
2024-03-26,215,64503,Ноутбуки,3,26185.43,0
2024-03-26,215,64504,Ноутбуки,3,40921.49,0
2024-03-26,215,64505,Смартфони,10,29335.55,0
2024-03-26,215,64506,Смартфони,15,9173.58,0
2024-03-26,215,64507,Смартфони,14,14626.19,0
2024-03-26,215,64508,Смартфони,16,17172.4,0
2024-03-26,215,64509,Смартфони,21,33592.68,0
2024-03-26,215,64510,Холодильники,6,22390.28,1
2024-03-26,215,64511,Холодильники,4,19322.51,0
2024-03-26,215,64512,Холодильники,5,33788.38,0
2024-03-26,215,64513,Холодильники,4,35978.27,0
2024-03-26,215,64514,Холодильники,2,22325.97,0
2024-03-26,312,64500,Ноутбуки,3,33648.92,0
2024-03-26,312,64501,Ноутбуки,3,26104.79,0
2024-03-26,312,64502,Ноутбуки,10,20915.9,0
2024-03-26,312,64503,Ноутбуки,3,26291.7,0
2024-03-26,312,64504,Ноутбуки,2,38574.43,0
2024-03-26,312,64505,Смартфони,11,28428.29,0
2024-03-26,312,64506,Смартфони,16,9575.7,0
2024-03-26,312,64507,Смартфони,11,14270.39,0
2024-03-26,312,64508,Смартфони,10,16820.04,0
2024-03-26,312,64509,Смартфони,12,31052.7,0
2024-03-26,312,64510,Холодильники,3,24415.72,0
2024-03-26,312,64511,Холодильники,3,20136.24,0
2024-03-26,312,64512,Холодильники,2,34455.87,0
2024-03-26,312,64513,Холодильники,5,34527.67,0
2024-03-26,312,64514,Холодильники,1,21675.83,0
2024-03-27,215,64500,Ноутбуки,4,33626.74,0
2024-03-27,215,64501,Ноутбуки,3,25610.4,0
2024-03-27,215,64502,Ноутбуки,11,20237.78,0
2024-03-27,215,64503,Ноутбуки,3,25541.07,0
2024-03-27,215,64504,Ноутбуки,2,40288.77,0
2024-03-27,215,64505,Смартфони,7,28585.73,0
2024-03-27,215,64506,Смартфони,15,9144.9,0
2024-03-27,215,64507,Смартфони,22,13736.54,0
2024-03-27,215,64508,Смартфони,12,16223.97,0
2024-03-27,215,64509,Смартфони,24,34628.1,0
2024-03-27,215,64510,Холодильники,7,24604.26,0
2024-03-27,215,64511,Холодильники,4,18537.36,0
2024-03-27,215,64512,Холодильники,2,34288.09,0
2024-03-27,215,64513,Холодильники,2,36139.44,0
2024-03-27,215,64514,Холодильники,4,22246.19,0
2024-03-27,312,64500,Ноутбуки,4,35781.59,0
2024-03-27,312,64501,Ноутбуки,2,25322.95,0
2024-03-27,312,64502,Ноутбуки,2,19659.67,0
2024-03-27,312,64503,Ноутбуки,4,25800.88,0
2024-03-27,312,64504,Ноутбуки,5,40723.55,0
2024-03-27,312,64505,Смартфони,6,27924.27,0
2024-03-27,312,64506,Смартфони,14,9689.73,0
2024-03-27,312,64507,Смартфони,11,13933.08,0
2024-03-27,312,64508,Смартфони,11,16011.39,0
2024-03-27,312,64509,Смартфони,18,29079.17,1
2024-03-27,312,64510,Холодильники,3,24160.56,0
2024-03-27,312,64511,Холодильники,5,18225.56,0
2024-03-27,312,64512,Холодильники,1,35056.42,0
2024-03-27,312,64513,Холодильники,1,35292.87,0
2024-03-27,312,64514,Холодильники,1,22286.31,0
2024-03-28,215,64500,Ноутбуки,2,31935.23,0
2024-03-28,215,64501,Ноутбуки,2,25767.49,0
2024-03-28,215,64502,Ноутбуки,6,21923.36,0
2024-03-28,215,64503,Ноутбуки,5,25743.64,0
2024-03-28,215,64504,Ноутбуки,3,42063.86,0
2024-03-28,215,64505,Смартфони,8,28774.65,0
2024-03-28,215,64506,Смартфони,20,9217.1,0
2024-03-28,215,64507,Смартфони,23,13871.57,0
2024-03-28,215,64508,Смартфони,18,14942.93,1
2024-03-28,215,64509,Смартфони,22,32192.88,0
2024-03-28,215,64510,Холодильники,9,25010.85,0
2024-03-28,215,64511,Холодильники,5,19097.95,0
2024-03-28,215,64512,Холодильники,4,34919.11,0
2024-03-28,215,64513,Холодильники,0,37168.05,0
2024-03-28,215,64514,Холодильники,3,21741.29,0
2024-03-28,312,64500,Ноутбуки,0,34177.78,0
2024-03-28,312,64501,Ноутбуки,2,24965.17,0
2024-03-28,312,64502,Ноутбуки,5,21309.32,0
2024-03-28,312,64503,Ноутбуки,2,24613.32,0
2024-03-28,312,64504,Ноутбуки,3,41442.51,0
2024-03-28,312,64505,Смартфони,6,29052.48,0
2024-03-28,312,64506,Смартфони,18,9520.75,0
2024-03-28,312,64507,Смартфони,19,14373.56,0
2024-03-28,312,64508,Смартфони,7,15997.83,0
2024-03-28,312,64509,Смартфони,19,33050.05,0
2024-03-28,312,64510,Холодильники,2,25067.92,0
2024-03-28,312,64511,Холодильники,4,17247.97,1
2024-03-28,312,64512,Холодильники,2,34269.43,0
2024-03-28,312,64513,Холодильники,2,35605.33,0
2024-03-28,312,64514,Холодильники,0,21762.66,0
2024-03-29,215,64500,Ноутбуки,3,35435.27,0
2024-03-29,215,64501,Ноутбуки,3,26356.8,0
2024-03-29,215,64502,Ноутбуки,9,19910.72,0
2024-03-29,215,64503,Ноутбуки,7,26682.71,0
2024-03-29,215,64504,Ноутбуки,5,39106.84,0
2024-03-29,215,64505,Смартфони,10,29306.56,0
2024-03-29,215,64506,Смартфони,37,8205.45,1
2024-03-29,215,64507,Смартфони,23,14558.62,0
2024-03-29,215,64508,Смартфони,12,16738.97,0
2024-03-29,215,64509,Смартфони,19,31943.53,0
2024-03-29,215,64510,Холодильники,0,24091.72,0
2024-03-29,215,64511,Холодильники,9,19489.92,0
2024-03-29,215,64512,Холодильники,4,34534.09,0
2024-03-29,215,64513,Холодильники,6,35157.6,0
2024-03-29,215,64514,Холодильники,6,21543.22,1
2024-03-29,312,64500,Ноутбуки,1,36227.15,0
2024-03-29,312,64501,Ноутбуки,3,24880.72,0
2024-03-29,312,64502,Ноутбуки,7,20482.91,0
2024-03-29,312,64503,Ноутбуки,2,25583.82,0
2024-03-29,312,64504,Ноутбуки,3,41087.16,0
2024-03-29,312,64505,Смартфони,9,30424.72,0
2024-03-29,312,64506,Смартфони,16,9367.23,0
2024-03-29,312,64507,Смартфони,18,14348.8,0
2024-03-29,312,64508,Смартфони,7,16053.3,0
2024-03-29,312,64509,Смартфони,19,34128.08,0
2024-03-29,312,64510,Холодильники,5,24548.2,0
2024-03-29,312,64511,Холодильники,9,19070.62,0
2024-03-29,312,64512,Холодильники,1,33541.89,0
2024-03-29,312,64513,Холодильники,1,36606.42,0
2024-03-29,312,64514,Холодильники,1,21881.34,0
2024-03-30,215,64500,Ноутбуки,5,33405.22,0
2024-03-30,215,64501,Ноутбуки,9,25319.46,0
2024-03-30,215,64502,Ноутбуки,8,20428.15,0
2024-03-30,215,64503,Ноутбуки,10,26614.61,0
2024-03-30,215,64504,Ноутбуки,5,41124.77,0
2024-03-30,215,64505,Смартфони,20,27804.08,1
2024-03-30,215,64506,Смартфони,21,9262.63,0
2024-03-30,215,64507,Смартфони,32,14067.82,0
2024-03-30,215,64508,Смартфони,20,16421.01,0
2024-03-30,215,64509,Смартфони,29,33842.66,0
2024-03-30,215,64510,Холодильники,4,24393.02,0
2024-03-30,215,64511,Холодильники,6,19389.77,0
2024-03-30,215,64512,Холодильники,6,35755.24,0
2024-03-30,215,64513,Холодильники,6,35649.16,0
2024-03-30,215,64514,Холодильники,4,22486.77,0
2024-03-30,312,64500,Ноутбуки,5,35159.47,0
2024-03-30,312,64501,Ноутбуки,5,24558.05,0
2024-03-30,312,64502,Ноутбуки,7,20953.97,0
2024-03-30,312,64503,Ноутбуки,4,25450.71,0
2024-03-30,312,64504,Ноутбуки,4,42673.74,0
2024-03-30,312,64505,Смартфони,10,29978.67,0
2024-03-30,312,64506,Смартфони,21,8324.41,1
2024-03-30,312,64507,Смартфони,23,14257.74,0
2024-03-30,312,64508,Смартфони,8,17215.74,0
2024-03-30,312,64509,Смартфони,11,33150.91,0
2024-03-30,312,64510,Холодильники,9,21851.43,1
2024-03-30,312,64511,Холодильники,4,18385.07,0
2024-03-30,312,64512,Холодильники,2,35308.36,0
2024-03-30,312,64513,Холодильники,1,36750.12,0
2024-03-30,312,64514,Холодильники,3,22361.11,0
2024-03-31,215,64500,Ноутбуки,6,34412.7,0
2024-03-31,215,64501,Ноутбуки,7,25992.66,0
2024-03-31,215,64502,Ноутбуки,12,19635.04,0
2024-03-31,215,64503,Ноутбуки,7,26014.57,0
2024-03-31,215,64504,Ноутбуки,4,41289.14,0
2024-03-31,215,64505,Смартфони,9,32450.38,0
2024-03-31,215,64506,Смартфони,24,9701.26,0
2024-03-31,215,64507,Смартфони,23,13702.2,0
2024-03-31,215,64508,Смартфони,12,16331.64,0
2024-03-31,215,64509,Смартфони,19,32301.44,0
2024-03-31,215,64510,Холодильники,5,24177.22,0
2024-03-31,215,64511,Холодильники,7,18438.1,0
2024-03-31,215,64512,Холодильники,2,35044.36,0
2024-03-31,215,64513,Холодильники,0,36820.97,0
2024-03-31,215,64514,Холодильники,4,19507.24,1
2024-03-31,312,64500,Ноутбуки,4,33521.84,0
2024-03-31,312,64501,Ноутбуки,4,24582.95,0
2024-03-31,312,64502,Ноутбуки,7,21373.29,0
2024-03-31,312,64503,Ноутбуки,3,26695.13,0
2024-03-31,312,64504,Ноутбуки,7,39524.68,0
2024-03-31,312,64505,Смартфони,8,28588.16,0
2024-03-31,312,64506,Смартфони,14,8878.62,0
2024-03-31,312,64507,Смартфони,19,14713.66,0
2024-03-31,312,64508,Смартфони,8,16496.91,0
2024-03-31,312,64509,Смартфони,11,32421.44,0
2024-03-31,312,64510,Холодильники,5,25373.73,0
2024-03-31,312,64511,Холодильники,6,18784.67,0
2024-03-31,312,64512,Холодильники,4,35176.05,0
2024-03-31,312,64513,Холодильники,4,34443.69,0
2024-03-31,312,64514,Холодильники,2,20434.04,1
2024-04-01,215,64500,Ноутбуки,5,29892.39,1
2024-04-01,215,64501,Ноутбуки,7,25234.83,0
2024-04-01,215,64502,Ноутбуки,10,20582.29,0
2024-04-01,215,64503,Ноутбуки,6,25523.37,0
2024-04-01,215,64504,Ноутбуки,2,39924.35,0
2024-04-01,215,64505,Смартфони,14,28061.1,0
2024-04-01,215,64506,Смартфони,18,9044.26,0
2024-04-01,215,64507,Смартфони,18,14642.83,0
2024-04-01,215,64508,Смартфони,16,16018.47,0
2024-04-01,215,64509,Смартфони,51,30316.16,1
2024-04-01,215,64510,Холодильники,1,24807.4,0
2024-04-01,215,64511,Холодильники,7,20013.03,0
2024-04-01,215,64512,Холодильники,7,37196.61,0
2024-04-01,215,64513,Холодильники,2,33791.57,0
2024-04-01,215,64514,Холодильники,3,21789.21,0
2024-04-01,312,64500,Ноутбуки,1,33650.02,0
2024-04-01,312,64501,Ноутбуки,5,25830.86,0
2024-04-01,312,64502,Ноутбуки,4,20783.38,0
2024-04-01,312,64503,Ноутбуки,4,25867.34,0
2024-04-01,312,64504,Ноутбуки,4,39630.15,0
2024-04-01,312,64505,Смартфони,10,29564.23,0
2024-04-01,312,64506,Смартфони,20,9421.15,0
2024-04-01,312,64507,Смартфони,17,14712.14,0
2024-04-01,312,64508,Смартфони,18,16532.77,0
2024-04-01,312,64509,Смартфони,11,33415.31,0
2024-04-01,312,64510,Холодильники,1,24079.5,0
2024-04-01,312,64511,Холодильники,2,18950.45,0
2024-04-01,312,64512,Холодильники,5,31672.29,1
2024-04-01,312,64513,Холодильники,3,37294.24,0
2024-04-01,312,64514,Холодильники,0,21175.33,0
2024-04-02,215,64500,Ноутбуки,3,34300.28,0
2024-04-02,215,64501,Ноутбуки,0,25404.25,0
2024-04-02,215,64502,Ноутбуки,7,20539.25,0
2024-04-02,215,64503,Ноутбуки,3,25887.81,0
2024-04-02,215,64504,Ноутбуки,9,41445.43,0
2024-04-02,215,64505,Смартфони,12,29800.22,0
2024-04-02,215,64506,Смартфони,31,8226.08,1
2024-04-02,215,64507,Смартфони,26,14501.03,0
2024-04-02,215,64508,Смартфони,15,15859.62,0
2024-04-02,215,64509,Смартфони,17,31055.82,0
2024-04-02,215,64510,Холодильники,4,24567.24,0
2024-04-02,215,64511,Холодильники,4,18289.67,0
2024-04-02,215,64512,Холодильники,3,33038.27,0
2024-04-02,215,64513,Холодильники,2,34833.36,0
2024-04-02,215,64514,Холодильники,3,21815.78,0
2024-04-02,312,64500,Ноутбуки,5,33467.59,0
2024-04-02,312,64501,Ноутбуки,2,26158.05,0
2024-04-02,312,64502,Ноутбуки,12,20596.03,0
2024-04-02,312,64503,Ноутбуки,7,26426.63,0
2024-04-02,312,64504,Ноутбуки,6,39455.91,0
2024-04-02,312,64505,Смартфони,12,29883.73,0
2024-04-02,312,64506,Смартфони,11,9438.41,0
2024-04-02,312,64507,Смартфони,14,13573.02,0
2024-04-02,312,64508,Смартфони,9,17421.05,0
2024-04-02,312,64509,Смартфони,15,33175.24,0
2024-04-02,312,64510,Холодильники,2,25707.16,0
2024-04-02,312,64511,Холодильники,3,18930.32,0
2024-04-02,312,64512,Холодильники,4,36881.24,0
2024-04-02,312,64513,Холодильники,1,34426.34,0
2024-04-02,312,64514,Холодильники,2,22644.78,0
2024-04-03,215,64500,Ноутбуки,2,32633.87,0
2024-04-03,215,64501,Ноутбуки,5,25177.39,0
2024-04-03,215,64502,Ноутбуки,12,19586.94,0
2024-04-03,215,64503,Ноутбуки,6,26360.02,0
2024-04-03,215,64504,Ноутбуки,6,39323.24,0
2024-04-03,215,64505,Смартфони,11,28049.23,0
2024-04-03,215,64506,Смартфони,19,9445.96,0
2024-04-03,215,64507,Смартфони,22,13606.04,0
2024-04-03,215,64508,Смартфони,14,15935.52,0
2024-04-03,215,64509,Смартфони,25,32228.83,0
2024-04-03,215,64510,Холодильники,6,25395.03,0
2024-04-03,215,64511,Холодильники,8,19606.46,0
2024-04-03,215,64512,Холодильники,4,33300.48,0
2024-04-03,215,64513,Холодильники,4,36677.18,0
2024-04-03,215,64514,Холодильники,3,21394.18,0
2024-04-03,312,64500,Ноутбуки,1,34946.95,0
2024-04-03,312,64501,Ноутбуки,6,25572.3,0
2024-04-03,312,64502,Ноутбуки,11,20192.57,0
2024-04-03,312,64503,Ноутбуки,2,25724.93,0
2024-04-03,312,64504,Ноутбуки,9,36817.08,1
2024-04-03,312,64505,Смартфони,7,29746.02,0
2024-04-03,312,64506,Смартфони,15,8869.03,0
2024-04-03,312,64507,Смартфони,17,13664.87,0
2024-04-03,312,64508,Смартфони,5,16432.86,0
2024-04-03,312,64509,Смартфони,29,30323.17,1
2024-04-03,312,64510,Холодильники,3,25480.69,0
2024-04-03,312,64511,Холодильники,2,18412.87,0
2024-04-03,312,64512,Холодильники,3,35416.05,0
2024-04-03,312,64513,Холодильники,1,36014.12,0
2024-04-03,312,64514,Холодильники,2,21032.74,0
2024-04-04,215,64500,Ноутбуки,4,33512.74,0
2024-04-04,215,64501,Ноутбуки,6,23241.1,0
2024-04-04,215,64502,Ноутбуки,11,20935.7,0
2024-04-04,215,64503,Ноутбуки,8,25867.16,0
2024-04-04,215,64504,Ноутбуки,6,40607.27,0
2024-04-04,215,64505,Смартфони,23,25529.96,1
2024-04-04,215,64506,Смартфони,22,9271.0,0
2024-04-04,215,64507,Смартфони,17,13673.88,0
2024-04-04,215,64508,Смартфони,11,17063.76,0
2024-04-04,215,64509,Смартфони,30,32939.1,0
2024-04-04,215,64510,Холодильники,1,24412.91,0
2024-04-04,215,64511,Холодильники,3,19937.46,0
2024-04-04,215,64512,Холодильники,3,33812.61,0
2024-04-04,215,64513,Холодильники,0,35205.35,0
2024-04-04,215,64514,Холодильники,2,21414.78,0
2024-04-04,312,64500,Ноутбуки,4,35037.5,0
2024-04-04,312,64501,Ноутбуки,6,26368.2,0
2024-04-04,312,64502,Ноутбуки,12,21092.25,0
2024-04-04,312,64503,Ноутбуки,6,27781.42,0
2024-04-04,312,64504,Ноутбуки,3,39726.43,0
2024-04-04,312,64505,Смартфони,8,28730.93,0
2024-04-04,312,64506,Смартфони,14,9616.97,0
2024-04-04,312,64507,Смартфони,19,13738.47,0
2024-04-04,312,64508,Смартфони,12,16758.7,0
2024-04-04,312,64509,Смартфони,19,33959.66,0
2024-04-04,312,64510,Холодильники,5,23822.28,0
2024-04-04,312,64511,Холодильники,5,16789.15,1
2024-04-04,312,64512,Холодильники,4,34622.91,0
2024-04-04,312,64513,Холодильники,0,34201.81,0
2024-04-04,312,64514,Холодильники,3,21745.92,0
2024-04-05,215,64500,Ноутбуки,4,33361.08,0
2024-04-05,215,64501,Ноутбуки,5,26234.47,0
2024-04-05,215,64502,Ноутбуки,9,21348.2,0
2024-04-05,215,64503,Ноутбуки,11,25103.6,0
2024-04-05,215,64504,Ноутбуки,7,40053.02,0
2024-04-05,215,64505,Смартфони,17,29773.12,0
2024-04-05,215,64506,Смартфони,27,9318.87,0
2024-04-05,215,64507,Смартфони,30,14804.43,0
2024-04-05,215,64508,Смартфони,13,16433.5,0
2024-04-05,215,64509,Смартфони,44,31357.86,1
2024-04-05,215,64510,Холодильники,3,25316.49,0
2024-04-05,215,64511,Холодильники,6,18544.86,0
2024-04-05,215,64512,Холодильники,5,34043.91,0
2024-04-05,215,64513,Холодильники,0,35262.6,0
2024-04-05,215,64514,Холодильники,2,22479.54,0
2024-04-05,312,64500,Ноутбуки,1,34482.92,0
2024-04-05,312,64501,Ноутбуки,3,26219.76,0
2024-04-05,312,64502,Ноутбуки,7,22115.23,0
2024-04-05,312,64503,Ноутбуки,6,23289.95,1
2024-04-05,312,64504,Ноутбуки,4,41187.13,0
2024-04-05,312,64505,Смартфони,13,25615.38,1
2024-04-05,312,64506,Смартфони,28,8628.96,1
2024-04-05,312,64507,Смартфони,15,14058.87,0
2024-04-05,312,64508,Смартфони,15,16478.16,0
2024-04-05,312,64509,Смартфони,13,34206.0,0
2024-04-05,312,64510,Холодильники,2,24074.14,0
2024-04-05,312,64511,Холодильники,4,19813.39,0
2024-04-05,312,64512,Холодильники,4,35447.16,0
2024-04-05,312,64513,Холодильники,0,34083.01,0
2024-04-05,312,64514,Холодильники,1,22830.2,0
2024-04-06,215,64500,Ноутбуки,7,36299.28,0
2024-04-06,215,64501,Ноутбуки,5,24435.74,0
2024-04-06,215,64502,Ноутбуки,13,21615.29,0
2024-04-06,215,64503,Ноутбуки,13,26585.9,0
2024-04-06,215,64504,Ноутбуки,4,40725.66,0
2024-04-06,215,64505,Смартфони,12,29695.4,0
2024-04-06,215,64506,Смартфони,23,9052.55,0
2024-04-06,215,64507,Смартфони,36,14349.56,0
2024-04-06,215,64508,Смартфони,20,16765.09,0
2024-04-06,215,64509,Смартфони,30,33248.41,0
2024-04-06,215,64510,Холодильники,4,24492.92,0
2024-04-06,215,64511,Холодильники,5,18201.32,0
2024-04-06,215,64512,Холодильники,6,34419.95,0
2024-04-06,215,64513,Холодильники,4,36833.77,0
2024-04-06,215,64514,Холодильники,3,21382.9,0
2024-04-06,312,64500,Ноутбуки,0,35455.26,0
2024-04-06,312,64501,Ноутбуки,3,26109.83,0
2024-04-06,312,64502,Ноутбуки,11,21985.8,0
2024-04-06,312,64503,Ноутбуки,9,24846.9,0
2024-04-06,312,64504,Ноутбуки,7,40042.56,0
2024-04-06,312,64505,Смартфони,6,31313.48,0
2024-04-06,312,64506,Смартфони,19,9199.66,0
2024-04-06,312,64507,Смартфони,16,13652.45,0
2024-04-06,312,64508,Смартфони,10,16052.53,0
2024-04-06,312,64509,Смартфони,20,34152.42,0
2024-04-06,312,64510,Холодильники,5,23680.51,0
2024-04-06,312,64511,Холодильники,5,16071.62,1
2024-04-06,312,64512,Холодильники,3,35121.9,0
2024-04-06,312,64513,Холодильники,3,37897.51,0
2024-04-06,312,64514,Холодильники,2,23432.51,0
2024-04-07,215,64500,Ноутбуки,4,35621.77,0
2024-04-07,215,64501,Ноутбуки,5,26636.2,0
2024-04-07,215,64502,Ноутбуки,10,21238.6,0
2024-04-07,215,64503,Ноутбуки,20,25941.43,0
2024-04-07,215,64504,Ноутбуки,11,39171.65,0
2024-04-07,215,64505,Смартфони,13,31028.65,0
2024-04-07,215,64506,Смартфони,23,8975.52,0
2024-04-07,215,64507,Смартфони,25,14001.23,0
2024-04-07,215,64508,Смартфони,8,16617.94,0
2024-04-07,215,64509,Смартфони,20,32030.53,0
2024-04-07,215,64510,Холодильники,3,24650.87,0
2024-04-07,215,64511,Холодильники,7,19853.21,0
2024-04-07,215,64512,Холодильники,7,35752.56,0
2024-04-07,215,64513,Холодильники,2,35046.94,0
2024-04-07,215,64514,Холодильники,5,21221.76,0
2024-04-07,312,64500,Ноутбуки,2,34771.89,0
2024-04-07,312,64501,Ноутбуки,4,22181.32,1
2024-04-07,312,64502,Ноутбуки,9,20786.74,0
2024-04-07,312,64503,Ноутбуки,4,24895.23,0
2024-04-07,312,64504,Ноутбуки,7,40272.87,0
2024-04-07,312,64505,Смартфони,9,29211.5,0
2024-04-07,312,64506,Смартфони,23,9722.23,0
2024-04-07,312,64507,Смартфони,17,13895.82,0
2024-04-07,312,64508,Смартфони,11,17014.8,0
2024-04-07,312,64509,Смартфони,21,33471.48,0
2024-04-07,312,64510,Холодильники,3,22577.37,0
2024-04-07,312,64511,Холодильники,1,19177.13,0
2024-04-07,312,64512,Холодильники,6,34986.36,0
2024-04-07,312,64513,Холодильники,1,35249.85,0
2024-04-07,312,64514,Холодильники,2,22537.24,0
2024-04-08,215,64500,Ноутбуки,3,34067.32,0
2024-04-08,215,64501,Ноутбуки,5,25518.12,0
2024-04-08,215,64502,Ноутбуки,10,20652.67,0
2024-04-08,215,64503,Ноутбуки,3,24553.97,0
2024-04-08,215,64504,Ноутбуки,6,39898.29,0
2024-04-08,215,64505,Смартфони,7,28401.57,0
2024-04-08,215,64506,Смартфони,24,9063.25,0
2024-04-08,215,64507,Смартфони,17,13898.66,0
2024-04-08,215,64508,Смартфони,19,16601.11,0
2024-04-08,215,64509,Смартфони,20,33522.95,0
2024-04-08,215,64510,Холодильники,4,24815.26,0
2024-04-08,215,64511,Холодильники,8,18298.02,0
2024-04-08,215,64512,Холодильники,2,34783.97,0
2024-04-08,215,64513,Холодильники,2,35415.15,0
2024-04-08,215,64514,Холодильники,2,21470.21,0
2024-04-08,312,64500,Ноутбуки,4,35289.72,0
2024-04-08,312,64501,Ноутбуки,5,24897.45,0
2024-04-08,312,64502,Ноутбуки,6,20912.0,0
2024-04-08,312,64503,Ноутбуки,6,26354.28,0
2024-04-08,312,64504,Ноутбуки,1,40136.93,0
2024-04-08,312,64505,Смартфони,7,30449.03,0
2024-04-08,312,64506,Смартфони,10,9250.83,0
2024-04-08,312,64507,Смартфони,19,14229.45,0
2024-04-08,312,64508,Смартфони,13,16297.92,0
2024-04-08,312,64509,Смартфони,13,33726.98,0
2024-04-08,312,64510,Холодильники,3,24235.75,0
2024-04-08,312,64511,Холодильники,3,17501.84,1
2024-04-08,312,64512,Холодильники,4,28713.25,1
2024-04-08,312,64513,Холодильники,4,33172.56,1
2024-04-08,312,64514,Холодильники,1,22951.09,0
2024-04-09,215,64500,Ноутбуки,2,37109.86,0
2024-04-09,215,64501,Ноутбуки,5,24497.3,0
2024-04-09,215,64502,Ноутбуки,4,20097.9,0
2024-04-09,215,64503,Ноутбуки,7,24023.53,1
2024-04-09,215,64504,Ноутбуки,3,43380.58,0
2024-04-09,215,64505,Смартфони,10,27745.52,0
2024-04-09,215,64506,Смартфони,16,9131.62,0
2024-04-09,215,64507,Смартфони,15,14237.79,0
2024-04-09,215,64508,Смартфони,29,14571.99,1
2024-04-09,215,64509,Смартфони,15,33897.61,0
2024-04-09,215,64510,Холодильники,2,23532.24,0
2024-04-09,215,64511,Холодильники,7,19609.61,0
2024-04-09,215,64512,Холодильники,4,34132.38,0
2024-04-09,215,64513,Холодильники,2,37688.45,0
2024-04-09,215,64514,Холодильники,2,21720.17,0
2024-04-09,312,64500,Ноутбуки,2,34992.28,0
2024-04-09,312,64501,Ноутбуки,6,26693.3,0
2024-04-09,312,64502,Ноутбуки,5,20726.16,0
2024-04-09,312,64503,Ноутбуки,4,26118.94,0
2024-04-09,312,64504,Ноутбуки,7,39830.17,0
2024-04-09,312,64505,Смартфони,12,29402.46,0
2024-04-09,312,64506,Смартфони,17,9056.61,0
2024-04-09,312,64507,Смартфони,22,14085.72,0
2024-04-09,312,64508,Смартфони,12,16448.35,0
2024-04-09,312,64509,Смартфони,18,34577.3,0
2024-04-09,312,64510,Холодильники,1,24479.1,0
2024-04-09,312,64511,Холодильники,10,19548.01,0
2024-04-09,312,64512,Холодильники,2,35167.13,0
2024-04-09,312,64513,Холодильники,3,35371.84,0
2024-04-09,312,64514,Холодильники,2,20293.91,0
2024-04-10,215,64500,Ноутбуки,1,35586.99,0
2024-04-10,215,64501,Ноутбуки,8,25807.65,0
2024-04-10,215,64502,Ноутбуки,5,21987.12,0
2024-04-10,215,64503,Ноутбуки,5,26921.19,0
2024-04-10,215,64504,Ноутбуки,3,39421.58,0
2024-04-10,215,64505,Смартфони,30,25222.98,1
2024-04-10,215,64506,Смартфони,20,9272.67,0
2024-04-10,215,64507,Смартфони,26,13731.1,0
2024-04-10,215,64508,Смартфони,13,15718.92,0
2024-04-10,215,64509,Смартфони,24,32325.81,0
2024-04-10,215,64510,Холодильники,5,24591.69,0
2024-04-10,215,64511,Холодильники,6,18387.65,0
2024-04-10,215,64512,Холодильники,2,31913.54,0
2024-04-10,215,64513,Холодильники,1,38064.02,0
2024-04-10,215,64514,Холодильники,3,22610.78,0
2024-04-10,312,64500,Ноутбуки,3,35013.94,0
2024-04-10,312,64501,Ноутбуки,5,24857.53,0
2024-04-10,312,64502,Ноутбуки,1,21449.09,0
2024-04-10,312,64503,Ноутбуки,4,25239.15,0
2024-04-10,312,64504,Ноутбуки,5,40667.87,0
2024-04-10,312,64505,Смартфони,9,30516.31,0
2024-04-10,312,64506,Смартфони,10,9435.49,0
2024-04-10,312,64507,Смартфони,14,14281.27,0
2024-04-10,312,64508,Смартфони,15,16604.14,0
2024-04-10,312,64509,Смартфони,21,29841.89,1
2024-04-10,312,64510,Холодильники,8,23316.25,0
2024-04-10,312,64511,Холодильники,4,19714.73,0
2024-04-10,312,64512,Холодильники,1,35094.31,0
2024-04-10,312,64513,Холодильники,2,34923.49,0
2024-04-10,312,64514,Холодильники,2,22174.13,0
2024-04-11,215,64500,Ноутбуки,2,36284.8,0
2024-04-11,215,64501,Ноутбуки,4,24489.87,0
2024-04-11,215,64502,Ноутбуки,9,21594.34,0
2024-04-11,215,64503,Ноутбуки,4,26091.66,0
2024-04-11,215,64504,Ноутбуки,6,39871.5,0
2024-04-11,215,64505,Смартфони,21,30801.47,0
2024-04-11,215,64506,Смартфони,10,9306.76,0
2024-04-11,215,64507,Смартфони,26,14719.38,0
2024-04-11,215,64508,Смартфони,20,17333.66,0
2024-04-11,215,64509,Смартфони,18,32097.08,0
2024-04-11,215,64510,Холодильники,1,23363.81,0
2024-04-11,215,64511,Холодильники,7,19137.34,0
2024-04-11,215,64512,Холодильники,4,35060.35,0
2024-04-11,215,64513,Холодильники,2,35735.51,0
2024-04-11,215,64514,Холодильники,1,22183.43,0
2024-04-11,312,64500,Ноутбуки,3,32460.16,0
2024-04-11,312,64501,Ноутбуки,2,25618.76,0
2024-04-11,312,64502,Ноутбуки,10,19145.58,1
2024-04-11,312,64503,Ноутбуки,3,25234.85,0
2024-04-11,312,64504,Ноутбуки,6,35351.78,1
2024-04-11,312,64505,Смартфони,13,29614.2,0
2024-04-11,312,64506,Смартфони,15,9679.29,0
2024-04-11,312,64507,Смартфони,18,14238.48,0
2024-04-11,312,64508,Смартфони,13,16448.09,0
2024-04-11,312,64509,Смартфони,21,34458.3,0
2024-04-11,312,64510,Холодильники,6,23833.05,0
2024-04-11,312,64511,Холодильники,5,19247.39,0
2024-04-11,312,64512,Холодильники,2,35784.75,0
2024-04-11,312,64513,Холодильники,0,35214.03,0
2024-04-11,312,64514,Холодильники,2,22302.61,0
2024-04-12,215,64500,Ноутбуки,4,34380.53,0
2024-04-12,215,64501,Ноутбуки,7,25295.51,0
2024-04-12,215,64502,Ноутбуки,8,21031.79,0
2024-04-12,215,64503,Ноутбуки,9,25221.8,0
2024-04-12,215,64504,Ноутбуки,10,42701.83,0
2024-04-12,215,64505,Смартфони,16,30409.4,0
2024-04-12,215,64506,Смартфони,25,9530.09,0
2024-04-12,215,64507,Смартфони,38,14662.01,0
2024-04-12,215,64508,Смартфони,18,16044.42,0
2024-04-12,215,64509,Смартфони,19,32852.66,0
2024-04-12,215,64510,Холодильники,2,24094.48,0
2024-04-12,215,64511,Холодильники,6,19059.66,0
2024-04-12,215,64512,Холодильники,3,35651.52,0
2024-04-12,215,64513,Холодильники,1,37673.27,0
2024-04-12,215,64514,Холодильники,2,19619.95,1
2024-04-12,312,64500,Ноутбуки,6,36600.54,0
2024-04-12,312,64501,Ноутбуки,5,25233.2,0
2024-04-12,312,64502,Ноутбуки,9,20872.49,0
2024-04-12,312,64503,Ноутбуки,4,25784.6,0
2024-04-12,312,64504,Ноутбуки,6,41336.28,0
2024-04-12,312,64505,Смартфони,11,29383.59,0
2024-04-12,312,64506,Смартфони,16,9320.22,0
2024-04-12,312,64507,Смартфони,16,14652.81,0
2024-04-12,312,64508,Смартфони,15,16198.49,0
2024-04-12,312,64509,Смартфони,22,35335.7,0
2024-04-12,312,64510,Холодильники,6,25187.45,0
2024-04-12,312,64511,Холодильники,2,20300.07,0
2024-04-12,312,64512,Холодильники,3,35800.29,0
2024-04-12,312,64513,Холодильники,2,35812.87,0
2024-04-12,312,64514,Холодильники,3,22443.36,0
2024-04-13,215,64500,Ноутбуки,11,35087.64,0
2024-04-13,215,64501,Ноутбуки,9,25472.38,0
2024-04-13,215,64502,Ноутбуки,7,21491.44,0
2024-04-13,215,64503,Ноутбуки,6,26635.17,0
2024-04-13,215,64504,Ноутбуки,8,42039.55,0
2024-04-13,215,64505,Смартфони,14,29473.89,0
2024-04-13,215,64506,Смартфони,30,8972.08,0
2024-04-13,215,64507,Смартфони,32,14771.82,0
2024-04-13,215,64508,Смартфони,18,17335.33,0
2024-04-13,215,64509,Смартфони,29,32094.39,0
2024-04-13,215,64510,Холодильники,5,25685.47,0
2024-04-13,215,64511,Холодильники,10,18442.1,0
2024-04-13,215,64512,Холодильники,2,34746.66,0
2024-04-13,215,64513,Холодильники,4,36791.89,0
2024-04-13,215,64514,Холодильники,2,21279.46,0
2024-04-13,312,64500,Ноутбуки,3,35082.49,0
2024-04-13,312,64501,Ноутбуки,3,25806.16,0
2024-04-13,312,64502,Ноутбуки,10,20975.65,0
2024-04-13,312,64503,Ноутбуки,7,24641.28,0
2024-04-13,312,64504,Ноутбуки,8,43740.27,0
2024-04-13,312,64505,Смартфони,13,30568.66,0
2024-04-13,312,64506,Смартфони,23,9245.11,0
2024-04-13,312,64507,Смартфони,25,14528.38,0
2024-04-13,312,64508,Смартфони,12,16331.97,0
2024-04-13,312,64509,Смартфони,34,33604.91,0
2024-04-13,312,64510,Холодильники,5,23744.93,0
2024-04-13,312,64511,Холодильники,8,19291.04,0
2024-04-13,312,64512,Холодильники,0,32079.72,0
2024-04-13,312,64513,Холодильники,5,36207.37,0
2024-04-13,312,64514,Холодильники,1,22076.56,0
2024-04-14,215,64500,Ноутбуки,2,33797.8,0
2024-04-14,215,64501,Ноутбуки,13,25207.63,0
2024-04-14,215,64502,Ноутбуки,15,22429.09,0
2024-04-14,215,64503,Ноутбуки,12,24632.04,0
2024-04-14,215,64504,Ноутбуки,7,40709.83,0
2024-04-14,215,64505,Смартфони,13,30397.82,0
2024-04-14,215,64506,Смартфони,28,9689.39,0
2024-04-14,215,64507,Смартфони,33,14723.83,0
2024-04-14,215,64508,Смартфони,10,16773.86,0
2024-04-14,215,64509,Смартфони,27,32877.34,0
2024-04-14,215,64510,Холодильники,12,24131.34,0
2024-04-14,215,64511,Холодильники,5,19005.66,0
2024-04-14,215,64512,Холодильники,1,34871.62,0
2024-04-14,215,64513,Холодильники,2,34760.23,0
2024-04-14,215,64514,Холодильники,3,21521.2,0
2024-04-14,312,64500,Ноутбуки,4,34990.19,0
2024-04-14,312,64501,Ноутбуки,3,26226.96,0
2024-04-14,312,64502,Ноутбуки,13,18510.66,1
2024-04-14,312,64503,Ноутбуки,10,26617.13,0
2024-04-14,312,64504,Ноутбуки,3,40645.04,0
2024-04-14,312,64505,Смартфони,14,29224.71,0
2024-04-14,312,64506,Смартфони,16,9082.33,0
2024-04-14,312,64507,Смартфони,25,13720.22,0
2024-04-14,312,64508,Смартфони,10,16685.1,0
2024-04-14,312,64509,Смартфони,15,33488.24,0
2024-04-14,312,64510,Холодильники,3,24184.76,0
2024-04-14,312,64511,Холодильники,2,19438.17,0
2024-04-14,312,64512,Холодильники,2,34144.0,0
2024-04-14,312,64513,Холодильники,3,33383.88,1
2024-04-14,312,64514,Холодильники,1,20821.1,0
2024-04-15,215,64500,Ноутбуки,0,34088.31,0
2024-04-15,215,64501,Ноутбуки,6,25510.78,0
2024-04-15,215,64502,Ноутбуки,3,22056.27,0
2024-04-15,215,64503,Ноутбуки,8,25784.04,0
2024-04-15,215,64504,Ноутбуки,7,40206.43,0
2024-04-15,215,64505,Смартфони,8,29480.0,0
2024-04-15,215,64506,Смартфони,12,9335.72,0
2024-04-15,215,64507,Смартфони,34,14036.72,0
2024-04-15,215,64508,Смартфони,15,16263.2,0
2024-04-15,215,64509,Смартфони,45,28980.34,1
2024-04-15,215,64510,Холодильники,4,24638.7,0
2024-04-15,215,64511,Холодильники,2,20501.74,0
2024-04-15,215,64512,Холодильники,5,35993.3,0
2024-04-15,215,64513,Холодильники,0,37223.34,0
2024-04-15,215,64514,Холодильники,0,21196.08,0
2024-04-15,312,64500,Ноутбуки,7,34678.02,0
2024-04-15,312,64501,Ноутбуки,3,26661.35,0
2024-04-15,312,64502,Ноутбуки,12,18916.09,1
2024-04-15,312,64503,Ноутбуки,5,26715.27,0
2024-04-15,312,64504,Ноутбуки,7,39970.87,0
2024-04-15,312,64505,Смартфони,8,29090.91,0
2024-04-15,312,64506,Смартфони,14,8959.38,0
2024-04-15,312,64507,Смартфони,15,13844.56,0
2024-04-15,312,64508,Смартфони,11,16280.38,0
2024-04-15,312,64509,Смартфони,16,33883.22,0
2024-04-15,312,64510,Холодильники,4,23584.85,0
2024-04-15,312,64511,Холодильники,0,19446.37,0
2024-04-15,312,64512,Холодильники,2,34577.95,0
2024-04-15,312,64513,Холодильники,3,36165.84,0
2024-04-15,312,64514,Холодильники,2,21409.52,0
2024-04-16,215,64500,Ноутбуки,9,34511.55,0
2024-04-16,215,64501,Ноутбуки,3,25269.61,0
2024-04-16,215,64502,Ноутбуки,9,20988.89,0
2024-04-16,215,64503,Ноутбуки,7,25518.48,0
2024-04-16,215,64504,Ноутбуки,13,34277.72,1
2024-04-16,215,64505,Смартфони,9,29363.15,0
2024-04-16,215,64506,Смартфони,16,9212.71,0
2024-04-16,215,64507,Смартфони,22,14717.58,0
2024-04-16,215,64508,Смартфони,15,17412.34,0
2024-04-16,215,64509,Смартфони,17,33674.0,0
2024-04-16,215,64510,Холодильники,1,23559.68,0
2024-04-16,215,64511,Холодильники,5,19855.47,0
2024-04-16,215,64512,Холодильники,1,34561.87,0
2024-04-16,215,64513,Холодильники,2,36159.72,0
2024-04-16,215,64514,Холодильники,3,22151.73,0
2024-04-16,312,64500,Ноутбуки,0,35068.6,0
2024-04-16,312,64501,Ноутбуки,4,25860.95,0
2024-04-16,312,64502,Ноутбуки,4,20942.17,0
2024-04-16,312,64503,Ноутбуки,2,26364.46,0
2024-04-16,312,64504,Ноутбуки,2,39361.55,0
2024-04-16,312,64505,Смартфони,1,29402.53,0
2024-04-16,312,64506,Смартфони,14,9298.17,0
2024-04-16,312,64507,Смартфони,26,13898.88,0
2024-04-16,312,64508,Смартфони,12,17449.26,0
2024-04-16,312,64509,Смартфони,16,32721.43,0
2024-04-16,312,64510,Холодильники,6,23773.56,0
2024-04-16,312,64511,Холодильники,5,18135.57,0
2024-04-16,312,64512,Холодильники,5,34568.38,0
2024-04-16,312,64513,Холодильники,2,36409.37,0
2024-04-16,312,64514,Холодильники,1,21592.86,0
2024-04-17,215,64500,Ноутбуки,4,34148.48,0
2024-04-17,215,64501,Ноутбуки,4,26365.09,0
2024-04-17,215,64502,Ноутбуки,10,20736.75,0
2024-04-17,215,64503,Ноутбуки,7,27330.44,0
2024-04-17,215,64504,Ноутбуки,7,40225.66,0
2024-04-17,215,64505,Смартфони,12,29246.7,0
2024-04-17,215,64506,Смартфони,23,9162.68,0
2024-04-17,215,64507,Смартфони,24,13903.14,0
2024-04-17,215,64508,Смартфони,28,14756.24,1
2024-04-17,215,64509,Смартфони,30,32821.42,0
2024-04-17,215,64510,Холодильники,7,24154.02,0
2024-04-17,215,64511,Холодильники,5,18704.36,0
2024-04-17,215,64512,Холодильники,4,33506.1,0
2024-04-17,215,64513,Холодильники,3,35088.95,0
2024-04-17,215,64514,Холодильники,2,21947.18,0
2024-04-17,312,64500,Ноутбуки,3,32952.17,0
2024-04-17,312,64501,Ноутбуки,4,25635.93,0
2024-04-17,312,64502,Ноутбуки,9,19842.07,0
2024-04-17,312,64503,Ноутбуки,1,25448.35,0
2024-04-17,312,64504,Ноутбуки,11,37213.65,1
2024-04-17,312,64505,Смартфони,7,30122.86,0
2024-04-17,312,64506,Смартфони,12,9163.25,0
2024-04-17,312,64507,Смартфони,19,14463.75,0
2024-04-17,312,64508,Смартфони,10,16973.35,0
2024-04-17,312,64509,Смартфони,18,35688.96,0
2024-04-17,312,64510,Холодильники,6,24103.09,0
2024-04-17,312,64511,Холодильники,1,18795.87,0
2024-04-17,312,64512,Холодильники,1,37140.16,0
2024-04-17,312,64513,Холодильники,1,34987.35,0
2024-04-17,312,64514,Холодильники,1,21841.8,0
2024-04-18,215,64500,Ноутбуки,6,33943.67,0
2024-04-18,215,64501,Ноутбуки,4,25914.27,0
2024-04-18,215,64502,Ноутбуки,13,21017.06,0
2024-04-18,215,64503,Ноутбуки,12,24306.47,0
2024-04-18,215,64504,Ноутбуки,4,38452.69,0
2024-04-18,215,64505,Смартфони,11,30302.6,0
2024-04-18,215,64506,Смартфони,9,9545.1,0
2024-04-18,215,64507,Смартфони,22,14495.63,0
2024-04-18,215,64508,Смартфони,11,16998.94,0
2024-04-18,215,64509,Смартфони,39,33035.01,0
2024-04-18,215,64510,Холодильники,7,23340.58,0
2024-04-18,215,64511,Холодильники,9,19237.17,0
2024-04-18,215,64512,Холодильники,5,34759.55,0
2024-04-18,215,64513,Холодильники,2,35110.65,0
2024-04-18,215,64514,Холодильники,2,20869.9,0
2024-04-18,312,64500,Ноутбуки,1,36648.13,0
2024-04-18,312,64501,Ноутбуки,3,25435.74,0
2024-04-18,312,64502,Ноутбуки,4,20393.41,0
2024-04-18,312,64503,Ноутбуки,6,24379.52,0
2024-04-18,312,64504,Ноутбуки,2,42530.91,0
2024-04-18,312,64505,Смартфони,8,29067.85,0
2024-04-18,312,64506,Смартфони,17,9225.15,0
2024-04-18,312,64507,Смартфони,16,13884.29,0
2024-04-18,312,64508,Смартфони,12,16124.13,0
2024-04-18,312,64509,Смартфони,11,32311.45,0
2024-04-18,312,64510,Холодильники,0,24214.53,0
2024-04-18,312,64511,Холодильники,1,20717.11,0
2024-04-18,312,64512,Холодильники,1,34875.28,0
2024-04-18,312,64513,Холодильники,3,34976.23,0
2024-04-18,312,64514,Холодильники,1,23060.47,0
2024-04-19,215,64500,Ноутбуки,2,35453.46,0
2024-04-19,215,64501,Ноутбуки,7,25204.25,0
2024-04-19,215,64502,Ноутбуки,7,20825.25,0
2024-04-19,215,64503,Ноутбуки,10,25687.78,0
2024-04-19,215,64504,Ноутбуки,12,36084.26,1
2024-04-19,215,64505,Смартфони,18,25917.86,1
2024-04-19,215,64506,Смартфони,17,9830.98,0
2024-04-19,215,64507,Смартфони,27,14807.93,0
2024-04-19,215,64508,Смартфони,15,16709.51,0
2024-04-19,215,64509,Смартфони,21,32222.16,0
2024-04-19,215,64510,Холодильники,4,23983.32,0
2024-04-19,215,64511,Холодильники,6,18208.88,0
2024-04-19,215,64512,Холодильники,2,34206.49,0
2024-04-19,215,64513,Холодильники,1,36269.98,0
2024-04-19,215,64514,Холодильники,3,21506.79,0
2024-04-19,312,64500,Ноутбуки,2,35973.0,0
2024-04-19,312,64501,Ноутбуки,5,26437.76,0
2024-04-19,312,64502,Ноутбуки,16,20493.67,0
2024-04-19,312,64503,Ноутбуки,5,26599.84,0
2024-04-19,312,64504,Ноутбуки,2,40471.6,0
2024-04-19,312,64505,Смартфони,11,27671.45,0
2024-04-19,312,64506,Смартфони,11,9676.08,0
2024-04-19,312,64507,Смартфони,18,14371.52,0
2024-04-19,312,64508,Смартфони,11,17099.36,0
2024-04-19,312,64509,Смартфони,28,34090.27,0
2024-04-19,312,64510,Холодильники,0,24951.92,0
2024-04-19,312,64511,Холодильники,3,19570.97,0
2024-04-19,312,64512,Холодильники,4,34664.42,0
2024-04-19,312,64513,Холодильники,2,36118.54,0
2024-04-19,312,64514,Холодильники,0,22328.44,0
2024-04-20,215,64500,Ноутбуки,6,35685.73,0
2024-04-20,215,64501,Ноутбуки,9,26675.15,0
2024-04-20,215,64502,Ноутбуки,13,20437.0,0
2024-04-20,215,64503,Ноутбуки,11,23964.61,1
2024-04-20,215,64504,Ноутбуки,7,40002.15,0
2024-04-20,215,64505,Смартфони,9,31293.59,0
2024-04-20,215,64506,Смартфони,28,9433.18,0
2024-04-20,215,64507,Смартфони,31,13922.91,0
2024-04-20,215,64508,Смартфони,12,15923.44,0
2024-04-20,215,64509,Смартфони,57,30307.75,1
2024-04-20,215,64510,Холодильники,6,24442.92,0
2024-04-20,215,64511,Холодильники,8,19434.92,0
2024-04-20,215,64512,Холодильники,3,35093.49,0
2024-04-20,215,64513,Холодильники,3,34721.79,0
2024-04-20,215,64514,Холодильники,1,21928.43,0
2024-04-20,312,64500,Ноутбуки,10,31527.78,1
2024-04-20,312,64501,Ноутбуки,9,24861.37,1
2024-04-20,312,64502,Ноутбуки,11,21057.98,0
2024-04-20,312,64503,Ноутбуки,6,26017.23,0
2024-04-20,312,64504,Ноутбуки,5,40519.05,0
2024-04-20,312,64505,Смартфони,9,29587.84,0
2024-04-20,312,64506,Смартфони,24,9393.66,0
2024-04-20,312,64507,Смартфони,17,14577.81,0
2024-04-20,312,64508,Смартфони,6,16613.64,0
2024-04-20,312,64509,Смартфони,22,33203.79,0
2024-04-20,312,64510,Холодильники,3,23530.56,0
2024-04-20,312,64511,Холодильники,8,17353.6,1
2024-04-20,312,64512,Холодильники,4,34258.6,0
2024-04-20,312,64513,Холодильники,5,36105.71,0
2024-04-20,312,64514,Холодильники,2,21102.23,0
2024-04-21,215,64500,Ноутбуки,3,35031.13,0
2024-04-21,215,64501,Ноутбуки,10,25381.55,0
2024-04-21,215,64502,Ноутбуки,15,20071.93,0
2024-04-21,215,64503,Ноутбуки,9,24876.73,0
2024-04-21,215,64504,Ноутбуки,10,38529.32,0
2024-04-21,215,64505,Смартфони,15,29800.31,0
2024-04-21,215,64506,Смартфони,21,8987.38,0
2024-04-21,215,64507,Смартфони,21,14358.63,0
2024-04-21,215,64508,Смартфони,15,16387.5,0
2024-04-21,215,64509,Смартфони,27,33659.73,0
2024-04-21,215,64510,Холодильники,1,24620.4,0
2024-04-21,215,64511,Холодильники,6,19878.46,0
2024-04-21,215,64512,Холодильники,6,34373.47,0
2024-04-21,215,64513,Холодильники,5,35896.69,0
2024-04-21,215,64514,Холодильники,3,22959.34,0
2024-04-21,312,64500,Ноутбуки,4,35056.05,0
2024-04-21,312,64501,Ноутбуки,2,24747.63,0
2024-04-21,312,64502,Ноутбуки,8,20805.21,0
2024-04-21,312,64503,Ноутбуки,4,24583.7,0
2024-04-21,312,64504,Ноутбуки,5,39321.39,0
2024-04-21,312,64505,Смартфони,8,29939.16,0
2024-04-21,312,64506,Смартфони,21,8310.43,1
2024-04-21,312,64507,Смартфони,26,13294.35,1
2024-04-21,312,64508,Смартфони,13,16940.89,0
2024-04-21,312,64509,Смартфони,28,34177.22,0
2024-04-21,312,64510,Холодильники,1,24030.2,0
2024-04-21,312,64511,Холодильники,3,19672.6,0
2024-04-21,312,64512,Холодильники,8,34901.18,0
2024-04-21,312,64513,Холодильники,4,34921.55,0
2024-04-21,312,64514,Холодильники,0,21572.6,0
2024-04-22,215,64500,Ноутбуки,0,35216.31,0
2024-04-22,215,64501,Ноутбуки,5,25703.63,0
2024-04-22,215,64502,Ноутбуки,9,21980.47,0
2024-04-22,215,64503,Ноутбуки,9,24958.46,0
2024-04-22,215,64504,Ноутбуки,5,41594.6,0
2024-04-22,215,64505,Смартфони,13,29721.09,0
2024-04-22,215,64506,Смартфони,20,8951.52,0
2024-04-22,215,64507,Смартфони,20,14190.01,0
2024-04-22,215,64508,Смартфони,14,16163.31,0
2024-04-22,215,64509,Смартфони,25,34814.89,0
2024-04-22,215,64510,Холодильники,6,24521.43,0
2024-04-22,215,64511,Холодильники,3,17857.87,0
2024-04-22,215,64512,Холодильники,5,34862.18,0
2024-04-22,215,64513,Холодильники,3,35370.3,0
2024-04-22,215,64514,Холодильники,4,22771.01,0
2024-04-22,312,64500,Ноутбуки,1,33330.11,0
2024-04-22,312,64501,Ноутбуки,1,26180.15,0
2024-04-22,312,64502,Ноутбуки,14,18965.23,1
2024-04-22,312,64503,Ноутбуки,7,25790.98,0
2024-04-22,312,64504,Ноутбуки,5,39704.17,0
2024-04-22,312,64505,Смартфони,4,30178.24,0
2024-04-22,312,64506,Смартфони,11,8864.7,0
2024-04-22,312,64507,Смартфони,16,14227.55,0
2024-04-22,312,64508,Смартфони,11,17153.07,0
2024-04-22,312,64509,Смартфони,19,32525.27,0
2024-04-22,312,64510,Холодильники,1,25072.62,0
2024-04-22,312,64511,Холодильники,4,19032.4,0
2024-04-22,312,64512,Холодильники,2,34820.95,0
2024-04-22,312,64513,Холодильники,2,34425.4,0
2024-04-22,312,64514,Холодильники,1,22068.0,0
2024-04-23,215,64500,Ноутбуки,3,34716.02,0
2024-04-23,215,64501,Ноутбуки,10,25466.35,0
2024-04-23,215,64502,Ноутбуки,13,21846.55,0
2024-04-23,215,64503,Ноутбуки,9,24983.74,0
2024-04-23,215,64504,Ноутбуки,7,41738.33,0
2024-04-23,215,64505,Смартфони,10,28755.47,0
2024-04-23,215,64506,Смартфони,23,9498.04,0
2024-04-23,215,64507,Смартфони,33,13353.52,0
2024-04-23,215,64508,Смартфони,19,16649.11,0
2024-04-23,215,64509,Смартфони,23,34496.67,0
2024-04-23,215,64510,Холодильники,4,24968.22,0
2024-04-23,215,64511,Холодильники,8,19423.55,0
2024-04-23,215,64512,Холодильники,2,34879.72,0
2024-04-23,215,64513,Холодильники,2,34406.73,0
2024-04-23,215,64514,Холодильники,1,21746.26,0
2024-04-23,312,64500,Ноутбуки,2,34823.5,0
2024-04-23,312,64501,Ноутбуки,3,26057.84,0
2024-04-23,312,64502,Ноутбуки,10,19666.95,1
2024-04-23,312,64503,Ноутбуки,7,25836.32,0
2024-04-23,312,64504,Ноутбуки,4,36149.75,1
2024-04-23,312,64505,Смартфони,7,29676.48,0
2024-04-23,312,64506,Смартфони,15,9221.21,0
2024-04-23,312,64507,Смартфони,10,14578.08,0
2024-04-23,312,64508,Смартфони,20,15197.49,1
2024-04-23,312,64509,Смартфони,16,33137.99,0
2024-04-23,312,64510,Холодильники,1,25206.03,0
2024-04-23,312,64511,Холодильники,3,19419.04,0
2024-04-23,312,64512,Холодильники,4,34796.55,0
2024-04-23,312,64513,Холодильники,0,36173.77,0
2024-04-23,312,64514,Холодильники,3,22198.64,0
2024-04-24,215,64500,Ноутбуки,3,35034.02,0
2024-04-24,215,64501,Ноутбуки,10,25394.79,0
2024-04-24,215,64502,Ноутбуки,12,20261.97,0
2024-04-24,215,64503,Ноутбуки,8,26692.45,0
2024-04-24,215,64504,Ноутбуки,7,39589.42,0
2024-04-24,215,64505,Смартфони,15,27598.36,0
2024-04-24,215,64506,Смартфони,22,9139.12,0
2024-04-24,215,64507,Смартфони,34,13909.76,0
2024-04-24,215,64508,Смартфони,15,16581.95,0
2024-04-24,215,64509,Смартфони,18,33930.98,0
2024-04-24,215,64510,Холодильники,4,24204.99,0
2024-04-24,215,64511,Холодильники,6,18802.88,0
2024-04-24,215,64512,Холодильники,3,35471.24,0
2024-04-24,215,64513,Холодильники,3,33422.39,0
2024-04-24,215,64514,Холодильники,1,20736.15,0
2024-04-24,312,64500,Ноутбуки,2,34257.74,0
2024-04-24,312,64501,Ноутбуки,2,25733.05,0
2024-04-24,312,64502,Ноутбуки,10,21693.69,0
2024-04-24,312,64503,Ноутбуки,7,25016.85,0
2024-04-24,312,64504,Ноутбуки,6,39567.5,0
2024-04-24,312,64505,Смартфони,5,28844.17,0
2024-04-24,312,64506,Смартфони,10,9311.79,0
2024-04-24,312,64507,Смартфони,26,13108.32,1
2024-04-24,312,64508,Смартфони,8,16895.1,0
2024-04-24,312,64509,Смартфони,16,34496.63,0
2024-04-24,312,64510,Холодильники,2,23790.44,0
2024-04-24,312,64511,Холодильники,6,20201.12,0
2024-04-24,312,64512,Холодильники,6,35219.36,0
2024-04-24,312,64513,Холодильники,1,35329.18,0
2024-04-24,312,64514,Холодильники,1,21120.35,0
2024-04-25,215,64500,Ноутбуки,3,34830.13,0
2024-04-25,215,64501,Ноутбуки,2,26007.51,0
2024-04-25,215,64502,Ноутбуки,10,21726.11,0
2024-04-25,215,64503,Ноутбуки,8,25803.8,0
2024-04-25,215,64504,Ноутбуки,4,39851.02,0
2024-04-25,215,64505,Смартфони,19,27692.13,1
2024-04-25,215,64506,Смартфони,17,9394.3,0
2024-04-25,215,64507,Смартфони,17,14128.0,0
2024-04-25,215,64508,Смартфони,22,15094.71,1
2024-04-25,215,64509,Смартфони,22,34877.14,0
2024-04-25,215,64510,Холодильники,4,24655.29,0
2024-04-25,215,64511,Холодильники,7,19769.64,0
2024-04-25,215,64512,Холодильники,7,34813.6,0
2024-04-25,215,64513,Холодильники,2,36534.08,0
2024-04-25,215,64514,Холодильники,3,21624.88,0
2024-04-25,312,64500,Ноутбуки,5,33929.34,0
2024-04-25,312,64501,Ноутбуки,3,26126.41,0
2024-04-25,312,64502,Ноутбуки,9,20750.17,0
2024-04-25,312,64503,Ноутбуки,3,25438.8,0
2024-04-25,312,64504,Ноутбуки,3,40507.46,0
2024-04-25,312,64505,Смартфони,14,29896.59,0
2024-04-25,312,64506,Смартфони,20,9158.77,0
2024-04-25,312,64507,Смартфони,12,14336.79,0
2024-04-25,312,64508,Смартфони,17,16647.91,0
2024-04-25,312,64509,Смартфони,8,33544.99,0
2024-04-25,312,64510,Холодильники,2,23501.62,0
2024-04-25,312,64511,Холодильники,7,19090.18,0
2024-04-25,312,64512,Холодильники,5,35530.34,0
2024-04-25,312,64513,Холодильники,8,30863.26,1
2024-04-25,312,64514,Холодильники,2,21328.78,0
2024-04-26,215,64500,Ноутбуки,9,31909.11,1
2024-04-26,215,64501,Ноутбуки,5,25760.61,0
2024-04-26,215,64502,Ноутбуки,19,20410.64,0
2024-04-26,215,64503,Ноутбуки,9,26037.94,0
2024-04-26,215,64504,Ноутбуки,5,41492.51,0
2024-04-26,215,64505,Смартфони,17,30541.99,0
2024-04-26,215,64506,Смартфони,29,8876.73,0
2024-04-26,215,64507,Смартфони,17,14029.45,0
2024-04-26,215,64508,Смартфони,13,17012.25,0
2024-04-26,215,64509,Смартфони,30,32125.71,0
2024-04-26,215,64510,Холодильники,5,24825.5,0
2024-04-26,215,64511,Холодильники,6,17834.52,0
2024-04-26,215,64512,Холодильники,3,35053.38,0
2024-04-26,215,64513,Холодильники,5,35436.19,0
2024-04-26,215,64514,Холодильники,4,21402.88,0
2024-04-26,312,64500,Ноутбуки,2,33280.55,0
2024-04-26,312,64501,Ноутбуки,2,25187.48,0
2024-04-26,312,64502,Ноутбуки,9,20878.53,0
2024-04-26,312,64503,Ноутбуки,8,26328.58,0
2024-04-26,312,64504,Ноутбуки,5,41291.3,0
2024-04-26,312,64505,Смартфони,10,28852.22,0
2024-04-26,312,64506,Смартфони,24,9179.78,0
2024-04-26,312,64507,Смартфони,20,13360.92,0
2024-04-26,312,64508,Смартфони,13,16530.45,0
2024-04-26,312,64509,Смартфони,19,34416.49,0
2024-04-26,312,64510,Холодильники,3,25331.88,0
2024-04-26,312,64511,Холодильники,2,18172.77,0
2024-04-26,312,64512,Холодильники,2,35139.29,0
2024-04-26,312,64513,Холодильники,0,36441.34,0
2024-04-26,312,64514,Холодильники,2,22547.82,0
2024-04-27,215,64500,Ноутбуки,7,36208.68,0
2024-04-27,215,64501,Ноутбуки,13,22999.57,1
2024-04-27,215,64502,Ноутбуки,13,20803.6,0
2024-04-27,215,64503,Ноутбуки,11,24916.64,0
2024-04-27,215,64504,Ноутбуки,4,41648.99,0
2024-04-27,215,64505,Смартфони,14,28974.93,0
2024-04-27,215,64506,Смартфони,24,9528.73,0
2024-04-27,215,64507,Смартфони,34,13736.82,0
2024-04-27,215,64508,Смартфони,11,15963.12,0
2024-04-27,215,64509,Смартфони,47,34819.55,0
2024-04-27,215,64510,Холодильники,5,23725.44,0
2024-04-27,215,64511,Холодильники,3,19040.44,0
2024-04-27,215,64512,Холодильники,2,35034.9,0
2024-04-27,215,64513,Холодильники,6,35516.59,0
2024-04-27,215,64514,Холодильники,0,21183.25,0
2024-04-27,312,64500,Ноутбуки,4,34149.35,0
2024-04-27,312,64501,Ноутбуки,4,24828.71,0
2024-04-27,312,64502,Ноутбуки,8,19984.86,0
2024-04-27,312,64503,Ноутбуки,7,26089.0,0
2024-04-27,312,64504,Ноутбуки,4,40720.38,0
2024-04-27,312,64505,Смартфони,8,29943.89,0
2024-04-27,312,64506,Смартфони,16,9029.23,0
2024-04-27,312,64507,Смартфони,18,14451.53,0
2024-04-27,312,64508,Смартфони,9,17525.77,0
2024-04-27,312,64509,Смартфони,31,32704.54,0
2024-04-27,312,64510,Холодильники,7,22549.41,1
2024-04-27,312,64511,Холодильники,4,18598.62,0
2024-04-27,312,64512,Холодильники,4,35570.65,0
2024-04-27,312,64513,Холодильники,3,35424.01,0
2024-04-27,312,64514,Холодильники,1,21938.57,0
2024-04-28,215,64500,Ноутбуки,4,34649.5,0
2024-04-28,215,64501,Ноутбуки,6,24673.73,0
2024-04-28,215,64502,Ноутбуки,8,20055.51,0
2024-04-28,215,64503,Ноутбуки,20,23646.93,1
2024-04-28,215,64504,Ноутбуки,12,40573.88,0
2024-04-28,215,64505,Смартфони,15,29821.59,0
2024-04-28,215,64506,Смартфони,29,9383.31,0
2024-04-28,215,64507,Смартфони,22,14071.54,0
2024-04-28,215,64508,Смартфони,9,16470.39,0
2024-04-28,215,64509,Смартфони,30,34146.6,0
2024-04-28,215,64510,Холодильники,6,24333.21,0
2024-04-28,215,64511,Холодильники,10,19233.57,0
2024-04-28,215,64512,Холодильники,4,35148.3,0
2024-04-28,215,64513,Холодильники,5,36207.92,0
2024-04-28,215,64514,Холодильники,3,23318.41,0
2024-04-28,312,64500,Ноутбуки,3,35131.01,0
2024-04-28,312,64501,Ноутбуки,12,23373.21,1
2024-04-28,312,64502,Ноутбуки,12,20795.83,0
2024-04-28,312,64503,Ноутбуки,5,25041.2,0
2024-04-28,312,64504,Ноутбуки,4,35924.79,1
2024-04-28,312,64505,Смартфони,7,30213.9,0
2024-04-28,312,64506,Смартфони,28,8022.93,1
2024-04-28,312,64507,Смартфони,24,13849.04,0
2024-04-28,312,64508,Смартфони,17,15550.59,0
2024-04-28,312,64509,Смартфони,26,33291.11,0
2024-04-28,312,64510,Холодильники,7,22814.56,0
2024-04-28,312,64511,Холодильники,6,18056.93,0
2024-04-28,312,64512,Холодильники,5,32111.17,1
2024-04-28,312,64513,Холодильники,4,34919.87,0
2024-04-28,312,64514,Холодильники,3,22499.54,0
2024-04-29,215,64500,Ноутбуки,4,35722.02,0
2024-04-29,215,64501,Ноутбуки,8,26249.95,0
2024-04-29,215,64502,Ноутбуки,7,21415.97,0
2024-04-29,215,64503,Ноутбуки,10,25493.89,0
2024-04-29,215,64504,Ноутбуки,12,39507.36,0
2024-04-29,215,64505,Смартфони,11,29930.27,0
2024-04-29,215,64506,Смартфони,25,9284.81,0
2024-04-29,215,64507,Смартфони,33,14264.44,0
2024-04-29,215,64508,Смартфони,24,17725.13,0
2024-04-29,215,64509,Смартфони,34,33709.76,0
2024-04-29,215,64510,Холодильники,2,23960.61,0
2024-04-29,215,64511,Холодильники,5,19180.2,0
2024-04-29,215,64512,Холодильники,6,37486.07,0
2024-04-29,215,64513,Холодильники,5,35005.47,0
2024-04-29,215,64514,Холодильники,4,21908.64,0
2024-04-29,312,64500,Ноутбуки,1,34864.87,0
2024-04-29,312,64501,Ноутбуки,5,24391.44,0
2024-04-29,312,64502,Ноутбуки,6,21011.42,0
2024-04-29,312,64503,Ноутбуки,8,25918.95,0
2024-04-29,312,64504,Ноутбуки,12,36413.06,1
2024-04-29,312,64505,Смартфони,10,28719.35,0
2024-04-29,312,64506,Смартфони,17,9341.86,0
2024-04-29,312,64507,Смартфони,20,14209.37,0
2024-04-29,312,64508,Смартфони,22,14911.52,1
2024-04-29,312,64509,Смартфони,18,33737.91,0
2024-04-29,312,64510,Холодильники,3,23039.63,0
2024-04-29,312,64511,Холодильники,4,20153.82,0
2024-04-29,312,64512,Холодильники,3,33019.43,0
2024-04-29,312,64513,Холодильники,1,35982.41,0
2024-04-29,312,64514,Холодильники,2,22491.19,0
2024-04-30,215,64500,Ноутбуки,7,33258.02,0
2024-04-30,215,64501,Ноутбуки,8,25846.66,0
2024-04-30,215,64502,Ноутбуки,13,21771.76,0
2024-04-30,215,64503,Ноутбуки,11,22168.13,1
2024-04-30,215,64504,Ноутбуки,2,39336.19,0
2024-04-30,215,64505,Смартфони,26,27577.64,1
2024-04-30,215,64506,Смартфони,26,9559.13,0
2024-04-30,215,64507,Смартфони,28,13875.49,0
2024-04-30,215,64508,Смартфони,16,16363.82,0
2024-04-30,215,64509,Смартфони,27,32860.04,0
2024-04-30,215,64510,Холодильники,9,24056.12,0
2024-04-30,215,64511,Холодильники,4,18754.05,0
2024-04-30,215,64512,Холодильники,8,30772.41,1
2024-04-30,215,64513,Холодильники,3,35872.17,0
2024-04-30,215,64514,Холодильники,7,21935.13,0
2024-04-30,312,64500,Ноутбуки,0,34702.47,0
2024-04-30,312,64501,Ноутбуки,3,25558.71,0
2024-04-30,312,64502,Ноутбуки,8,20012.76,0
2024-04-30,312,64503,Ноутбуки,11,24778.24,0
2024-04-30,312,64504,Ноутбуки,6,39341.39,0
2024-04-30,312,64505,Смартфони,12,29521.7,0
2024-04-30,312,64506,Смартфони,13,8701.37,0
2024-04-30,312,64507,Смартфони,20,14118.62,0
2024-04-30,312,64508,Смартфони,12,16389.28,0
2024-04-30,312,64509,Смартфони,21,32812.79,0
2024-04-30,312,64510,Холодильники,6,24861.56,0
2024-04-30,312,64511,Холодильники,1,19617.43,0
2024-04-30,312,64512,Холодильники,4,34179.72,0
2024-04-30,312,64513,Холодильники,4,34601.27,0
2024-04-30,312,64514,Холодильники,0,20693.97,0
2024-05-01,215,64500,Ноутбуки,8,28909.62,1
2024-05-01,215,64501,Ноутбуки,10,25397.59,0
2024-05-01,215,64502,Ноутбуки,16,21208.32,0
2024-05-01,215,64503,Ноутбуки,16,24000.0,0
2024-05-01,215,64504,Ноутбуки,19,39870.72,0
2024-05-01,215,64505,Смартфони,25,29282.53,0
2024-05-01,215,64506,Смартфони,31,9181.95,0
2024-05-01,215,64507,Смартфони,48,14310.78,0
2024-05-01,215,64508,Смартфони,29,17336.54,0
2024-05-01,215,64509,Смартфони,87,29099.1,1
2024-05-01,215,64510,Холодильники,9,23835.89,0
2024-05-01,215,64511,Холодильники,17,18844.67,0
2024-05-01,215,64512,Холодильники,7,34145.28,0
2024-05-01,215,64513,Холодильники,9,35039.2,0
2024-05-01,215,64514,Холодильники,6,21764.05,0
2024-05-01,312,64500,Ноутбуки,1,32078.81,0
2024-05-01,312,64501,Ноутбуки,6,25057.2,0
2024-05-01,312,64502,Ноутбуки,15,20063.22,0
2024-05-01,312,64503,Ноутбуки,8,26347.54,0
2024-05-01,312,64504,Ноутбуки,9,39783.38,0
2024-05-01,312,64505,Смартфони,21,28643.89,0
2024-05-01,312,64506,Смартфони,36,9264.23,0
2024-05-01,312,64507,Смартфони,28,14245.63,0
2024-05-01,312,64508,Смартфони,18,16683.97,0
2024-05-01,312,64509,Смартфони,31,34774.87,0
2024-05-01,312,64510,Холодильники,6,24016.36,0
2024-05-01,312,64511,Холодильники,12,17642.88,1
2024-05-01,312,64512,Холодильники,4,34522.96,0
2024-05-01,312,64513,Холодильники,6,34547.67,0
2024-05-01,312,64514,Холодильники,5,23380.25,0
2024-05-02,215,64500,Ноутбуки,2,34531.0,0
2024-05-02,215,64501,Ноутбуки,8,25424.73,0
2024-05-02,215,64502,Ноутбуки,9,20300.98,0
2024-05-02,215,64503,Ноутбуки,13,26124.92,0
2024-05-02,215,64504,Ноутбуки,5,41531.36,0
2024-05-02,215,64505,Смартфони,10,30816.31,0
2024-05-02,215,64506,Смартфони,29,9047.19,0
2024-05-02,215,64507,Смартфони,62,12749.83,1
2024-05-02,215,64508,Смартфони,20,17138.98,0
2024-05-02,215,64509,Смартфони,34,32559.25,0
2024-05-02,215,64510,Холодильники,4,24707.4,0
2024-05-02,215,64511,Холодильники,5,20792.31,0
2024-05-02,215,64512,Холодильники,2,32979.88,0
2024-05-02,215,64513,Холодильники,0,35272.52,0
2024-05-02,215,64514,Холодильники,3,22965.02,0
2024-05-02,312,64500,Ноутбуки,2,35259.46,0
2024-05-02,312,64501,Ноутбуки,6,24387.8,0
2024-05-02,312,64502,Ноутбуки,17,18409.45,1
2024-05-02,312,64503,Ноутбуки,6,24080.56,0
2024-05-02,312,64504,Ноутбуки,6,38847.78,0
2024-05-02,312,64505,Смартфони,15,28470.93,0
2024-05-02,312,64506,Смартфони,26,9297.28,0
2024-05-02,312,64507,Смартфони,15,14373.61,0
2024-05-02,312,64508,Смартфони,16,16355.54,0
2024-05-02,312,64509,Смартфони,11,33139.03,0
2024-05-02,312,64510,Холодильники,5,25212.54,0
2024-05-02,312,64511,Холодильники,10,19473.67,0
2024-05-02,312,64512,Холодильники,4,36318.0,0
2024-05-02,312,64513,Холодильники,3,36148.75,0
2024-05-02,312,64514,Холодильники,2,19372.52,1
2024-05-03,215,64500,Ноутбуки,5,35041.64,0
2024-05-03,215,64501,Ноутбуки,4,25413.55,0
2024-05-03,215,64502,Ноутбуки,11,21119.52,0
2024-05-03,215,64503,Ноутбуки,8,25349.05,0
2024-05-03,215,64504,Ноутбуки,13,42306.98,0
2024-05-03,215,64505,Смартфони,20,29650.97,0
2024-05-03,215,64506,Смартфони,30,9219.75,0
2024-05-03,215,64507,Смартфони,41,14369.49,0
2024-05-03,215,64508,Смартфони,39,15146.55,1
2024-05-03,215,64509,Смартфони,39,33883.6,0
2024-05-03,215,64510,Холодильники,5,22833.51,0
2024-05-03,215,64511,Холодильники,10,17204.05,1
2024-05-03,215,64512,Холодильники,2,33890.44,0
2024-05-03,215,64513,Холодильники,9,35792.83,0
2024-05-03,215,64514,Холодильники,6,20917.01,0
2024-05-03,312,64500,Ноутбуки,5,33432.2,0
2024-05-03,312,64501,Ноутбуки,5,25086.05,0
2024-05-03,312,64502,Ноутбуки,10,21237.19,0
2024-05-03,312,64503,Ноутбуки,8,25210.67,0
2024-05-03,312,64504,Ноутбуки,7,40418.81,0
2024-05-03,312,64505,Смартфони,9,28851.1,0
2024-05-03,312,64506,Смартфони,19,9755.59,0
2024-05-03,312,64507,Смартфони,29,14248.86,0
2024-05-03,312,64508,Смартфони,20,16709.69,0
2024-05-03,312,64509,Смартфони,34,32732.11,0
2024-05-03,312,64510,Холодильники,2,23477.44,0
2024-05-03,312,64511,Холодильники,6,18815.15,0
2024-05-03,312,64512,Холодильники,2,33276.23,0
2024-05-03,312,64513,Холодильники,0,36769.75,0
2024-05-03,312,64514,Холодильники,1,20465.08,1
2024-05-04,215,64500,Ноутбуки,6,34301.74,0
2024-05-04,215,64501,Ноутбуки,5,25248.15,0
2024-05-04,215,64502,Ноутбуки,9,20714.21,0
2024-05-04,215,64503,Ноутбуки,7,25673.83,0
2024-05-04,215,64504,Ноутбуки,9,41320.64,0
2024-05-04,215,64505,Смартфони,14,29925.49,0
2024-05-04,215,64506,Смартфони,32,9555.87,0
2024-05-04,215,64507,Смартфони,37,14077.59,0
2024-05-04,215,64508,Смартфони,15,17196.21,0
2024-05-04,215,64509,Смартфони,43,34085.49,0
2024-05-04,215,64510,Холодильники,6,24188.53,0
2024-05-04,215,64511,Холодильники,11,16479.34,1
2024-05-04,215,64512,Холодильники,7,36086.01,0
2024-05-04,215,64513,Холодильники,2,35317.39,0
2024-05-04,215,64514,Холодильники,1,22357.58,0
2024-05-04,312,64500,Ноутбуки,2,35612.46,0
2024-05-04,312,64501,Ноутбуки,6,25783.44,0
2024-05-04,312,64502,Ноутбуки,12,20744.75,0
2024-05-04,312,64503,Ноутбуки,8,27381.36,0
2024-05-04,312,64504,Ноутбуки,8,37967.65,0
2024-05-04,312,64505,Смартфони,17,29882.51,0
2024-05-04,312,64506,Смартфони,24,9240.36,0
2024-05-04,312,64507,Смартфони,44,11954.88,1
2024-05-04,312,64508,Смартфони,17,15569.61,0
2024-05-04,312,64509,Смартфони,25,32749.79,0
2024-05-04,312,64510,Холодильники,2,23992.4,0
2024-05-04,312,64511,Холодильники,9,19438.62,0
2024-05-04,312,64512,Холодильники,4,36536.93,0
2024-05-04,312,64513,Холодильники,0,35002.17,0
2024-05-04,312,64514,Холодильники,3,20967.9,0
2024-05-05,215,64500,Ноутбуки,4,33520.94,0
2024-05-05,215,64501,Ноутбуки,5,25123.18,0
2024-05-05,215,64502,Ноутбуки,18,19493.39,0
2024-05-05,215,64503,Ноутбуки,14,23849.02,1
2024-05-05,215,64504,Ноутбуки,12,40922.46,0
2024-05-05,215,64505,Смартфони,21,30521.47,0
2024-05-05,215,64506,Смартфони,26,9376.98,0
2024-05-05,215,64507,Смартфони,27,14605.35,0
2024-05-05,215,64508,Смартфони,25,16661.34,0
2024-05-05,215,64509,Смартфони,31,33540.51,0
2024-05-05,215,64510,Холодильники,3,24769.83,0
2024-05-05,215,64511,Холодильники,4,19160.94,0
2024-05-05,215,64512,Холодильники,4,35138.75,0
2024-05-05,215,64513,Холодильники,2,35635.68,0
2024-05-05,215,64514,Холодильники,2,22396.89,0
2024-05-05,312,64500,Ноутбуки,5,33858.23,0
2024-05-05,312,64501,Ноутбуки,5,26909.2,0
2024-05-05,312,64502,Ноутбуки,11,21815.21,0
2024-05-05,312,64503,Ноутбуки,16,22134.71,1
2024-05-05,312,64504,Ноутбуки,7,39153.74,0
2024-05-05,312,64505,Смартфони,10,31355.43,0
2024-05-05,312,64506,Смартфони,13,9548.16,0
2024-05-05,312,64507,Смартфони,33,12927.3,1
2024-05-05,312,64508,Смартфони,11,17295.95,0
2024-05-05,312,64509,Смартфони,13,32073.46,0
2024-05-05,312,64510,Холодильники,4,24897.79,0
2024-05-05,312,64511,Холодильники,4,19492.95,0
2024-05-05,312,64512,Холодильники,6,33465.22,0
2024-05-05,312,64513,Холодильники,2,36280.36,0
2024-05-05,312,64514,Холодильники,3,21744.49,0
2024-05-06,215,64500,Ноутбуки,3,34411.46,0
2024-05-06,215,64501,Ноутбуки,5,24923.38,0
2024-05-06,215,64502,Ноутбуки,11,19559.24,0
2024-05-06,215,64503,Ноутбуки,7,25348.84,0
2024-05-06,215,64504,Ноутбуки,5,41855.24,0
2024-05-06,215,64505,Смартфони,14,29282.66,0
2024-05-06,215,64506,Смартфони,23,9299.39,0
2024-05-06,215,64507,Смартфони,24,14430.5,0
2024-05-06,215,64508,Смартфони,14,16189.8,0
2024-05-06,215,64509,Смартфони,25,31514.77,0
2024-05-06,215,64510,Холодильники,4,23973.09,0
2024-05-06,215,64511,Холодильники,8,19204.03,0
2024-05-06,215,64512,Холодильники,1,33606.62,0
2024-05-06,215,64513,Холодильники,1,35522.53,0
2024-05-06,215,64514,Холодильники,2,21867.79,0
2024-05-06,312,64500,Ноутбуки,1,36156.99,0
2024-05-06,312,64501,Ноутбуки,1,25001.91,0
2024-05-06,312,64502,Ноутбуки,8,20529.03,0
2024-05-06,312,64503,Ноутбуки,7,25766.31,0
2024-05-06,312,64504,Ноутбуки,4,42860.08,0
2024-05-06,312,64505,Смартфони,22,27001.23,1
2024-05-06,312,64506,Смартфони,17,9319.35,0
2024-05-06,312,64507,Смартфони,21,14656.94,0
2024-05-06,312,64508,Смартфони,8,16006.53,0
2024-05-06,312,64509,Смартфони,17,33487.4,0
2024-05-06,312,64510,Холодильники,6,20965.88,1
2024-05-06,312,64511,Холодильники,7,20071.12,0
2024-05-06,312,64512,Холодильники,5,36258.12,0
2024-05-06,312,64513,Холодильники,0,37161.34,0
2024-05-06,312,64514,Холодильники,2,22553.35,0
2024-05-07,215,64500,Ноутбуки,9,36111.57,0
2024-05-07,215,64501,Ноутбуки,8,23407.57,1
2024-05-07,215,64502,Ноутбуки,8,20949.95,0
2024-05-07,215,64503,Ноутбуки,8,25647.12,0
2024-05-07,215,64504,Ноутбуки,7,40287.02,0
2024-05-07,215,64505,Смартфони,10,31021.13,0
2024-05-07,215,64506,Смартфони,19,9401.71,0
2024-05-07,215,64507,Смартфони,25,14041.69,0
2024-05-07,215,64508,Смартфони,14,16849.59,0
2024-05-07,215,64509,Смартфони,24,33489.23,0
2024-05-07,215,64510,Холодильники,4,21596.75,1
2024-05-07,215,64511,Холодильники,6,20175.83,0
2024-05-07,215,64512,Холодильники,1,33487.12,0
2024-05-07,215,64513,Холодильники,4,30966.84,1
2024-05-07,215,64514,Холодильники,3,21878.56,0
2024-05-07,312,64500,Ноутбуки,5,36006.59,0
2024-05-07,312,64501,Ноутбуки,3,26251.11,0
2024-05-07,312,64502,Ноутбуки,6,21539.79,0
2024-05-07,312,64503,Ноутбуки,4,25829.11,0
2024-05-07,312,64504,Ноутбуки,3,41033.71,0
2024-05-07,312,64505,Смартфони,17,29344.23,0
2024-05-07,312,64506,Смартфони,14,9141.5,0
2024-05-07,312,64507,Смартфони,11,14602.64,0
2024-05-07,312,64508,Смартфони,13,16320.59,0
2024-05-07,312,64509,Смартфони,17,31376.37,0
2024-05-07,312,64510,Холодильники,6,26069.02,0
2024-05-07,312,64511,Холодильники,10,18283.15,0
2024-05-07,312,64512,Холодильники,5,31115.33,1
2024-05-07,312,64513,Холодильники,1,37718.8,0
2024-05-07,312,64514,Холодильники,1,22074.3,0
2024-05-08,215,64500,Ноутбуки,7,35703.29,0
2024-05-08,215,64501,Ноутбуки,5,24216.23,0
2024-05-08,215,64502,Ноутбуки,18,17960.46,1
2024-05-08,215,64503,Ноутбуки,3,26916.46,0
2024-05-08,215,64504,Ноутбуки,4,38978.94,0
2024-05-08,215,64505,Смартфони,16,30494.33,0
2024-05-08,215,64506,Смартфони,21,9299.76,0
2024-05-08,215,64507,Смартфони,26,14061.85,0
2024-05-08,215,64508,Смартфони,14,16394.91,0
2024-05-08,215,64509,Смартфони,30,32879.42,0
2024-05-08,215,64510,Холодильники,2,23385.85,0
2024-05-08,215,64511,Холодильники,2,20020.87,0
2024-05-08,215,64512,Холодильники,5,35148.93,0
2024-05-08,215,64513,Холодильники,0,36888.19,0
2024-05-08,215,64514,Холодильники,2,22422.09,0
2024-05-08,312,64500,Ноутбуки,5,34211.69,0
2024-05-08,312,64501,Ноутбуки,7,23694.88,1
2024-05-08,312,64502,Ноутбуки,7,21981.52,0
2024-05-08,312,64503,Ноутбуки,8,25965.96,0
2024-05-08,312,64504,Ноутбуки,3,41931.09,0
2024-05-08,312,64505,Смартфони,6,29228.31,0
2024-05-08,312,64506,Смартфони,13,9026.38,0
2024-05-08,312,64507,Смартфони,12,13577.19,0
2024-05-08,312,64508,Смартфони,9,16857.84,0
2024-05-08,312,64509,Смартфони,18,34619.02,0
2024-05-08,312,64510,Холодильники,2,24730.88,0
2024-05-08,312,64511,Холодильники,5,18383.97,0
2024-05-08,312,64512,Холодильники,4,35314.33,0
2024-05-08,312,64513,Холодильники,3,35450.73,0
2024-05-08,312,64514,Холодильники,0,21206.26,0
2024-05-09,215,64500,Ноутбуки,6,35285.89,0
2024-05-09,215,64501,Ноутбуки,9,24948.38,0
2024-05-09,215,64502,Ноутбуки,10,20971.21,0
2024-05-09,215,64503,Ноутбуки,5,25456.54,0
2024-05-09,215,64504,Ноутбуки,6,41473.52,0
2024-05-09,215,64505,Смартфони,15,28657.17,0
2024-05-09,215,64506,Смартфони,17,9636.26,0
2024-05-09,215,64507,Смартфони,30,13731.91,0
2024-05-09,215,64508,Смартфони,13,15715.49,0
2024-05-09,215,64509,Смартфони,23,33468.74,0
2024-05-09,215,64510,Холодильники,1,23466.46,0
2024-05-09,215,64511,Холодильники,8,20140.59,0
2024-05-09,215,64512,Холодильники,1,34512.04,0
2024-05-09,215,64513,Холодильники,2,35745.82,0
2024-05-09,215,64514,Холодильники,0,20758.61,0
2024-05-09,312,64500,Ноутбуки,4,34223.39,0
2024-05-09,312,64501,Ноутбуки,3,24821.51,0
2024-05-09,312,64502,Ноутбуки,7,20943.98,0
2024-05-09,312,64503,Ноутбуки,6,25283.84,0
2024-05-09,312,64504,Ноутбуки,6,41121.99,0
2024-05-09,312,64505,Смартфони,9,28879.59,0
2024-05-09,312,64506,Смартфони,18,9391.05,0
2024-05-09,312,64507,Смартфони,19,14213.65,0
2024-05-09,312,64508,Смартфони,7,16561.17,0
2024-05-09,312,64509,Смартфони,20,32567.09,0
2024-05-09,312,64510,Холодильники,6,22803.09,1
2024-05-09,312,64511,Холодильники,4,19563.11,0
2024-05-09,312,64512,Холодильники,2,31106.52,1
2024-05-09,312,64513,Холодильники,3,35946.4,0
2024-05-09,312,64514,Холодильники,1,21620.12,0
2024-05-10,215,64500,Ноутбуки,5,35555.59,0
2024-05-10,215,64501,Ноутбуки,12,21619.12,1
2024-05-10,215,64502,Ноутбуки,12,20982.08,0
2024-05-10,215,64503,Ноутбуки,15,26346.51,0
2024-05-10,215,64504,Ноутбуки,3,40521.73,0
2024-05-10,215,64505,Смартфони,9,29725.97,0
2024-05-10,215,64506,Смартфони,26,8909.07,0
2024-05-10,215,64507,Смартфони,26,14005.52,0
2024-05-10,215,64508,Смартфони,12,17049.73,0
2024-05-10,215,64509,Смартфони,35,34768.4,0
2024-05-10,215,64510,Холодильники,6,24110.58,0
2024-05-10,215,64511,Холодильники,4,19700.45,0
2024-05-10,215,64512,Холодильники,8,34086.31,0
2024-05-10,215,64513,Холодильники,3,37292.81,0
2024-05-10,215,64514,Холодильники,4,22005.26,0
2024-05-10,312,64500,Ноутбуки,4,35255.49,0
2024-05-10,312,64501,Ноутбуки,10,25998.16,0
2024-05-10,312,64502,Ноутбуки,18,18752.32,1
2024-05-10,312,64503,Ноутбуки,8,26844.14,0
2024-05-10,312,64504,Ноутбуки,5,41913.19,0
2024-05-10,312,64505,Смартфони,11,29123.04,0
2024-05-10,312,64506,Смартфони,17,9720.94,0
2024-05-10,312,64507,Смартфони,27,13720.77,0
2024-05-10,312,64508,Смартфони,12,16453.21,0
2024-05-10,312,64509,Смартфони,40,29122.12,1
2024-05-10,312,64510,Холодильники,1,25462.82,0
2024-05-10,312,64511,Холодильники,5,19095.26,0
2024-05-10,312,64512,Холодильники,3,34632.53,0
2024-05-10,312,64513,Холодильники,0,36259.59,0
2024-05-10,312,64514,Холодильники,1,22047.43,0
2024-05-11,215,64500,Ноутбуки,5,35214.8,0
2024-05-11,215,64501,Ноутбуки,9,24231.58,0
2024-05-11,215,64502,Ноутбуки,19,20866.61,0
2024-05-11,215,64503,Ноутбуки,6,24577.97,0
2024-05-11,215,64504,Ноутбуки,4,38555.39,0
2024-05-11,215,64505,Смартфони,19,30586.26,0
2024-05-11,215,64506,Смартфони,24,8871.57,0
2024-05-11,215,64507,Смартфони,39,14584.48,0
2024-05-11,215,64508,Смартфони,19,16223.66,0
2024-05-11,215,64509,Смартфони,33,34906.78,0
2024-05-11,215,64510,Холодильники,6,24977.18,0
2024-05-11,215,64511,Холодильники,9,20443.34,0
2024-05-11,215,64512,Холодильники,5,33323.38,0
2024-05-11,215,64513,Холодильники,6,35860.67,0
2024-05-11,215,64514,Холодильники,9,19874.07,1
2024-05-11,312,64500,Ноутбуки,4,36404.71,0
2024-05-11,312,64501,Ноутбуки,6,24571.06,0
2024-05-11,312,64502,Ноутбуки,14,21479.04,0
2024-05-11,312,64503,Ноутбуки,6,25860.44,0
2024-05-11,312,64504,Ноутбуки,8,41998.58,0
2024-05-11,312,64505,Смартфони,12,29584.47,0
2024-05-11,312,64506,Смартфони,19,9194.92,0
2024-05-11,312,64507,Смартфони,23,14309.0,0
2024-05-11,312,64508,Смартфони,20,17331.88,0
2024-05-11,312,64509,Смартфони,33,33975.1,0
2024-05-11,312,64510,Холодильники,2,24289.51,0
2024-05-11,312,64511,Холодильники,6,19303.29,0
2024-05-11,312,64512,Холодильники,5,33298.28,0
2024-05-11,312,64513,Холодильники,2,36000.47,0
2024-05-11,312,64514,Холодильники,4,21172.67,0
2024-05-12,215,64500,Ноутбуки,6,34367.78,0
2024-05-12,215,64501,Ноутбуки,4,25989.09,0
2024-05-12,215,64502,Ноутбуки,7,20658.13,0
2024-05-12,215,64503,Ноутбуки,11,23584.92,1
2024-05-12,215,64504,Ноутбуки,5,36889.7,1
2024-05-12,215,64505,Смартфони,14,29076.71,0
2024-05-12,215,64506,Смартфони,31,9252.06,0
2024-05-12,215,64507,Смартфони,22,14380.84,0
2024-05-12,215,64508,Смартфони,18,17020.13,0
2024-05-12,215,64509,Смартфони,44,34184.86,0
2024-05-12,215,64510,Холодильники,3,24597.87,0
2024-05-12,215,64511,Холодильники,5,18395.66,0
2024-05-12,215,64512,Холодильники,3,36298.5,0
2024-05-12,215,64513,Холодильники,1,37015.25,0
2024-05-12,215,64514,Холодильники,9,21443.51,1
2024-05-12,312,64500,Ноутбуки,6,29937.34,1
2024-05-12,312,64501,Ноутбуки,7,26169.07,0
2024-05-12,312,64502,Ноутбуки,6,20889.47,0
2024-05-12,312,64503,Ноутбуки,7,25558.32,0
2024-05-12,312,64504,Ноутбуки,7,40812.09,0
2024-05-12,312,64505,Смартфони,10,28986.64,0
2024-05-12,312,64506,Смартфони,20,9595.95,0
2024-05-12,312,64507,Смартфони,19,14183.41,0
2024-05-12,312,64508,Смартфони,9,16860.92,0
2024-05-12,312,64509,Смартфони,13,32261.63,0
2024-05-12,312,64510,Холодильники,4,25463.88,0
2024-05-12,312,64511,Холодильники,7,18150.92,0
2024-05-12,312,64512,Холодильники,5,34484.32,0
2024-05-12,312,64513,Холодильники,4,35354.2,0
2024-05-12,312,64514,Холодильники,1,22643.69,0
2024-05-13,215,64500,Ноутбуки,3,31920.57,1
2024-05-13,215,64501,Ноутбуки,5,26440.02,0
2024-05-13,215,64502,Ноутбуки,9,20872.69,0
2024-05-13,215,64503,Ноутбуки,10,26871.18,0
2024-05-13,215,64504,Ноутбуки,10,40357.57,0
2024-05-13,215,64505,Смартфони,17,31387.69,0
2024-05-13,215,64506,Смартфони,32,9242.19,0
2024-05-13,215,64507,Смартфони,27,14111.45,0
2024-05-13,215,64508,Смартфони,14,16573.81,0
2024-05-13,215,64509,Смартфони,31,35084.0,0
2024-05-13,215,64510,Холодильники,2,25062.02,0
2024-05-13,215,64511,Холодильники,2,18749.81,0
2024-05-13,215,64512,Холодильники,2,35082.96,0
2024-05-13,215,64513,Холодильники,1,34582.76,0
2024-05-13,215,64514,Холодильники,4,21698.39,0
2024-05-13,312,64500,Ноутбуки,3,35720.79,0
2024-05-13,312,64501,Ноутбуки,4,25946.58,0
2024-05-13,312,64502,Ноутбуки,15,19251.75,1
2024-05-13,312,64503,Ноутбуки,4,26300.73,0
2024-05-13,312,64504,Ноутбуки,2,41043.89,0
2024-05-13,312,64505,Смартфони,8,31018.16,0
2024-05-13,312,64506,Смартфони,12,9043.32,0
2024-05-13,312,64507,Смартфони,10,13762.6,0
2024-05-13,312,64508,Смартфони,7,17367.69,0
2024-05-13,312,64509,Смартфони,14,33830.34,0
2024-05-13,312,64510,Холодильники,3,24827.02,0
2024-05-13,312,64511,Холодильники,2,19912.21,0
2024-05-13,312,64512,Холодильники,2,34298.54,0
2024-05-13,312,64513,Холодильники,1,35355.73,0
2024-05-13,312,64514,Холодильники,2,21136.89,0
2024-05-14,215,64500,Ноутбуки,3,35829.39,0
2024-05-14,215,64501,Ноутбуки,3,24501.95,0
2024-05-14,215,64502,Ноутбуки,13,21087.52,0
2024-05-14,215,64503,Ноутбуки,8,25145.33,0
2024-05-14,215,64504,Ноутбуки,15,36496.71,1
2024-05-14,215,64505,Смартфони,13,29912.57,0
2024-05-14,215,64506,Смартфони,23,9289.26,0
2024-05-14,215,64507,Смартфони,25,14418.77,0
2024-05-14,215,64508,Смартфони,12,16307.17,0
2024-05-14,215,64509,Смартфони,30,32223.09,0
2024-05-14,215,64510,Холодильники,6,25265.43,0
2024-05-14,215,64511,Холодильники,8,19782.43,0
2024-05-14,215,64512,Холодильники,4,36333.56,0
2024-05-14,215,64513,Холодильники,2,36373.88,0
2024-05-14,215,64514,Холодильники,2,22585.32,0
2024-05-14,312,64500,Ноутбуки,5,34629.65,0
2024-05-14,312,64501,Ноутбуки,6,25503.35,0
2024-05-14,312,64502,Ноутбуки,10,20875.41,0
2024-05-14,312,64503,Ноутбуки,5,26365.58,0
2024-05-14,312,64504,Ноутбуки,5,40170.58,0
2024-05-14,312,64505,Смартфони,5,29348.5,0
2024-05-14,312,64506,Смартфони,13,9749.74,0
2024-05-14,312,64507,Смартфони,13,13749.15,0
2024-05-14,312,64508,Смартфони,18,14568.69,1
2024-05-14,312,64509,Смартфони,19,33236.65,0
2024-05-14,312,64510,Холодильники,5,24300.5,0
2024-05-14,312,64511,Холодильники,1,19157.9,0
2024-05-14,312,64512,Холодильники,5,35738.85,0
2024-05-14,312,64513,Холодильники,1,35758.0,0
2024-05-14,312,64514,Холодильники,1,22838.76,0
2024-05-15,215,64500,Ноутбуки,5,30600.58,1
2024-05-15,215,64501,Ноутбуки,5,26579.14,0
2024-05-15,215,64502,Ноутбуки,17,18002.19,1
2024-05-15,215,64503,Ноутбуки,12,25682.28,0
2024-05-15,215,64504,Ноутбуки,4,40337.17,0
2024-05-15,215,64505,Смартфони,11,29886.92,0
2024-05-15,215,64506,Смартфони,21,9679.47,0
2024-05-15,215,64507,Смартфони,19,13562.0,0
2024-05-15,215,64508,Смартфони,15,16294.68,0
2024-05-15,215,64509,Смартфони,29,33271.47,0
2024-05-15,215,64510,Холодильники,1,24995.55,0
2024-05-15,215,64511,Холодильники,2,18069.73,0
2024-05-15,215,64512,Холодильники,3,29665.18,1
2024-05-15,215,64513,Холодильники,6,36003.65,0
2024-05-15,215,64514,Холодильники,4,22157.11,0
2024-05-15,312,64500,Ноутбуки,1,36669.85,0
2024-05-15,312,64501,Ноутбуки,4,25968.51,0
2024-05-15,312,64502,Ноутбуки,9,20416.45,0
2024-05-15,312,64503,Ноутбуки,7,24918.36,0
2024-05-15,312,64504,Ноутбуки,1,38816.39,0
2024-05-15,312,64505,Смартфони,4,29326.19,0
2024-05-15,312,64506,Смартфони,11,8934.98,0
2024-05-15,312,64507,Смартфони,12,14078.56,0
2024-05-15,312,64508,Смартфони,13,16316.38,0
2024-05-15,312,64509,Смартфони,19,33861.39,0
2024-05-15,312,64510,Холодильники,2,24506.97,0
2024-05-15,312,64511,Холодильники,1,18813.41,0
2024-05-15,312,64512,Холодильники,3,33462.44,0
2024-05-15,312,64513,Холодильники,2,37648.87,0
2024-05-15,312,64514,Холодильники,1,22354.03,0
2024-05-16,215,64500,Ноутбуки,7,34290.93,0
2024-05-16,215,64501,Ноутбуки,4,25336.34,0
2024-05-16,215,64502,Ноутбуки,12,21498.87,0
2024-05-16,215,64503,Ноутбуки,8,24409.28,0
2024-05-16,215,64504,Ноутбуки,4,41455.37,0
2024-05-16,215,64505,Смартфони,13,29764.72,0
2024-05-16,215,64506,Смартфони,26,9265.01,0
2024-05-16,215,64507,Смартфони,24,14013.97,0
2024-05-16,215,64508,Смартфони,18,18288.59,0
2024-05-16,215,64509,Смартфони,25,34613.68,0
2024-05-16,215,64510,Холодильники,2,25132.93,0
2024-05-16,215,64511,Холодильники,6,19606.77,0
2024-05-16,215,64512,Холодильники,5,34389.86,0
2024-05-16,215,64513,Холодильники,2,34807.36,0
2024-05-16,215,64514,Холодильники,4,21217.81,0
2024-05-16,312,64500,Ноутбуки,3,35850.77,0
2024-05-16,312,64501,Ноутбуки,6,25961.68,0
2024-05-16,312,64502,Ноутбуки,14,20982.16,0
2024-05-16,312,64503,Ноутбуки,5,25456.35,0
2024-05-16,312,64504,Ноутбуки,3,41621.33,0
2024-05-16,312,64505,Смартфони,8,29378.26,0
2024-05-16,312,64506,Смартфони,22,8996.2,0
2024-05-16,312,64507,Смартфони,13,13797.07,0
2024-05-16,312,64508,Смартфони,19,15421.53,0
2024-05-16,312,64509,Смартфони,20,34815.17,0
2024-05-16,312,64510,Холодильники,4,24781.3,0
2024-05-16,312,64511,Холодильники,4,19425.32,0
2024-05-16,312,64512,Холодильники,3,36027.66,0
2024-05-16,312,64513,Холодильники,1,37017.25,0
2024-05-16,312,64514,Холодильники,1,21975.65,0
2024-05-17,215,64500,Ноутбуки,4,34147.84,0
2024-05-17,215,64501,Ноутбуки,12,24154.32,1
2024-05-17,215,64502,Ноутбуки,9,20926.87,0
2024-05-17,215,64503,Ноутбуки,9,25196.21,0
2024-05-17,215,64504,Ноутбуки,4,40467.25,0
2024-05-17,215,64505,Смартфони,15,30059.46,0
2024-05-17,215,64506,Смартфони,22,9151.98,0
2024-05-17,215,64507,Смартфони,14,14280.25,0
2024-05-17,215,64508,Смартфони,17,16719.29,0
2024-05-17,215,64509,Смартфони,52,30082.83,1
2024-05-17,215,64510,Холодильники,8,23519.6,1
2024-05-17,215,64511,Холодильники,4,19194.93,0
2024-05-17,215,64512,Холодильники,7,35849.95,0
2024-05-17,215,64513,Холодильники,3,32836.52,1
2024-05-17,215,64514,Холодильники,4,21442.42,0
2024-05-17,312,64500,Ноутбуки,2,34160.6,0
2024-05-17,312,64501,Ноутбуки,4,26146.87,0
2024-05-17,312,64502,Ноутбуки,4,21011.42,0
2024-05-17,312,64503,Ноутбуки,7,26480.33,0
2024-05-17,312,64504,Ноутбуки,4,39762.78,0
2024-05-17,312,64505,Смартфони,9,30635.68,0
2024-05-17,312,64506,Смартфони,22,8973.56,0
2024-05-17,312,64507,Смартфони,21,14087.01,0
2024-05-17,312,64508,Смартфони,12,16452.0,0
2024-05-17,312,64509,Смартфони,18,32893.15,0
2024-05-17,312,64510,Холодильники,5,25326.37,0
2024-05-17,312,64511,Холодильники,2,19764.51,0
2024-05-17,312,64512,Холодильники,3,33325.82,0
2024-05-17,312,64513,Холодильники,1,35155.63,0
2024-05-17,312,64514,Холодильники,1,20778.71,0
2024-05-18,215,64500,Ноутбуки,4,31631.95,1
2024-05-18,215,64501,Ноутбуки,7,26352.87,0
2024-05-18,215,64502,Ноутбуки,17,20190.63,0
2024-05-18,215,64503,Ноутбуки,13,22625.3,1
2024-05-18,215,64504,Ноутбуки,8,40818.46,0
2024-05-18,215,64505,Смартфони,16,29361.73,0
2024-05-18,215,64506,Смартфони,27,9498.25,0
2024-05-18,215,64507,Смартфони,40,14844.41,0
2024-05-18,215,64508,Смартфони,22,16341.19,0
2024-05-18,215,64509,Смартфони,29,33047.18,0
2024-05-18,215,64510,Холодильники,6,24592.84,0
2024-05-18,215,64511,Холодильники,8,20155.99,0
2024-05-18,215,64512,Холодильники,5,33278.59,0
2024-05-18,215,64513,Холодильники,2,34142.74,0
2024-05-18,215,64514,Холодильники,2,20816.47,0
2024-05-18,312,64500,Ноутбуки,7,36388.22,0
2024-05-18,312,64501,Ноутбуки,5,25938.09,0
2024-05-18,312,64502,Ноутбуки,8,21122.0,0
2024-05-18,312,64503,Ноутбуки,8,25854.64,0
2024-05-18,312,64504,Ноутбуки,6,39797.23,0
2024-05-18,312,64505,Смартфони,16,29471.79,0
2024-05-18,312,64506,Смартфони,22,9564.49,0
2024-05-18,312,64507,Смартфони,29,14164.0,0
2024-05-18,312,64508,Смартфони,17,16909.03,0
2024-05-18,312,64509,Смартфони,29,33369.83,0
2024-05-18,312,64510,Холодильники,2,22841.24,0
2024-05-18,312,64511,Холодильники,8,18766.13,0
2024-05-18,312,64512,Холодильники,5,33631.19,0
2024-05-18,312,64513,Холодильники,3,32716.54,1
2024-05-18,312,64514,Холодильники,4,21403.58,0
2024-05-19,215,64500,Ноутбуки,3,34376.66,0
2024-05-19,215,64501,Ноутбуки,4,25473.66,0
2024-05-19,215,64502,Ноутбуки,16,21612.18,0
2024-05-19,215,64503,Ноутбуки,7,27060.57,0
2024-05-19,215,64504,Ноутбуки,7,39692.65,0
2024-05-19,215,64505,Смартфони,20,28770.94,0
2024-05-19,215,64506,Смартфони,25,9065.7,0
2024-05-19,215,64507,Смартфони,26,14261.43,0
2024-05-19,215,64508,Смартфони,21,16998.39,0
2024-05-19,215,64509,Смартфони,35,33770.67,0
2024-05-19,215,64510,Холодильники,6,23704.54,0
2024-05-19,215,64511,Холодильники,8,19556.5,0
2024-05-19,215,64512,Холодильники,9,34530.51,0
2024-05-19,215,64513,Холодильники,5,36224.41,0
2024-05-19,215,64514,Холодильники,2,22848.74,0
2024-05-19,312,64500,Ноутбуки,4,34404.49,0
2024-05-19,312,64501,Ноутбуки,6,22609.31,1
2024-05-19,312,64502,Ноутбуки,10,20968.59,0
2024-05-19,312,64503,Ноутбуки,8,24816.31,0
2024-05-19,312,64504,Ноутбуки,8,39992.95,0
2024-05-19,312,64505,Смартфони,12,29574.24,0
2024-05-19,312,64506,Смартфони,22,9132.83,0
2024-05-19,312,64507,Смартфони,26,14512.83,0
2024-05-19,312,64508,Смартфони,15,17529.3,0
2024-05-19,312,64509,Смартфони,33,34165.97,0
2024-05-19,312,64510,Холодильники,3,25060.56,0
2024-05-19,312,64511,Холодильники,3,17478.52,0
2024-05-19,312,64512,Холодильники,2,34711.81,0
2024-05-19,312,64513,Холодильники,3,36903.83,0
2024-05-19,312,64514,Холодильники,1,21708.42,0
2024-05-20,215,64500,Ноутбуки,5,32693.79,0
2024-05-20,215,64501,Ноутбуки,7,25449.08,0
2024-05-20,215,64502,Ноутбуки,12,21592.26,0
2024-05-20,215,64503,Ноутбуки,3,25071.02,0
2024-05-20,215,64504,Ноутбуки,10,40009.89,0
2024-05-20,215,64505,Смартфони,17,29633.59,0
2024-05-20,215,64506,Смартфони,13,8972.27,0
2024-05-20,215,64507,Смартфони,20,13427.28,0
2024-05-20,215,64508,Смартфони,11,16960.66,0
2024-05-20,215,64509,Смартфони,27,34052.67,0
2024-05-20,215,64510,Холодильники,3,25128.06,0
2024-05-20,215,64511,Холодильники,4,18015.21,0
2024-05-20,215,64512,Холодильники,2,36227.1,0
2024-05-20,215,64513,Холодильники,1,37313.51,0
2024-05-20,215,64514,Холодильники,2,22904.91,0
2024-05-20,312,64500,Ноутбуки,1,34148.7,0
2024-05-20,312,64501,Ноутбуки,1,25795.82,0
2024-05-20,312,64502,Ноутбуки,10,21071.73,0
2024-05-20,312,64503,Ноутбуки,10,24226.13,1
2024-05-20,312,64504,Ноутбуки,5,40255.89,0
2024-05-20,312,64505,Смартфони,17,26082.2,1
2024-05-20,312,64506,Смартфони,35,7865.06,1
2024-05-20,312,64507,Смартфони,15,13833.78,0
2024-05-20,312,64508,Смартфони,9,17330.34,0
2024-05-20,312,64509,Смартфони,12,32132.81,0
2024-05-20,312,64510,Холодильники,0,24541.53,0
2024-05-20,312,64511,Холодильники,4,18423.89,0
2024-05-20,312,64512,Холодильники,5,35200.41,0
2024-05-20,312,64513,Холодильники,1,35419.72,0
2024-05-20,312,64514,Холодильники,1,21756.61,0
2024-05-21,215,64500,Ноутбуки,6,35057.57,0
2024-05-21,215,64501,Ноутбуки,6,24384.18,0
2024-05-21,215,64502,Ноутбуки,7,20159.43,0
2024-05-21,215,64503,Ноутбуки,8,25916.99,0
2024-05-21,215,64504,Ноутбуки,8,40333.97,0
2024-05-21,215,64505,Смартфони,12,30490.79,0
2024-05-21,215,64506,Смартфони,23,9365.31,0
2024-05-21,215,64507,Смартфони,26,15018.79,0
2024-05-21,215,64508,Смартфони,13,16883.93,0
2024-05-21,215,64509,Смартфони,24,32243.3,0
2024-05-21,215,64510,Холодильники,2,25949.87,0
2024-05-21,215,64511,Холодильники,4,17944.76,0
2024-05-21,215,64512,Холодильники,3,35165.99,0
2024-05-21,215,64513,Холодильники,3,35021.75,0
2024-05-21,215,64514,Холодильники,1,21210.97,0
2024-05-21,312,64500,Ноутбуки,0,34443.79,0
2024-05-21,312,64501,Ноутбуки,3,24118.87,0
2024-05-21,312,64502,Ноутбуки,11,20857.73,0
2024-05-21,312,64503,Ноутбуки,4,24778.87,0
2024-05-21,312,64504,Ноутбуки,7,37341.82,0
2024-05-21,312,64505,Смартфони,5,28526.17,0
2024-05-21,312,64506,Смартфони,32,8594.11,1
2024-05-21,312,64507,Смартфони,12,14186.46,0
2024-05-21,312,64508,Смартфони,10,16724.07,0
2024-05-21,312,64509,Смартфони,11,33821.8,0
2024-05-21,312,64510,Холодильники,4,24613.19,0
2024-05-21,312,64511,Холодильники,5,19406.58,0
2024-05-21,312,64512,Холодильники,5,32330.23,1
2024-05-21,312,64513,Холодильники,1,35011.52,0
2024-05-21,312,64514,Холодильники,1,21193.36,0
2024-05-22,215,64500,Ноутбуки,5,35154.41,0
2024-05-22,215,64501,Ноутбуки,8,23859.64,1
2024-05-22,215,64502,Ноутбуки,8,21090.89,0
2024-05-22,215,64503,Ноутбуки,12,24740.6,0
2024-05-22,215,64504,Ноутбуки,8,40570.57,0
2024-05-22,215,64505,Смартфони,6,29380.64,0
2024-05-22,215,64506,Смартфони,22,9117.42,0
2024-05-22,215,64507,Смартфони,28,14308.47,0
2024-05-22,215,64508,Смартфони,20,16856.98,0
2024-05-22,215,64509,Смартфони,26,33628.46,0
2024-05-22,215,64510,Холодильники,6,23713.48,0
2024-05-22,215,64511,Холодильники,7,19070.58,0
2024-05-22,215,64512,Холодильники,3,36062.22,0
2024-05-22,215,64513,Холодильники,1,35842.43,0
2024-05-22,215,64514,Холодильники,3,20567.88,0
2024-05-22,312,64500,Ноутбуки,4,33619.28,0
2024-05-22,312,64501,Ноутбуки,6,26818.13,0
2024-05-22,312,64502,Ноутбуки,1,21219.19,0
2024-05-22,312,64503,Ноутбуки,5,23648.46,0
2024-05-22,312,64504,Ноутбуки,8,41765.64,0
2024-05-22,312,64505,Смартфони,5,29346.23,0
2024-05-22,312,64506,Смартфони,17,8935.83,0
2024-05-22,312,64507,Смартфони,21,14696.75,0
2024-05-22,312,64508,Смартфони,12,16999.8,0
2024-05-22,312,64509,Смартфони,17,32946.74,0
2024-05-22,312,64510,Холодильники,2,24063.57,0
2024-05-22,312,64511,Холодильники,3,19483.88,0
2024-05-22,312,64512,Холодильники,2,36655.69,0
2024-05-22,312,64513,Холодильники,2,35158.19,0
2024-05-22,312,64514,Холодильники,3,21354.94,0
2024-05-23,215,64500,Ноутбуки,3,36053.58,0
2024-05-23,215,64501,Ноутбуки,7,25523.56,0
2024-05-23,215,64502,Ноутбуки,10,20834.37,0
2024-05-23,215,64503,Ноутбуки,8,25894.3,0
2024-05-23,215,64504,Ноутбуки,8,41621.89,0
2024-05-23,215,64505,Смартфони,15,29976.75,0
2024-05-23,215,64506,Смартфони,22,8886.67,0
2024-05-23,215,64507,Смартфони,27,14445.47,0
2024-05-23,215,64508,Смартфони,15,15582.05,0
2024-05-23,215,64509,Смартфони,51,32026.41,1
2024-05-23,215,64510,Холодильники,3,23912.26,0
2024-05-23,215,64511,Холодильники,4,18778.75,0
2024-05-23,215,64512,Холодильники,4,33767.45,0
2024-05-23,215,64513,Холодильники,5,35958.87,0
2024-05-23,215,64514,Холодильники,3,22237.51,0
2024-05-23,312,64500,Ноутбуки,5,31179.0,1
2024-05-23,312,64501,Ноутбуки,3,25355.13,0
2024-05-23,312,64502,Ноутбуки,5,21078.72,0
2024-05-23,312,64503,Ноутбуки,7,23345.34,1
2024-05-23,312,64504,Ноутбуки,0,40248.22,0
2024-05-23,312,64505,Смартфони,17,29513.87,0
2024-05-23,312,64506,Смартфони,24,8425.19,1
2024-05-23,312,64507,Смартфони,14,14485.48,0
2024-05-23,312,64508,Смартфони,17,17006.21,0
2024-05-23,312,64509,Смартфони,26,32980.12,0
2024-05-23,312,64510,Холодильники,2,25139.63,0
2024-05-23,312,64511,Холодильники,6,17676.17,1
2024-05-23,312,64512,Холодильники,9,33892.19,0
2024-05-23,312,64513,Холодильники,3,31924.19,1
2024-05-23,312,64514,Холодильники,0,22083.71,0
2024-05-24,215,64500,Ноутбуки,1,35904.38,0
2024-05-24,215,64501,Ноутбуки,5,22977.9,0
2024-05-24,215,64502,Ноутбуки,22,20927.54,0
2024-05-24,215,64503,Ноутбуки,3,27381.12,0
2024-05-24,215,64504,Ноутбуки,8,41772.82,0
2024-05-24,215,64505,Смартфони,14,28230.96,0
2024-05-24,215,64506,Смартфони,27,8954.74,0
2024-05-24,215,64507,Смартфони,38,14458.16,0
2024-05-24,215,64508,Смартфони,22,16785.12,0
2024-05-24,215,64509,Смартфони,31,33550.37,0
2024-05-24,215,64510,Холодильники,5,23775.44,0
2024-05-24,215,64511,Холодильники,2,19290.57,0
2024-05-24,215,64512,Холодильники,3,37497.38,0
2024-05-24,215,64513,Холодильники,5,36391.99,0
2024-05-24,215,64514,Холодильники,3,22020.89,0
2024-05-24,312,64500,Ноутбуки,2,35154.68,0
2024-05-24,312,64501,Ноутбуки,7,26388.96,0
2024-05-24,312,64502,Ноутбуки,12,21689.75,0
2024-05-24,312,64503,Ноутбуки,9,25853.36,0
2024-05-24,312,64504,Ноутбуки,2,39880.43,0
2024-05-24,312,64505,Смартфони,15,30083.1,0
2024-05-24,312,64506,Смартфони,15,8802.21,0
2024-05-24,312,64507,Смартфони,30,14329.73,0
2024-05-24,312,64508,Смартфони,10,17196.06,0
2024-05-24,312,64509,Смартфони,18,34029.97,0
2024-05-24,312,64510,Холодильники,6,24931.3,0
2024-05-24,312,64511,Холодильники,7,19194.23,0
2024-05-24,312,64512,Холодильники,3,33877.41,0
2024-05-24,312,64513,Холодильники,1,35977.6,0
2024-05-24,312,64514,Холодильники,0,22949.13,0
2024-05-25,215,64500,Ноутбуки,7,35010.94,0
2024-05-25,215,64501,Ноутбуки,6,25018.8,0
2024-05-25,215,64502,Ноутбуки,19,19042.41,1
2024-05-25,215,64503,Ноутбуки,11,24467.78,0
2024-05-25,215,64504,Ноутбуки,12,39912.37,0
2024-05-25,215,64505,Смартфони,17,29891.31,0
2024-05-25,215,64506,Смартфони,41,9287.38,0
2024-05-25,215,64507,Смартфони,40,13815.19,0
2024-05-25,215,64508,Смартфони,19,16947.6,0
2024-05-25,215,64509,Смартфони,42,31846.15,0
2024-05-25,215,64510,Холодильники,8,24956.01,0
2024-05-25,215,64511,Холодильники,8,18895.48,0
2024-05-25,215,64512,Холодильники,5,36542.96,0
2024-05-25,215,64513,Холодильники,2,35943.76,0
2024-05-25,215,64514,Холодильники,1,21703.12,0
2024-05-25,312,64500,Ноутбуки,6,33648.44,0
2024-05-25,312,64501,Ноутбуки,8,26094.92,0
2024-05-25,312,64502,Ноутбуки,6,20491.84,0
2024-05-25,312,64503,Ноутбуки,8,26394.32,0
2024-05-25,312,64504,Ноутбуки,11,41086.17,0
2024-05-25,312,64505,Смартфони,14,29432.93,0
2024-05-25,312,64506,Смартфони,17,9024.2,0
2024-05-25,312,64507,Смартфони,26,14350.48,0
2024-05-25,312,64508,Смартфони,19,15958.86,0
2024-05-25,312,64509,Смартфони,20,35003.87,0
2024-05-25,312,64510,Холодильники,3,23381.85,0
2024-05-25,312,64511,Холодильники,3,18777.42,0
2024-05-25,312,64512,Холодильники,3,35239.4,0
2024-05-25,312,64513,Холодильники,4,33685.61,0
2024-05-25,312,64514,Холодильники,2,21540.78,0
2024-05-26,215,64500,Ноутбуки,3,33272.36,0
2024-05-26,215,64501,Ноутбуки,8,26543.19,0
2024-05-26,215,64502,Ноутбуки,7,20989.4,0
2024-05-26,215,64503,Ноутбуки,9,25678.36,0
2024-05-26,215,64504,Ноутбуки,5,38681.62,0
2024-05-26,215,64505,Смартфони,18,30967.69,0
2024-05-26,215,64506,Смартфони,37,9618.46,0
2024-05-26,215,64507,Смартфони,35,14126.88,0
2024-05-26,215,64508,Смартфони,18,17049.09,0
2024-05-26,215,64509,Смартфони,25,31986.69,0
2024-05-26,215,64510,Холодильники,5,24641.32,0
2024-05-26,215,64511,Холодильники,6,19150.48,0
2024-05-26,215,64512,Холодильники,8,33672.08,0
2024-05-26,215,64513,Холодильники,3,35953.86,0
2024-05-26,215,64514,Холодильники,0,22488.48,0
2024-05-26,312,64500,Ноутбуки,7,35836.7,0
2024-05-26,312,64501,Ноутбуки,1,26069.6,0
2024-05-26,312,64502,Ноутбуки,11,21044.03,0
2024-05-26,312,64503,Ноутбуки,5,26035.09,0
2024-05-26,312,64504,Ноутбуки,8,40146.37,0
2024-05-26,312,64505,Смартфони,15,28838.0,0
2024-05-26,312,64506,Смартфони,18,9511.71,0
2024-05-26,312,64507,Смартфони,22,14153.89,0
2024-05-26,312,64508,Смартфони,16,16768.33,0
2024-05-26,312,64509,Смартфони,17,33029.31,0
2024-05-26,312,64510,Холодильники,3,23880.46,0
2024-05-26,312,64511,Холодильники,2,18192.79,0
2024-05-26,312,64512,Холодильники,2,30915.74,1
2024-05-26,312,64513,Холодильники,0,35562.24,0
2024-05-26,312,64514,Холодильники,1,21585.68,0
2024-05-27,215,64500,Ноутбуки,4,36497.76,0
2024-05-27,215,64501,Ноутбуки,4,25564.22,0
2024-05-27,215,64502,Ноутбуки,6,21683.22,0
2024-05-27,215,64503,Ноутбуки,5,25719.12,0
2024-05-27,215,64504,Ноутбуки,7,39477.11,0
2024-05-27,215,64505,Смартфони,13,30076.48,0
2024-05-27,215,64506,Смартфони,25,9249.48,0
2024-05-27,215,64507,Смартфони,23,14036.94,0
2024-05-27,215,64508,Смартфони,19,16956.79,0
2024-05-27,215,64509,Смартфони,23,34147.48,0
2024-05-27,215,64510,Холодильники,2,25035.26,0
2024-05-27,215,64511,Холодильники,5,19290.14,0
2024-05-27,215,64512,Холодильники,6,35586.24,0
2024-05-27,215,64513,Холодильники,1,33968.48,0
2024-05-27,215,64514,Холодильники,2,21024.75,0
2024-05-27,312,64500,Ноутбуки,2,33028.53,0
2024-05-27,312,64501,Ноутбуки,4,25272.15,0
2024-05-27,312,64502,Ноутбуки,6,20015.95,0
2024-05-27,312,64503,Ноутбуки,7,26568.67,0
2024-05-27,312,64504,Ноутбуки,7,38832.79,0
2024-05-27,312,64505,Смартфони,4,29134.69,0
2024-05-27,312,64506,Смартфони,12,9263.48,0
2024-05-27,312,64507,Смартфони,19,13994.2,0
2024-05-27,312,64508,Смартфони,10,16251.15,0
2024-05-27,312,64509,Смартфони,35,28880.24,1
2024-05-27,312,64510,Холодильники,3,24684.11,0
2024-05-27,312,64511,Холодильники,0,19462.55,0
2024-05-27,312,64512,Холодильники,4,35102.04,0
2024-05-27,312,64513,Холодильники,1,35076.22,0
2024-05-27,312,64514,Холодильники,0,22998.86,0
2024-05-28,215,64500,Ноутбуки,5,33035.67,0
2024-05-28,215,64501,Ноутбуки,4,24703.99,0
2024-05-28,215,64502,Ноутбуки,12,20781.33,0
2024-05-28,215,64503,Ноутбуки,13,25179.25,1
2024-05-28,215,64504,Ноутбуки,5,42100.54,0
2024-05-28,215,64505,Смартфони,9,29266.64,0
2024-05-28,215,64506,Смартфони,22,8911.53,0
2024-05-28,215,64507,Смартфони,23,14271.28,0
2024-05-28,215,64508,Смартфони,14,16522.02,0
2024-05-28,215,64509,Смартфони,27,34488.05,0
2024-05-28,215,64510,Холодильники,6,25251.25,0
2024-05-28,215,64511,Холодильники,3,20000.31,0
2024-05-28,215,64512,Холодильники,3,34291.23,0
2024-05-28,215,64513,Холодильники,5,36608.43,0
2024-05-28,215,64514,Холодильники,1,21426.0,0
2024-05-28,312,64500,Ноутбуки,6,35101.67,0
2024-05-28,312,64501,Ноутбуки,3,26267.88,0
2024-05-28,312,64502,Ноутбуки,6,20848.46,0
2024-05-28,312,64503,Ноутбуки,4,25583.81,0
2024-05-28,312,64504,Ноутбуки,2,40345.99,0
2024-05-28,312,64505,Смартфони,12,31088.13,0
2024-05-28,312,64506,Смартфони,16,9356.55,0
2024-05-28,312,64507,Смартфони,18,14047.2,0
2024-05-28,312,64508,Смартфони,12,16461.56,0
2024-05-28,312,64509,Смартфони,22,35208.56,0
2024-05-28,312,64510,Холодильники,1,24078.55,0
2024-05-28,312,64511,Холодильники,6,19005.16,0
2024-05-28,312,64512,Холодильники,2,34189.98,0
2024-05-28,312,64513,Холодильники,3,37612.21,0
2024-05-28,312,64514,Холодильники,1,20198.49,1
2024-05-29,215,64500,Ноутбуки,1,36707.74,0
2024-05-29,215,64501,Ноутбуки,6,25894.14,0
2024-05-29,215,64502,Ноутбуки,15,22004.81,0
2024-05-29,215,64503,Ноутбуки,7,26717.03,0
2024-05-29,215,64504,Ноутбуки,11,39878.22,0
2024-05-29,215,64505,Смартфони,13,29393.09,0
2024-05-29,215,64506,Смартфони,25,9523.93,0
2024-05-29,215,64507,Смартфони,23,13388.89,0
2024-05-29,215,64508,Смартфони,18,16486.91,0
2024-05-29,215,64509,Смартфони,34,33672.14,0
2024-05-29,215,64510,Холодильники,4,24835.89,0
2024-05-29,215,64511,Холодильники,4,17862.11,0
2024-05-29,215,64512,Холодильники,2,34006.43,0
2024-05-29,215,64513,Холодильники,4,37071.52,0
2024-05-29,215,64514,Холодильники,2,22326.1,0
2024-05-29,312,64500,Ноутбуки,0,35200.38,0
2024-05-29,312,64501,Ноутбуки,2,25400.09,0
2024-05-29,312,64502,Ноутбуки,11,20575.78,0
2024-05-29,312,64503,Ноутбуки,9,23836.21,1
2024-05-29,312,64504,Ноутбуки,4,41412.08,0
2024-05-29,312,64505,Смартфони,5,31190.74,0
2024-05-29,312,64506,Смартфони,8,9391.81,0
2024-05-29,312,64507,Смартфони,12,13937.77,0
2024-05-29,312,64508,Смартфони,3,16479.27,0
2024-05-29,312,64509,Смартфони,16,33448.89,0
2024-05-29,312,64510,Холодильники,3,25144.75,0
2024-05-29,312,64511,Холодильники,3,19250.05,0
2024-05-29,312,64512,Холодильники,2,34653.51,0
2024-05-29,312,64513,Холодильники,1,35456.27,0
2024-05-29,312,64514,Холодильники,2,22483.79,0
2024-05-30,215,64500,Ноутбуки,4,34677.32,0
2024-05-30,215,64501,Ноутбуки,7,26131.21,0
2024-05-30,215,64502,Ноутбуки,9,20565.39,0
2024-05-30,215,64503,Ноутбуки,9,25227.93,0
2024-05-30,215,64504,Ноутбуки,5,40738.01,0
2024-05-30,215,64505,Смартфони,11,29053.44,0
2024-05-30,215,64506,Смартфони,31,9355.9,0
2024-05-30,215,64507,Смартфони,25,14902.23,0
2024-05-30,215,64508,Смартфони,14,16455.04,0
2024-05-30,215,64509,Смартфони,47,31095.61,1
2024-05-30,215,64510,Холодильники,2,25206.09,0
2024-05-30,215,64511,Холодильники,3,18343.12,0
2024-05-30,215,64512,Холодильники,7,33432.97,0
2024-05-30,215,64513,Холодильники,2,35321.33,0
2024-05-30,215,64514,Холодильники,1,22012.41,0
2024-05-30,312,64500,Ноутбуки,3,34793.68,0
2024-05-30,312,64501,Ноутбуки,6,24940.82,0
2024-05-30,312,64502,Ноутбуки,7,21591.6,0
2024-05-30,312,64503,Ноутбуки,5,24969.1,0
2024-05-30,312,64504,Ноутбуки,6,41704.1,0
2024-05-30,312,64505,Смартфони,9,28983.9,0
2024-05-30,312,64506,Смартфони,23,9166.25,0
2024-05-30,312,64507,Смартфони,18,14059.41,0
2024-05-30,312,64508,Смартфони,10,16629.25,0
2024-05-30,312,64509,Смартфони,19,35148.23,0
2024-05-30,312,64510,Холодильники,3,24330.95,0
2024-05-30,312,64511,Холодильники,4,19216.99,0
2024-05-30,312,64512,Холодильники,0,35073.01,0
2024-05-30,312,64513,Холодильники,0,36678.24,0
2024-05-30,312,64514,Холодильники,2,20825.06,0
2024-05-31,215,64500,Ноутбуки,4,34421.94,0
2024-05-31,215,64501,Ноутбуки,17,23138.43,1
2024-05-31,215,64502,Ноутбуки,14,20745.79,0
2024-05-31,215,64503,Ноутбуки,9,25548.61,0
2024-05-31,215,64504,Ноутбуки,6,38172.3,0
2024-05-31,215,64505,Смартфони,12,30450.18,0
2024-05-31,215,64506,Смартфони,23,9514.02,0
2024-05-31,215,64507,Смартфони,28,14865.48,0
2024-05-31,215,64508,Смартфони,15,16936.1,0
2024-05-31,215,64509,Смартфони,25,34855.54,0
2024-05-31,215,64510,Холодильники,2,20849.25,1
2024-05-31,215,64511,Холодильники,2,19333.95,0
2024-05-31,215,64512,Холодильники,5,35922.97,0
2024-05-31,215,64513,Холодильники,1,36054.8,0
2024-05-31,215,64514,Холодильники,1,22014.71,0
2024-05-31,312,64500,Ноутбуки,8,33883.9,0
2024-05-31,312,64501,Ноутбуки,5,25910.06,0
2024-05-31,312,64502,Ноутбуки,3,20990.41,0
2024-05-31,312,64503,Ноутбуки,11,22693.03,1
2024-05-31,312,64504,Ноутбуки,9,39770.15,0
2024-05-31,312,64505,Смартфони,15,28811.8,0
2024-05-31,312,64506,Смартфони,13,8612.6,0
2024-05-31,312,64507,Смартфони,22,13923.48,0
2024-05-31,312,64508,Смартфони,12,16988.48,0
2024-05-31,312,64509,Смартфони,15,34250.39,0
2024-05-31,312,64510,Холодильники,3,24642.8,0
2024-05-31,312,64511,Холодильники,4,19623.8,0
2024-05-31,312,64512,Холодильники,3,34974.28,0
2024-05-31,312,64513,Холодильники,3,33767.68,0
2024-05-31,312,64514,Холодильники,3,21990.7,0
2024-06-01,215,64500,Ноутбуки,6,34089.81,0
2024-06-01,215,64501,Ноутбуки,7,25148.16,0
2024-06-01,215,64502,Ноутбуки,19,20794.53,0
2024-06-01,215,64503,Ноутбуки,10,25847.69,0
2024-06-01,215,64504,Ноутбуки,13,39128.17,0
2024-06-01,215,64505,Смартфони,20,30157.6,0
2024-06-01,215,64506,Смартфони,28,9229.94,0
2024-06-01,215,64507,Смартфони,43,14754.6,0
2024-06-01,215,64508,Смартфони,22,16688.57,0
2024-06-01,215,64509,Смартфони,40,35010.5,0
2024-06-01,215,64510,Холодильники,5,23470.58,0
2024-06-01,215,64511,Холодильники,5,19844.7,0
2024-06-01,215,64512,Холодильники,4,36558.47,0
2024-06-01,215,64513,Холодильники,5,36624.18,0
2024-06-01,215,64514,Холодильники,6,20378.99,1
2024-06-01,312,64500,Ноутбуки,1,35085.08,0
2024-06-01,312,64501,Ноутбуки,7,25487.05,0
2024-06-01,312,64502,Ноутбуки,11,21420.44,0
2024-06-01,312,64503,Ноутбуки,6,24589.99,0
2024-06-01,312,64504,Ноутбуки,4,40275.12,0
2024-06-01,312,64505,Смартфони,15,29026.28,0
2024-06-01,312,64506,Смартфони,22,9295.04,0
2024-06-01,312,64507,Смартфони,30,13785.9,0
2024-06-01,312,64508,Смартфони,16,17769.62,0
2024-06-01,312,64509,Смартфони,26,34158.94,0
2024-06-01,312,64510,Холодильники,6,23763.14,0
2024-06-01,312,64511,Холодильники,5,19867.98,0
2024-06-01,312,64512,Холодильники,2,34914.52,0
2024-06-01,312,64513,Холодильники,2,35258.63,0
2024-06-01,312,64514,Холодильники,2,22098.81,0
2024-06-02,215,64500,Ноутбуки,7,35952.21,0
2024-06-02,215,64501,Ноутбуки,12,24778.19,0
2024-06-02,215,64502,Ноутбуки,8,21153.15,0
2024-06-02,215,64503,Ноутбуки,7,25638.34,0
2024-06-02,215,64504,Ноутбуки,6,41091.17,0
2024-06-02,215,64505,Смартфони,22,29359.49,0
2024-06-02,215,64506,Смартфони,28,9147.95,0
2024-06-02,215,64507,Смартфони,47,13783.79,0
2024-06-02,215,64508,Смартфони,22,16081.31,0
2024-06-02,215,64509,Смартфони,40,32828.71,0
2024-06-02,215,64510,Холодильники,1,25187.68,0
2024-06-02,215,64511,Холодильники,5,19040.73,0
2024-06-02,215,64512,Холодильники,7,34408.04,0
2024-06-02,215,64513,Холодильники,0,36189.74,0
2024-06-02,215,64514,Холодильники,4,22425.1,0
2024-06-02,312,64500,Ноутбуки,2,34737.88,0
2024-06-02,312,64501,Ноутбуки,5,25487.38,0
2024-06-02,312,64502,Ноутбуки,20,21729.45,0
2024-06-02,312,64503,Ноутбуки,7,24641.49,0
2024-06-02,312,64504,Ноутбуки,9,39429.0,0
2024-06-02,312,64505,Смартфони,7,28804.48,0
2024-06-02,312,64506,Смартфони,20,9031.73,0
2024-06-02,312,64507,Смартфони,25,14338.36,0
2024-06-02,312,64508,Смартфони,15,16774.74,0
2024-06-02,312,64509,Смартфони,21,34532.89,0
2024-06-02,312,64510,Холодильники,4,24172.41,0
2024-06-02,312,64511,Холодильники,4,18094.9,0
2024-06-02,312,64512,Холодильники,7,33266.05,0
2024-06-02,312,64513,Холодильники,1,35748.95,0
2024-06-02,312,64514,Холодильники,1,22531.94,0
2024-06-03,215,64500,Ноутбуки,5,30529.12,1
2024-06-03,215,64501,Ноутбуки,5,25761.32,0
2024-06-03,215,64502,Ноутбуки,10,19674.46,0
2024-06-03,215,64503,Ноутбуки,11,24291.03,0
2024-06-03,215,64504,Ноутбуки,4,40455.22,0
2024-06-03,215,64505,Смартфони,13,29727.49,0
2024-06-03,215,64506,Смартфони,25,8985.97,0
2024-06-03,215,64507,Смартфони,61,13588.12,1
2024-06-03,215,64508,Смартфони,22,16991.26,0
2024-06-03,215,64509,Смартфони,27,32792.9,0
2024-06-03,215,64510,Холодильники,4,24737.72,0
2024-06-03,215,64511,Холодильники,1,19010.33,0
2024-06-03,215,64512,Холодильники,1,36539.64,0
2024-06-03,215,64513,Холодильники,3,37370.27,0
2024-06-03,215,64514,Холодильники,3,21537.47,0
2024-06-03,312,64500,Ноутбуки,2,35176.49,0
2024-06-03,312,64501,Ноутбуки,5,25577.44,0
2024-06-03,312,64502,Ноутбуки,5,20839.12,0
2024-06-03,312,64503,Ноутбуки,0,24876.79,0
2024-06-03,312,64504,Ноутбуки,9,38894.69,0
2024-06-03,312,64505,Смартфони,12,29684.71,0
2024-06-03,312,64506,Смартфони,16,9843.69,0
2024-06-03,312,64507,Смартфони,21,13941.31,0
2024-06-03,312,64508,Смартфони,9,16774.64,0
2024-06-03,312,64509,Смартфони,15,33281.52,0
2024-06-03,312,64510,Холодильники,2,24994.64,0
2024-06-03,312,64511,Холодильники,8,18087.26,0
2024-06-03,312,64512,Холодильники,4,36029.8,0
2024-06-03,312,64513,Холодильники,0,34857.85,0
2024-06-03,312,64514,Холодильники,2,21535.23,0
2024-06-04,215,64500,Ноутбуки,5,35513.34,0
2024-06-04,215,64501,Ноутбуки,3,25886.17,0
2024-06-04,215,64502,Ноутбуки,17,20925.51,0
2024-06-04,215,64503,Ноутбуки,7,24874.16,0
2024-06-04,215,64504,Ноутбуки,8,36505.31,1
2024-06-04,215,64505,Смартфони,7,30224.5,0
2024-06-04,215,64506,Смартфони,25,9113.65,0
2024-06-04,215,64507,Смартфони,31,13923.76,0
2024-06-04,215,64508,Смартфони,12,16155.5,0
2024-06-04,215,64509,Смартфони,27,32310.96,0
2024-06-04,215,64510,Холодильники,1,20221.12,1
2024-06-04,215,64511,Холодильники,3,18732.5,0
2024-06-04,215,64512,Холодильники,6,34557.06,0
2024-06-04,215,64513,Холодильники,1,36321.01,0
2024-06-04,215,64514,Холодильники,1,22199.3,0
2024-06-04,312,64500,Ноутбуки,2,33943.28,0
2024-06-04,312,64501,Ноутбуки,4,26931.07,0
2024-06-04,312,64502,Ноутбуки,5,20942.72,0
2024-06-04,312,64503,Ноутбуки,4,23878.96,0
2024-06-04,312,64504,Ноутбуки,7,42827.46,0
2024-06-04,312,64505,Смартфони,14,27435.26,1
2024-06-04,312,64506,Смартфони,18,9230.89,0
2024-06-04,312,64507,Смартфони,25,14150.94,0
2024-06-04,312,64508,Смартфони,14,16463.34,0
2024-06-04,312,64509,Смартфони,22,34159.16,0
2024-06-04,312,64510,Холодильники,2,23797.39,0
2024-06-04,312,64511,Холодильники,4,18921.37,0
2024-06-04,312,64512,Холодильники,4,34530.38,0
2024-06-04,312,64513,Холодильники,0,36002.57,0
2024-06-04,312,64514,Холодильники,3,21982.41,0
2024-06-05,215,64500,Ноутбуки,6,34944.04,0
2024-06-05,215,64501,Ноутбуки,4,25599.69,0
2024-06-05,215,64502,Ноутбуки,20,21479.49,0
2024-06-05,215,64503,Ноутбуки,6,26371.03,0
2024-06-05,215,64504,Ноутбуки,12,40033.65,0
2024-06-05,215,64505,Смартфони,14,30473.84,0
2024-06-05,215,64506,Смартфони,21,9167.18,0
2024-06-05,215,64507,Смартфони,21,14055.73,0
2024-06-05,215,64508,Смартфони,21,16521.16,0
2024-06-05,215,64509,Смартфони,39,32406.33,0
2024-06-05,215,64510,Холодильники,5,24642.85,0
2024-06-05,215,64511,Холодильники,0,19176.33,0
2024-06-05,215,64512,Холодильники,1,34294.05,0
2024-06-05,215,64513,Холодильники,1,34139.36,0
2024-06-05,215,64514,Холодильники,3,20890.8,0
2024-06-05,312,64500,Ноутбуки,1,34621.35,0
2024-06-05,312,64501,Ноутбуки,5,23428.5,1
2024-06-05,312,64502,Ноутбуки,6,21420.51,0
2024-06-05,312,64503,Ноутбуки,7,25044.85,0
2024-06-05,312,64504,Ноутбуки,3,41563.86,0
2024-06-05,312,64505,Смартфони,17,29861.99,0
2024-06-05,312,64506,Смартфони,14,9581.83,0
2024-06-05,312,64507,Смартфони,22,14813.68,0
2024-06-05,312,64508,Смартфони,15,16468.48,0
2024-06-05,312,64509,Смартфони,19,34105.94,0
2024-06-05,312,64510,Холодильники,6,24562.21,0
2024-06-05,312,64511,Холодильники,4,18306.07,1
2024-06-05,312,64512,Холодильники,1,35189.77,0
2024-06-05,312,64513,Холодильники,1,35320.85,0
2024-06-05,312,64514,Холодильники,1,22001.01,0
2024-06-06,215,64500,Ноутбуки,5,35704.26,0
2024-06-06,215,64501,Ноутбуки,5,26206.85,0
2024-06-06,215,64502,Ноутбуки,10,20287.58,0
2024-06-06,215,64503,Ноутбуки,5,25433.55,0
2024-06-06,215,64504,Ноутбуки,20,35355.89,1
2024-06-06,215,64505,Смартфони,15,30004.6,0
2024-06-06,215,64506,Смартфони,21,9079.55,0
2024-06-06,215,64507,Смартфони,28,14639.7,0
2024-06-06,215,64508,Смартфони,18,17022.09,0
2024-06-06,215,64509,Смартфони,20,32809.35,0
2024-06-06,215,64510,Холодильники,7,23311.97,0
2024-06-06,215,64511,Холодильники,6,18871.34,0
2024-06-06,215,64512,Холодильники,6,33894.07,0
2024-06-06,215,64513,Холодильники,2,37891.38,0
2024-06-06,215,64514,Холодильники,2,23026.0,0
2024-06-06,312,64500,Ноутбуки,1,34334.87,0
2024-06-06,312,64501,Ноутбуки,11,22830.98,1
2024-06-06,312,64502,Ноутбуки,10,21388.47,0
2024-06-06,312,64503,Ноутбуки,4,25460.64,0
2024-06-06,312,64504,Ноутбуки,2,39470.54,0
2024-06-06,312,64505,Смартфони,11,29685.1,0
2024-06-06,312,64506,Смартфони,17,9520.02,0
2024-06-06,312,64507,Смартфони,13,13344.67,0
2024-06-06,312,64508,Смартфони,14,15634.33,0
2024-06-06,312,64509,Смартфони,24,32617.11,0
2024-06-06,312,64510,Холодильники,4,24692.6,0
2024-06-06,312,64511,Холодильники,2,18993.08,0
2024-06-06,312,64512,Холодильники,2,34164.61,0
2024-06-06,312,64513,Холодильники,0,36844.09,0
2024-06-06,312,64514,Холодильники,0,22410.73,0
2024-06-07,215,64500,Ноутбуки,8,34672.03,0
2024-06-07,215,64501,Ноутбуки,13,25697.83,0
2024-06-07,215,64502,Ноутбуки,12,20357.95,0
2024-06-07,215,64503,Ноутбуки,9,26516.23,0
2024-06-07,215,64504,Ноутбуки,12,40233.77,0
2024-06-07,215,64505,Смартфони,12,30617.68,0
2024-06-07,215,64506,Смартфони,24,9310.59,0
2024-06-07,215,64507,Смартфони,35,14266.88,0
2024-06-07,215,64508,Смартфони,16,16826.63,0
2024-06-07,215,64509,Смартфони,43,32118.27,0
2024-06-07,215,64510,Холодильники,5,24494.53,0
2024-06-07,215,64511,Холодильники,5,18996.69,0
2024-06-07,215,64512,Холодильники,3,34154.81,0
2024-06-07,215,64513,Холодильники,4,37733.58,0
2024-06-07,215,64514,Холодильники,1,21867.8,0
2024-06-07,312,64500,Ноутбуки,5,30542.65,1
2024-06-07,312,64501,Ноутбуки,11,24872.16,0
2024-06-07,312,64502,Ноутбуки,10,21908.44,0
2024-06-07,312,64503,Ноутбуки,6,25872.9,0
2024-06-07,312,64504,Ноутбуки,4,39006.02,0
2024-06-07,312,64505,Смартфони,14,28637.78,0
2024-06-07,312,64506,Смартфони,33,9515.35,0
2024-06-07,312,64507,Смартфони,22,14225.48,0
2024-06-07,312,64508,Смартфони,7,16943.51,0
2024-06-07,312,64509,Смартфони,14,34991.52,0
2024-06-07,312,64510,Холодильники,2,23342.57,0
2024-06-07,312,64511,Холодильники,3,18049.58,1
2024-06-07,312,64512,Холодильники,5,33263.89,0
2024-06-07,312,64513,Холодильники,0,35922.52,0
2024-06-07,312,64514,Холодильники,1,22345.25,0
2024-06-08,215,64500,Ноутбуки,3,34968.92,0
2024-06-08,215,64501,Ноутбуки,8,25688.48,0
2024-06-08,215,64502,Ноутбуки,8,20891.01,0
2024-06-08,215,64503,Ноутбуки,8,25725.64,0
2024-06-08,215,64504,Ноутбуки,8,42089.98,0
2024-06-08,215,64505,Смартфони,13,29240.41,0
2024-06-08,215,64506,Смартфони,28,8988.71,0
2024-06-08,215,64507,Смартфони,41,13689.32,0
2024-06-08,215,64508,Смартфони,18,16062.42,0
2024-06-08,215,64509,Смартфони,35,34243.1,0
2024-06-08,215,64510,Холодильники,3,23959.08,0
2024-06-08,215,64511,Холодильники,2,19370.6,0
2024-06-08,215,64512,Холодильники,5,35247.66,0
2024-06-08,215,64513,Холодильники,3,36563.49,0
2024-06-08,215,64514,Холодильники,4,22111.82,0
2024-06-08,312,64500,Ноутбуки,4,34858.74,0
2024-06-08,312,64501,Ноутбуки,3,26108.93,0
2024-06-08,312,64502,Ноутбуки,15,20850.25,0
2024-06-08,312,64503,Ноутбуки,7,27034.57,0
2024-06-08,312,64504,Ноутбуки,6,41088.44,0
2024-06-08,312,64505,Смартфони,10,29701.45,0
2024-06-08,312,64506,Смартфони,22,9325.86,0
2024-06-08,312,64507,Смартфони,29,13988.67,0
2024-06-08,312,64508,Смартфони,21,16832.78,0
2024-06-08,312,64509,Смартфони,27,32840.47,0
2024-06-08,312,64510,Холодильники,6,23646.79,0
2024-06-08,312,64511,Холодильники,5,18503.97,0
2024-06-08,312,64512,Холодильники,3,31882.86,1
2024-06-08,312,64513,Холодильники,3,36109.06,0
2024-06-08,312,64514,Холодильники,1,21907.04,0
2024-06-09,215,64500,Ноутбуки,5,34362.39,0
2024-06-09,215,64501,Ноутбуки,6,26467.75,0
2024-06-09,215,64502,Ноутбуки,9,21350.99,0
2024-06-09,215,64503,Ноутбуки,10,25795.7,0
2024-06-09,215,64504,Ноутбуки,6,42239.31,0
2024-06-09,215,64505,Смартфони,17,31177.95,0
2024-06-09,215,64506,Смартфони,30,8807.45,0
2024-06-09,215,64507,Смартфони,27,14275.62,0
2024-06-09,215,64508,Смартфони,16,15748.54,0
2024-06-09,215,64509,Смартфони,36,34188.55,0
2024-06-09,215,64510,Холодильники,8,24175.32,0
2024-06-09,215,64511,Холодильники,3,18717.08,0
2024-06-09,215,64512,Холодильники,1,35091.43,0
2024-06-09,215,64513,Холодильники,6,34927.72,0
2024-06-09,215,64514,Холодильники,2,22020.01,0
2024-06-09,312,64500,Ноутбуки,2,33906.28,0
2024-06-09,312,64501,Ноутбуки,5,26769.93,0
2024-06-09,312,64502,Ноутбуки,10,21007.48,0
2024-06-09,312,64503,Ноутбуки,9,25747.2,0
2024-06-09,312,64504,Ноутбуки,9,40644.14,0
2024-06-09,312,64505,Смартфони,12,28724.5,0
2024-06-09,312,64506,Смартфони,42,8096.87,1
2024-06-09,312,64507,Смартфони,20,13461.92,0
2024-06-09,312,64508,Смартфони,22,16750.81,0
2024-06-09,312,64509,Смартфони,18,34479.96,0
2024-06-09,312,64510,Холодильники,2,23763.78,0
2024-06-09,312,64511,Холодильники,3,19213.49,0
2024-06-09,312,64512,Холодильники,3,34457.72,0
2024-06-09,312,64513,Холодильники,1,36230.78,0
2024-06-09,312,64514,Холодильники,0,22148.25,0
2024-06-10,215,64500,Ноутбуки,3,34783.51,0
2024-06-10,215,64501,Ноутбуки,6,25773.03,0
2024-06-10,215,64502,Ноутбуки,9,20896.81,0
2024-06-10,215,64503,Ноутбуки,11,25472.25,0
2024-06-10,215,64504,Ноутбуки,13,41581.26,0
2024-06-10,215,64505,Смартфони,19,29029.69,0
2024-06-10,215,64506,Смартфони,23,9875.08,0
2024-06-10,215,64507,Смартфони,19,14562.24,0
2024-06-10,215,64508,Смартфони,9,15964.06,0
2024-06-10,215,64509,Смартфони,31,33765.99,0
2024-06-10,215,64510,Холодильники,3,24499.6,0
2024-06-10,215,64511,Холодильники,7,19292.88,0
2024-06-10,215,64512,Холодильники,1,33051.36,0
2024-06-10,215,64513,Холодильники,1,34580.25,0
2024-06-10,215,64514,Холодильники,3,21312.55,0
2024-06-10,312,64500,Ноутбуки,3,34171.94,0
2024-06-10,312,64501,Ноутбуки,7,25235.85,0
2024-06-10,312,64502,Ноутбуки,10,19990.68,0
2024-06-10,312,64503,Ноутбуки,8,26038.49,0
2024-06-10,312,64504,Ноутбуки,3,39297.79,0
2024-06-10,312,64505,Смартфони,6,30672.46,0
2024-06-10,312,64506,Смартфони,21,8123.02,1
2024-06-10,312,64507,Смартфони,15,13692.35,0
2024-06-10,312,64508,Смартфони,17,17879.11,0
2024-06-10,312,64509,Смартфони,26,34311.15,0
2024-06-10,312,64510,Холодильники,3,22498.3,1
2024-06-10,312,64511,Холодильники,5,19442.79,0
2024-06-10,312,64512,Холодильники,1,34926.96,0
2024-06-10,312,64513,Холодильники,3,34784.09,0
2024-06-10,312,64514,Холодильники,2,21542.0,0
2024-06-11,215,64500,Ноутбуки,3,34272.69,0
2024-06-11,215,64501,Ноутбуки,6,25371.5,0
2024-06-11,215,64502,Ноутбуки,11,21045.32,0
2024-06-11,215,64503,Ноутбуки,4,26074.57,0
2024-06-11,215,64504,Ноутбуки,16,42051.28,0
2024-06-11,215,64505,Смартфони,5,30314.07,0
2024-06-11,215,64506,Смартфони,29,9266.47,0
2024-06-11,215,64507,Смартфони,26,13668.93,0
2024-06-11,215,64508,Смартфони,14,16993.89,0
2024-06-11,215,64509,Смартфони,34,32763.99,0
2024-06-11,215,64510,Холодильники,3,24578.12,0
2024-06-11,215,64511,Холодильники,6,16272.22,1
2024-06-11,215,64512,Холодильники,3,33051.01,0
2024-06-11,215,64513,Холодильники,1,35194.78,0
2024-06-11,215,64514,Холодильники,0,21835.13,0
2024-06-11,312,64500,Ноутбуки,4,33914.2,0
2024-06-11,312,64501,Ноутбуки,3,25414.02,0
2024-06-11,312,64502,Ноутбуки,7,21005.07,0
2024-06-11,312,64503,Ноутбуки,10,27480.49,0
2024-06-11,312,64504,Ноутбуки,6,40794.77,0
2024-06-11,312,64505,Смартфони,14,29101.47,0
2024-06-11,312,64506,Смартфони,24,9117.43,0
2024-06-11,312,64507,Смартфони,14,14377.87,0
2024-06-11,312,64508,Смартфони,10,16582.07,0
2024-06-11,312,64509,Смартфони,21,33826.57,0
2024-06-11,312,64510,Холодильники,3,23948.45,0
2024-06-11,312,64511,Холодильники,4,19277.45,0
2024-06-11,312,64512,Холодильники,2,33616.73,0
2024-06-11,312,64513,Холодильники,3,35596.77,0
2024-06-11,312,64514,Холодильники,1,22005.5,0
2024-06-12,215,64500,Ноутбуки,4,31095.8,1
2024-06-12,215,64501,Ноутбуки,2,25041.09,0
2024-06-12,215,64502,Ноутбуки,4,20390.17,0
2024-06-12,215,64503,Ноутбуки,12,25750.84,0
2024-06-12,215,64504,Ноутбуки,5,38881.29,0
2024-06-12,215,64505,Смартфони,13,27755.97,0
2024-06-12,215,64506,Смартфони,12,9052.54,0
2024-06-12,215,64507,Смартфони,28,14255.0,0
2024-06-12,215,64508,Смартфони,13,16534.03,0
2024-06-12,215,64509,Смартфони,24,34324.32,0
2024-06-12,215,64510,Холодильники,5,24026.6,0
2024-06-12,215,64511,Холодильники,5,19660.56,0
2024-06-12,215,64512,Холодильники,5,30050.1,1
2024-06-12,215,64513,Холодильники,0,36334.89,0
2024-06-12,215,64514,Холодильники,2,21929.26,0
2024-06-12,312,64500,Ноутбуки,1,31331.12,1
2024-06-12,312,64501,Ноутбуки,5,24361.44,0
2024-06-12,312,64502,Ноутбуки,11,20018.85,0
2024-06-12,312,64503,Ноутбуки,4,26428.16,0
2024-06-12,312,64504,Ноутбуки,3,40509.0,0
2024-06-12,312,64505,Смартфони,6,28772.77,0
2024-06-12,312,64506,Смартфони,15,8611.77,0
2024-06-12,312,64507,Смартфони,11,12994.53,0
2024-06-12,312,64508,Смартфони,24,15275.44,1
2024-06-12,312,64509,Смартфони,13,32262.78,0
2024-06-12,312,64510,Холодильники,3,25000.65,0
2024-06-12,312,64511,Холодильники,3,18156.52,0
2024-06-12,312,64512,Холодильники,4,34691.08,0
2024-06-12,312,64513,Холодильники,1,35286.58,0
2024-06-12,312,64514,Холодильники,1,21630.0,0
2024-06-13,215,64500,Ноутбуки,3,33694.97,0
2024-06-13,215,64501,Ноутбуки,8,27135.71,0
2024-06-13,215,64502,Ноутбуки,8,21689.53,0
2024-06-13,215,64503,Ноутбуки,9,25244.42,0
2024-06-13,215,64504,Ноутбуки,7,38954.28,0
2024-06-13,215,64505,Смартфони,18,29347.61,0
2024-06-13,215,64506,Смартфони,21,9127.45,0
2024-06-13,215,64507,Смартфони,28,14998.59,0
2024-06-13,215,64508,Смартфони,24,15803.92,0
2024-06-13,215,64509,Смартфони,35,34678.47,0
2024-06-13,215,64510,Холодильники,0,23798.51,0
2024-06-13,215,64511,Холодильники,3,19403.71,0
2024-06-13,215,64512,Холодильники,4,36244.03,0
2024-06-13,215,64513,Холодильники,1,35274.46,0
2024-06-13,215,64514,Холодильники,2,20299.44,0
2024-06-13,312,64500,Ноутбуки,1,35488.76,0
2024-06-13,312,64501,Ноутбуки,8,25813.5,0
2024-06-13,312,64502,Ноутбуки,10,20785.12,0
2024-06-13,312,64503,Ноутбуки,8,25701.22,0
2024-06-13,312,64504,Ноутбуки,3,38784.66,0
2024-06-13,312,64505,Смартфони,11,29423.67,0
2024-06-13,312,64506,Смартфони,14,9143.26,0
2024-06-13,312,64507,Смартфони,17,14674.03,0
2024-06-13,312,64508,Смартфони,9,16672.07,0
2024-06-13,312,64509,Смартфони,18,35147.63,0
2024-06-13,312,64510,Холодильники,1,23994.97,0
2024-06-13,312,64511,Холодильники,2,19234.21,0
2024-06-13,312,64512,Холодильники,3,34218.94,0
2024-06-13,312,64513,Холодильники,1,35862.13,0
2024-06-13,312,64514,Холодильники,1,21899.93,0
2024-06-14,215,64500,Ноутбуки,5,34686.09,0
2024-06-14,215,64501,Ноутбуки,6,24836.61,0
2024-06-14,215,64502,Ноутбуки,12,22892.68,0
2024-06-14,215,64503,Ноутбуки,13,26374.41,0
2024-06-14,215,64504,Ноутбуки,10,40066.21,0
2024-06-14,215,64505,Смартфони,13,29841.45,0
2024-06-14,215,64506,Смартфони,30,9198.24,0
2024-06-14,215,64507,Смартфони,25,14102.73,0
2024-06-14,215,64508,Смартфони,22,16443.99,0
2024-06-14,215,64509,Смартфони,25,33462.25,0
2024-06-14,215,64510,Холодильники,6,23987.1,0
2024-06-14,215,64511,Холодильники,5,19318.57,0
2024-06-14,215,64512,Холодильники,5,34836.04,0
2024-06-14,215,64513,Холодильники,5,35707.96,0
2024-06-14,215,64514,Холодильники,2,21744.4,0
2024-06-14,312,64500,Ноутбуки,1,33617.88,0
2024-06-14,312,64501,Ноутбуки,2,24386.55,0
2024-06-14,312,64502,Ноутбуки,9,21182.14,0
2024-06-14,312,64503,Ноутбуки,3,25600.11,0
2024-06-14,312,64504,Ноутбуки,10,40488.02,0
2024-06-14,312,64505,Смартфони,12,29424.69,0
2024-06-14,312,64506,Смартфони,20,9491.39,0
2024-06-14,312,64507,Смартфони,12,14005.32,0
2024-06-14,312,64508,Смартфони,7,16119.41,0
2024-06-14,312,64509,Смартфони,15,35262.32,0
2024-06-14,312,64510,Холодильники,3,25897.03,0
2024-06-14,312,64511,Холодильники,3,18836.88,0
2024-06-14,312,64512,Холодильники,4,30576.91,1
2024-06-14,312,64513,Холодильники,1,35184.68,0
2024-06-14,312,64514,Холодильники,0,21777.22,0
2024-06-15,215,64500,Ноутбуки,9,34771.68,0
2024-06-15,215,64501,Ноутбуки,9,26582.32,0
2024-06-15,215,64502,Ноутбуки,14,21310.76,0
2024-06-15,215,64503,Ноутбуки,12,26015.72,0
2024-06-15,215,64504,Ноутбуки,12,43257.65,0
2024-06-15,215,64505,Смартфони,16,30241.36,0
2024-06-15,215,64506,Смартфони,30,9785.9,0
2024-06-15,215,64507,Смартфони,41,14371.44,0
2024-06-15,215,64508,Смартфони,24,15988.95,0
2024-06-15,215,64509,Смартфони,32,32194.68,0
2024-06-15,215,64510,Холодильники,3,21603.21,1
2024-06-15,215,64511,Холодильники,5,18610.24,0
2024-06-15,215,64512,Холодильники,5,34917.05,0
2024-06-15,215,64513,Холодильники,3,36160.49,0
2024-06-15,215,64514,Холодильники,6,21844.7,0
2024-06-15,312,64500,Ноутбуки,3,35349.36,0
2024-06-15,312,64501,Ноутбуки,7,25477.25,0
2024-06-15,312,64502,Ноутбуки,8,20932.6,0
2024-06-15,312,64503,Ноутбуки,8,25176.95,0
2024-06-15,312,64504,Ноутбуки,12,41392.39,0
2024-06-15,312,64505,Смартфони,14,29160.77,0
2024-06-15,312,64506,Смартфони,20,8953.92,0
2024-06-15,312,64507,Смартфони,26,13756.84,0
2024-06-15,312,64508,Смартфони,8,17381.88,0
2024-06-15,312,64509,Смартфони,38,31036.2,1
2024-06-15,312,64510,Холодильники,9,22273.78,1
2024-06-15,312,64511,Холодильники,8,18136.36,0
2024-06-15,312,64512,Холодильники,2,34306.89,0
2024-06-15,312,64513,Холодильники,1,37064.98,0
2024-06-15,312,64514,Холодильники,4,22023.91,0
2024-06-16,215,64500,Ноутбуки,4,35066.66,0
2024-06-16,215,64501,Ноутбуки,15,23246.01,1
2024-06-16,215,64502,Ноутбуки,10,20878.43,0
2024-06-16,215,64503,Ноутбуки,7,24483.72,0
2024-06-16,215,64504,Ноутбуки,6,40015.12,0
2024-06-16,215,64505,Смартфони,26,25481.31,1
2024-06-16,215,64506,Смартфони,18,9325.08,0
2024-06-16,215,64507,Смартфони,32,14132.03,0
2024-06-16,215,64508,Смартфони,13,16482.75,0
2024-06-16,215,64509,Смартфони,28,33776.92,0
2024-06-16,215,64510,Холодильники,1,24280.82,0
2024-06-16,215,64511,Холодильники,7,18176.71,0
2024-06-16,215,64512,Холодильники,2,33875.19,0
2024-06-16,215,64513,Холодильники,1,33886.01,0
2024-06-16,215,64514,Холодильники,0,21342.16,0
2024-06-16,312,64500,Ноутбуки,3,32487.19,0
2024-06-16,312,64501,Ноутбуки,6,25103.59,0
2024-06-16,312,64502,Ноутбуки,5,21331.55,0
2024-06-16,312,64503,Ноутбуки,5,24760.82,0
2024-06-16,312,64504,Ноутбуки,4,40437.21,0
2024-06-16,312,64505,Смартфони,17,29703.35,0
2024-06-16,312,64506,Смартфони,21,9121.73,0
2024-06-16,312,64507,Смартфони,45,13270.16,1
2024-06-16,312,64508,Смартфони,10,16481.05,0
2024-06-16,312,64509,Смартфони,21,34221.76,0
2024-06-16,312,64510,Холодильники,1,25334.41,0
2024-06-16,312,64511,Холодильники,4,18787.17,0
2024-06-16,312,64512,Холодильники,6,34999.12,0
2024-06-16,312,64513,Холодильники,2,34978.07,0
2024-06-16,312,64514,Холодильники,6,20034.33,1
2024-06-17,215,64500,Ноутбуки,5,33908.0,0
2024-06-17,215,64501,Ноутбуки,6,24594.51,0
2024-06-17,215,64502,Ноутбуки,8,20527.66,0
2024-06-17,215,64503,Ноутбуки,5,25088.32,0
2024-06-17,215,64504,Ноутбуки,8,39921.78,0
2024-06-17,215,64505,Смартфони,12,29160.97,0
2024-06-17,215,64506,Смартфони,29,9542.26,0
2024-06-17,215,64507,Смартфони,32,14955.68,0
2024-06-17,215,64508,Смартфони,14,17399.69,0
2024-06-17,215,64509,Смартфони,23,33356.35,0
2024-06-17,215,64510,Холодильники,4,25406.1,0
2024-06-17,215,64511,Холодильники,7,19518.73,0
2024-06-17,215,64512,Холодильники,3,37033.08,0
2024-06-17,215,64513,Холодильники,5,36006.11,0
2024-06-17,215,64514,Холодильники,1,19934.38,1
2024-06-17,312,64500,Ноутбуки,2,34943.13,0
2024-06-17,312,64501,Ноутбуки,0,25898.34,0
2024-06-17,312,64502,Ноутбуки,8,21785.36,0
2024-06-17,312,64503,Ноутбуки,9,22679.21,1
2024-06-17,312,64504,Ноутбуки,7,40649.07,0
2024-06-17,312,64505,Смартфони,10,29420.97,0
2024-06-17,312,64506,Смартфони,14,9527.34,0
2024-06-17,312,64507,Смартфони,18,13479.45,0
2024-06-17,312,64508,Смартфони,14,16684.03,0
2024-06-17,312,64509,Смартфони,23,34560.56,0
2024-06-17,312,64510,Холодильники,4,25140.67,0
2024-06-17,312,64511,Холодильники,1,19049.52,0
2024-06-17,312,64512,Холодильники,5,34806.46,0
2024-06-17,312,64513,Холодильники,1,34163.36,0
2024-06-17,312,64514,Холодильники,3,21773.88,0
2024-06-18,215,64500,Ноутбуки,3,33590.88,0
2024-06-18,215,64501,Ноутбуки,8,25713.15,0
2024-06-18,215,64502,Ноутбуки,11,19915.59,0
2024-06-18,215,64503,Ноутбуки,11,27431.51,0
2024-06-18,215,64504,Ноутбуки,8,40149.89,0
2024-06-18,215,64505,Смартфони,13,28822.57,0
2024-06-18,215,64506,Смартфони,13,9416.23,0
2024-06-18,215,64507,Смартфони,31,13689.18,0
2024-06-18,215,64508,Смартфони,12,16397.34,0
2024-06-18,215,64509,Смартфони,27,33328.56,0
2024-06-18,215,64510,Холодильники,1,25224.7,0
2024-06-18,215,64511,Холодильники,3,19379.44,0
2024-06-18,215,64512,Холодильники,3,34046.73,0
2024-06-18,215,64513,Холодильники,2,36235.78,0
2024-06-18,215,64514,Холодильники,0,21357.83,0
2024-06-18,312,64500,Ноутбуки,0,32568.2,0
2024-06-18,312,64501,Ноутбуки,4,25781.08,0
2024-06-18,312,64502,Ноутбуки,12,20841.57,0
2024-06-18,312,64503,Ноутбуки,7,25470.97,0
2024-06-18,312,64504,Ноутбуки,5,38300.58,0
2024-06-18,312,64505,Смартфони,9,30234.53,0
2024-06-18,312,64506,Смартфони,12,9567.2,0
2024-06-18,312,64507,Смартфони,30,11986.75,1
2024-06-18,312,64508,Смартфони,10,16311.65,0
2024-06-18,312,64509,Смартфони,20,34829.32,0
2024-06-18,312,64510,Холодильники,3,24477.18,0
2024-06-18,312,64511,Холодильники,4,18426.43,0
2024-06-18,312,64512,Холодильники,1,35392.73,0
2024-06-18,312,64513,Холодильники,1,36839.16,0
2024-06-18,312,64514,Холодильники,0,22767.21,0
2024-06-19,215,64500,Ноутбуки,2,35304.04,0
2024-06-19,215,64501,Ноутбуки,4,24659.05,0
2024-06-19,215,64502,Ноутбуки,14,22357.59,0
2024-06-19,215,64503,Ноутбуки,3,23903.47,0
2024-06-19,215,64504,Ноутбуки,10,40508.64,0
2024-06-19,215,64505,Смартфони,11,29873.42,0
2024-06-19,215,64506,Смартфони,14,8907.99,0
2024-06-19,215,64507,Смартфони,26,13396.87,0
2024-06-19,215,64508,Смартфони,33,15596.51,1
2024-06-19,215,64509,Смартфони,23,33527.56,0
2024-06-19,215,64510,Холодильники,1,24244.66,0
2024-06-19,215,64511,Холодильники,3,18893.32,0
2024-06-19,215,64512,Холодильники,5,32699.49,0
2024-06-19,215,64513,Холодильники,3,36411.97,0
2024-06-19,215,64514,Холодильники,3,22367.47,0
2024-06-19,312,64500,Ноутбуки,6,33152.31,1
2024-06-19,312,64501,Ноутбуки,1,26233.06,0
2024-06-19,312,64502,Ноутбуки,4,21704.6,0
2024-06-19,312,64503,Ноутбуки,2,24948.15,0
2024-06-19,312,64504,Ноутбуки,4,41290.26,0
2024-06-19,312,64505,Смартфони,14,30520.88,0
2024-06-19,312,64506,Смартфони,12,9443.65,0
2024-06-19,312,64507,Смартфони,16,13549.61,0
2024-06-19,312,64508,Смартфони,13,17070.88,0
2024-06-19,312,64509,Смартфони,23,32118.77,0
2024-06-19,312,64510,Холодильники,1,24194.74,0
2024-06-19,312,64511,Холодильники,2,18837.41,0
2024-06-19,312,64512,Холодильники,3,35693.7,0
2024-06-19,312,64513,Холодильники,1,35280.66,0
2024-06-19,312,64514,Холодильники,2,23134.51,0
2024-06-20,215,64500,Ноутбуки,2,35732.85,0
2024-06-20,215,64501,Ноутбуки,9,22070.18,1
2024-06-20,215,64502,Ноутбуки,12,20887.08,0
2024-06-20,215,64503,Ноутбуки,10,23884.15,1
2024-06-20,215,64504,Ноутбуки,1,40515.72,0
2024-06-20,215,64505,Смартфони,17,30765.54,0
2024-06-20,215,64506,Смартфони,24,9329.41,0
2024-06-20,215,64507,Смартфони,23,14378.79,0
2024-06-20,215,64508,Смартфони,31,14984.8,1
2024-06-20,215,64509,Смартфони,30,33789.54,0
2024-06-20,215,64510,Холодильники,1,23829.66,0
2024-06-20,215,64511,Холодильники,6,19285.3,0
2024-06-20,215,64512,Холодильники,4,34664.69,0
2024-06-20,215,64513,Холодильники,2,36255.3,0
2024-06-20,215,64514,Холодильники,1,19339.58,1
2024-06-20,312,64500,Ноутбуки,4,35058.7,0
2024-06-20,312,64501,Ноутбуки,1,26527.95,0
2024-06-20,312,64502,Ноутбуки,4,20659.63,0
2024-06-20,312,64503,Ноутбуки,5,27626.41,0
2024-06-20,312,64504,Ноутбуки,5,40416.47,0
2024-06-20,312,64505,Смартфони,8,30620.31,0
2024-06-20,312,64506,Смартфони,18,9213.36,0
2024-06-20,312,64507,Смартфони,21,13249.53,0
2024-06-20,312,64508,Смартфони,8,16435.95,0
2024-06-20,312,64509,Смартфони,26,34460.13,0
2024-06-20,312,64510,Холодильники,4,24295.22,0
2024-06-20,312,64511,Холодильники,2,19765.59,0
2024-06-20,312,64512,Холодильники,2,33707.98,0
2024-06-20,312,64513,Холодильники,2,34410.27,0
2024-06-20,312,64514,Холодильники,3,19902.49,1
2024-06-21,215,64500,Ноутбуки,6,34188.87,0
2024-06-21,215,64501,Ноутбуки,12,25366.96,0
2024-06-21,215,64502,Ноутбуки,11,20031.86,0
2024-06-21,215,64503,Ноутбуки,11,26009.51,0
2024-06-21,215,64504,Ноутбуки,9,41010.08,0
2024-06-21,215,64505,Смартфони,21,27841.39,0
2024-06-21,215,64506,Смартфони,21,9338.33,0
2024-06-21,215,64507,Смартфони,29,13643.4,0
2024-06-21,215,64508,Смартфони,21,17119.72,0
2024-06-21,215,64509,Смартфони,35,33192.08,0
2024-06-21,215,64510,Холодильники,4,22815.89,0
2024-06-21,215,64511,Холодильники,7,19616.53,0
2024-06-21,215,64512,Холодильники,5,34871.61,0
2024-06-21,215,64513,Холодильники,4,35666.68,0
2024-06-21,215,64514,Холодильники,3,21543.3,0
2024-06-21,312,64500,Ноутбуки,2,36319.88,0
2024-06-21,312,64501,Ноутбуки,4,26266.87,0
2024-06-21,312,64502,Ноутбуки,13,18804.78,1
2024-06-21,312,64503,Ноутбуки,3,24982.64,0
2024-06-21,312,64504,Ноутбуки,7,39206.48,0
2024-06-21,312,64505,Смартфони,15,28820.92,0
2024-06-21,312,64506,Смартфони,30,8086.88,1
2024-06-21,312,64507,Смартфони,26,13284.44,0
2024-06-21,312,64508,Смартфони,15,16746.5,0
2024-06-21,312,64509,Смартфони,20,31543.88,0
2024-06-21,312,64510,Холодильники,7,24791.72,0
2024-06-21,312,64511,Холодильники,6,18786.33,0
2024-06-21,312,64512,Холодильники,2,35636.6,0
2024-06-21,312,64513,Холодильники,1,36732.31,0
2024-06-21,312,64514,Холодильники,6,21535.68,0
2024-06-22,215,64500,Ноутбуки,5,35106.18,0
2024-06-22,215,64501,Ноутбуки,2,23656.41,0
2024-06-22,215,64502,Ноутбуки,18,21203.39,0
2024-06-22,215,64503,Ноутбуки,11,25688.74,0
2024-06-22,215,64504,Ноутбуки,7,39970.36,0
2024-06-22,215,64505,Смартфони,39,26745.77,1
2024-06-22,215,64506,Смартфони,46,9416.36,0
2024-06-22,215,64507,Смартфони,61,11686.74,1
2024-06-22,215,64508,Смартфони,17,16959.21,0
2024-06-22,215,64509,Смартфони,74,28558.87,1
2024-06-22,215,64510,Холодильники,1,24357.57,0
2024-06-22,215,64511,Холодильники,11,19018.91,0
2024-06-22,215,64512,Холодильники,4,34929.22,0
2024-06-22,215,64513,Холодильники,1,34929.29,0
2024-06-22,215,64514,Холодильники,2,22327.63,0
2024-06-22,312,64500,Ноутбуки,5,36783.98,0
2024-06-22,312,64501,Ноутбуки,8,25280.33,0
2024-06-22,312,64502,Ноутбуки,15,17447.48,1
2024-06-22,312,64503,Ноутбуки,7,25463.74,0
2024-06-22,312,64504,Ноутбуки,9,40106.49,0
2024-06-22,312,64505,Смартфони,15,29777.74,0
2024-06-22,312,64506,Смартфони,26,8857.11,0
2024-06-22,312,64507,Смартфони,24,12990.32,0
2024-06-22,312,64508,Смартфони,22,16104.08,0
2024-06-22,312,64509,Смартфони,21,32712.85,0
2024-06-22,312,64510,Холодильники,4,24084.68,0
2024-06-22,312,64511,Холодильники,6,18992.55,0
2024-06-22,312,64512,Холодильники,1,34818.58,0
2024-06-22,312,64513,Холодильники,2,35510.36,0
2024-06-22,312,64514,Холодильники,4,23010.51,0
2024-06-23,215,64500,Ноутбуки,1,35306.39,0
2024-06-23,215,64501,Ноутбуки,4,26265.3,0
2024-06-23,215,64502,Ноутбуки,9,20012.09,0
2024-06-23,215,64503,Ноутбуки,10,24988.83,0
2024-06-23,215,64504,Ноутбуки,9,39346.46,0
2024-06-23,215,64505,Смартфони,18,28765.49,0
2024-06-23,215,64506,Смартфони,24,9215.1,0
2024-06-23,215,64507,Смартфони,32,14059.89,0
2024-06-23,215,64508,Смартфони,20,16029.68,0
2024-06-23,215,64509,Смартфони,31,33875.56,0
2024-06-23,215,64510,Холодильники,1,25759.15,0
2024-06-23,215,64511,Холодильники,7,19191.83,0
2024-06-23,215,64512,Холодильники,4,33716.69,0
2024-06-23,215,64513,Холодильники,2,37309.54,0
2024-06-23,215,64514,Холодильники,2,21457.19,0
2024-06-23,312,64500,Ноутбуки,6,28530.36,1
2024-06-23,312,64501,Ноутбуки,2,24598.5,0
2024-06-23,312,64502,Ноутбуки,12,20306.83,0
2024-06-23,312,64503,Ноутбуки,9,24958.56,0
2024-06-23,312,64504,Ноутбуки,5,43346.6,0
2024-06-23,312,64505,Смартфони,17,29800.19,0
2024-06-23,312,64506,Смартфони,21,8943.69,0
2024-06-23,312,64507,Смартфони,19,15235.76,0
2024-06-23,312,64508,Смартфони,12,16243.41,0
2024-06-23,312,64509,Смартфони,28,33871.79,0
2024-06-23,312,64510,Холодильники,5,24263.82,0
2024-06-23,312,64511,Холодильники,0,18410.76,0
2024-06-23,312,64512,Холодильники,3,33422.8,1
2024-06-23,312,64513,Холодильники,4,34635.04,0
2024-06-23,312,64514,Холодильники,3,21935.35,0
2024-06-24,215,64500,Ноутбуки,7,31854.3,1
2024-06-24,215,64501,Ноутбуки,5,26540.35,0
2024-06-24,215,64502,Ноутбуки,17,22455.5,0
2024-06-24,215,64503,Ноутбуки,14,25980.51,0
2024-06-24,215,64504,Ноутбуки,11,39867.66,0
2024-06-24,215,64505,Смартфони,12,28207.23,0
2024-06-24,215,64506,Смартфони,25,9303.85,0
2024-06-24,215,64507,Смартфони,16,14329.31,0
2024-06-24,215,64508,Смартфони,26,15401.29,1
2024-06-24,215,64509,Смартфони,18,33226.1,0
2024-06-24,215,64510,Холодильники,2,23200.8,0
2024-06-24,215,64511,Холодильники,5,18271.54,0
2024-06-24,215,64512,Холодильники,1,35443.2,0
2024-06-24,215,64513,Холодильники,0,36585.44,0
2024-06-24,215,64514,Холодильники,1,20771.78,0
2024-06-24,312,64500,Ноутбуки,6,33659.59,0
2024-06-24,312,64501,Ноутбуки,2,24684.77,0
2024-06-24,312,64502,Ноутбуки,12,20518.82,0
2024-06-24,312,64503,Ноутбуки,4,25713.25,0
2024-06-24,312,64504,Ноутбуки,3,40281.52,0
2024-06-24,312,64505,Смартфони,11,28373.4,0
2024-06-24,312,64506,Смартфони,19,9056.23,0
2024-06-24,312,64507,Смартфони,17,14271.38,0
2024-06-24,312,64508,Смартфони,13,16525.88,0
2024-06-24,312,64509,Смартфони,18,32806.02,0
2024-06-24,312,64510,Холодильники,5,25762.6,0
2024-06-24,312,64511,Холодильники,5,19970.06,0
2024-06-24,312,64512,Холодильники,3,33157.39,0
2024-06-24,312,64513,Холодильники,0,35446.68,0
2024-06-24,312,64514,Холодильники,1,22260.07,0
2024-06-25,215,64500,Ноутбуки,3,35116.62,0
2024-06-25,215,64501,Ноутбуки,7,24908.06,0
2024-06-25,215,64502,Ноутбуки,10,19078.96,1
2024-06-25,215,64503,Ноутбуки,8,25226.6,0
2024-06-25,215,64504,Ноутбуки,8,39171.82,0
2024-06-25,215,64505,Смартфони,15,30500.39,0
2024-06-25,215,64506,Смартфони,18,9448.39,0
2024-06-25,215,64507,Смартфони,32,14360.06,0
2024-06-25,215,64508,Смартфони,19,16108.95,0
2024-06-25,215,64509,Смартфони,27,33242.79,0
2024-06-25,215,64510,Холодильники,3,23880.76,0
2024-06-25,215,64511,Холодильники,7,19587.75,0
2024-06-25,215,64512,Холодильники,3,33871.24,0
2024-06-25,215,64513,Холодильники,3,36145.08,0
2024-06-25,215,64514,Холодильники,2,21673.52,0
2024-06-25,312,64500,Ноутбуки,1,35079.84,0
2024-06-25,312,64501,Ноутбуки,7,25141.25,0
2024-06-25,312,64502,Ноутбуки,12,22225.11,0
2024-06-25,312,64503,Ноутбуки,4,25790.31,0
2024-06-25,312,64504,Ноутбуки,8,40403.17,0
2024-06-25,312,64505,Смартфони,10,28302.56,0
2024-06-25,312,64506,Смартфони,17,9520.13,0
2024-06-25,312,64507,Смартфони,19,13892.2,0
2024-06-25,312,64508,Смартфони,12,16911.33,0
2024-06-25,312,64509,Смартфони,17,34881.21,0
2024-06-25,312,64510,Холодильники,1,23373.8,0
2024-06-25,312,64511,Холодильники,3,18593.48,0
2024-06-25,312,64512,Холодильники,0,35970.66,0
2024-06-25,312,64513,Холодильники,1,33216.22,0
2024-06-25,312,64514,Холодильники,1,21140.77,0
2024-06-26,215,64500,Ноутбуки,5,34398.18,0
2024-06-26,215,64501,Ноутбуки,6,24549.81,0
2024-06-26,215,64502,Ноутбуки,7,21454.58,0
2024-06-26,215,64503,Ноутбуки,7,25902.02,0
2024-06-26,215,64504,Ноутбуки,4,39462.2,0
2024-06-26,215,64505,Смартфони,11,28994.39,0
2024-06-26,215,64506,Смартфони,20,9006.11,0
2024-06-26,215,64507,Смартфони,31,14851.55,0
2024-06-26,215,64508,Смартфони,13,16470.29,0
2024-06-26,215,64509,Смартфони,26,33086.77,0
2024-06-26,215,64510,Холодильники,5,24582.05,0
2024-06-26,215,64511,Холодильники,4,20052.18,0
2024-06-26,215,64512,Холодильники,3,35046.96,0
2024-06-26,215,64513,Холодильники,2,37306.45,0
2024-06-26,215,64514,Холодильники,1,21640.32,0
2024-06-26,312,64500,Ноутбуки,4,35300.7,0
2024-06-26,312,64501,Ноутбуки,6,25030.49,0
2024-06-26,312,64502,Ноутбуки,9,19402.04,0
2024-06-26,312,64503,Ноутбуки,8,25578.53,0
2024-06-26,312,64504,Ноутбуки,8,41191.86,0
2024-06-26,312,64505,Смартфони,9,28766.91,0
2024-06-26,312,64506,Смартфони,17,8757.93,0
2024-06-26,312,64507,Смартфони,18,14234.22,0
2024-06-26,312,64508,Смартфони,11,17247.63,0
2024-06-26,312,64509,Смартфони,25,32588.18,0
2024-06-26,312,64510,Холодильники,2,23782.18,0
2024-06-26,312,64511,Холодильники,4,18648.87,0
2024-06-26,312,64512,Холодильники,2,35127.46,0
2024-06-26,312,64513,Холодильники,2,36467.82,0
2024-06-26,312,64514,Холодильники,2,22020.51,0
2024-06-27,215,64500,Ноутбуки,6,34106.1,0
2024-06-27,215,64501,Ноутбуки,7,24627.8,0
2024-06-27,215,64502,Ноутбуки,13,20882.52,0
2024-06-27,215,64503,Ноутбуки,6,25603.72,0
2024-06-27,215,64504,Ноутбуки,6,39937.92,0
2024-06-27,215,64505,Смартфони,10,29501.56,0
2024-06-27,215,64506,Смартфони,28,9216.76,0
2024-06-27,215,64507,Смартфони,29,13601.35,0
2024-06-27,215,64508,Смартфони,18,15962.07,0
2024-06-27,215,64509,Смартфони,31,33719.45,0
2024-06-27,215,64510,Холодильники,2,24187.66,0
2024-06-27,215,64511,Холодильники,3,19521.15,0
2024-06-27,215,64512,Холодильники,3,34445.9,0
2024-06-27,215,64513,Холодильники,3,35516.82,0
2024-06-27,215,64514,Холодильники,1,21627.3,0
2024-06-27,312,64500,Ноутбуки,9,32114.34,1
2024-06-27,312,64501,Ноутбуки,5,23788.11,0
2024-06-27,312,64502,Ноутбуки,11,21435.48,0
2024-06-27,312,64503,Ноутбуки,3,25254.97,0
2024-06-27,312,64504,Ноутбуки,5,38487.38,0
2024-06-27,312,64505,Смартфони,9,30253.05,0
2024-06-27,312,64506,Смартфони,19,9688.48,0
2024-06-27,312,64507,Смартфони,19,14182.25,0
2024-06-27,312,64508,Смартфони,11,17026.2,0
2024-06-27,312,64509,Смартфони,10,33021.43,0
2024-06-27,312,64510,Холодильники,2,24547.9,0
2024-06-27,312,64511,Холодильники,1,17415.55,1
2024-06-27,312,64512,Холодильники,4,35791.85,0
2024-06-27,312,64513,Холодильники,1,34786.41,0
2024-06-27,312,64514,Холодильники,1,21641.96,0
2024-06-28,215,64500,Ноутбуки,5,33805.53,0
2024-06-28,215,64501,Ноутбуки,3,25116.73,0
2024-06-28,215,64502,Ноутбуки,14,21124.46,0
2024-06-28,215,64503,Ноутбуки,9,25816.48,0
2024-06-28,215,64504,Ноутбуки,3,39533.51,0
2024-06-28,215,64505,Смартфони,18,31488.12,0
2024-06-28,215,64506,Смартфони,48,8813.4,1
2024-06-28,215,64507,Смартфони,20,14609.37,0
2024-06-28,215,64508,Смартфони,15,16905.59,0
2024-06-28,215,64509,Смартфони,23,34166.35,0
2024-06-28,215,64510,Холодильники,5,25911.25,0
2024-06-28,215,64511,Холодильники,8,19174.92,0
2024-06-28,215,64512,Холодильники,4,33211.54,0
2024-06-28,215,64513,Холодильники,3,35311.18,0
2024-06-28,215,64514,Холодильники,2,23430.81,0
2024-06-28,312,64500,Ноутбуки,2,35468.68,0
2024-06-28,312,64501,Ноутбуки,3,26646.35,0
2024-06-28,312,64502,Ноутбуки,7,20374.48,0
2024-06-28,312,64503,Ноутбуки,7,24033.83,0
2024-06-28,312,64504,Ноутбуки,9,39407.72,0
2024-06-28,312,64505,Смартфони,13,30586.33,0
2024-06-28,312,64506,Смартфони,21,8973.81,0
2024-06-28,312,64507,Смартфони,23,14258.46,0
2024-06-28,312,64508,Смартфони,13,16838.53,0
2024-06-28,312,64509,Смартфони,23,32593.7,0
2024-06-28,312,64510,Холодильники,0,23881.98,0
2024-06-28,312,64511,Холодильники,3,17977.69,0
2024-06-28,312,64512,Холодильники,3,37122.11,0
2024-06-28,312,64513,Холодильники,1,34831.29,0
2024-06-28,312,64514,Холодильники,1,21626.35,0
2024-06-29,215,64500,Ноутбуки,6,35990.08,0
2024-06-29,215,64501,Ноутбуки,6,26416.83,0
2024-06-29,215,64502,Ноутбуки,14,21273.24,0
2024-06-29,215,64503,Ноутбуки,16,25422.51,0
2024-06-29,215,64504,Ноутбуки,5,41020.19,0
2024-06-29,215,64505,Смартфони,31,27639.79,1
2024-06-29,215,64506,Смартфони,32,9267.76,0
2024-06-29,215,64507,Смартфони,24,14125.93,0
2024-06-29,215,64508,Смартфони,28,16597.77,0
2024-06-29,215,64509,Смартфони,28,34242.36,0
2024-06-29,215,64510,Холодильники,6,23634.77,0
2024-06-29,215,64511,Холодильники,7,19392.23,0
2024-06-29,215,64512,Холодильники,7,35380.6,0
2024-06-29,215,64513,Холодильники,0,29985.28,1
2024-06-29,215,64514,Холодильники,4,21894.64,0
2024-06-29,312,64500,Ноутбуки,6,30535.79,1
2024-06-29,312,64501,Ноутбуки,4,25946.14,0
2024-06-29,312,64502,Ноутбуки,11,20780.93,0
2024-06-29,312,64503,Ноутбуки,4,25651.0,0
2024-06-29,312,64504,Ноутбуки,4,40446.48,0
2024-06-29,312,64505,Смартфони,11,30693.23,0
2024-06-29,312,64506,Смартфони,26,9173.04,0
2024-06-29,312,64507,Смартфони,27,14100.09,0
2024-06-29,312,64508,Смартфони,21,16006.29,0
2024-06-29,312,64509,Смартфони,20,33348.32,0
2024-06-29,312,64510,Холодильники,1,24729.94,0
2024-06-29,312,64511,Холодильники,6,19810.31,0
2024-06-29,312,64512,Холодильники,2,35735.54,0
2024-06-29,312,64513,Холодильники,5,36011.54,0
2024-06-29,312,64514,Холодильники,3,20915.16,0
2024-06-30,215,64500,Ноутбуки,6,33942.37,0
2024-06-30,215,64501,Ноутбуки,6,24895.79,0
2024-06-30,215,64502,Ноутбуки,13,20594.29,0
2024-06-30,215,64503,Ноутбуки,13,24877.35,0
2024-06-30,215,64504,Ноутбуки,5,39707.44,0
2024-06-30,215,64505,Смартфони,15,28365.03,0
2024-06-30,215,64506,Смартфони,30,9177.48,0
2024-06-30,215,64507,Смартфони,35,14346.12,0
2024-06-30,215,64508,Смартфони,16,16424.6,0
2024-06-30,215,64509,Смартфони,28,33456.49,0
2024-06-30,215,64510,Холодильники,4,24440.47,0
2024-06-30,215,64511,Холодильники,4,18040.66,0
2024-06-30,215,64512,Холодильники,3,35451.59,0
2024-06-30,215,64513,Холодильники,3,37036.62,0
2024-06-30,215,64514,Холодильники,0,21937.9,0
2024-06-30,312,64500,Ноутбуки,1,33635.1,0
2024-06-30,312,64501,Ноутбуки,7,26343.41,0
2024-06-30,312,64502,Ноутбуки,7,20986.28,0
2024-06-30,312,64503,Ноутбуки,5,26866.22,0
2024-06-30,312,64504,Ноутбуки,3,40561.45,0
2024-06-30,312,64505,Смартфони,11,30709.22,0
2024-06-30,312,64506,Смартфони,22,9072.11,0
2024-06-30,312,64507,Смартфони,17,14584.53,0
2024-06-30,312,64508,Смартфони,19,16733.57,0
2024-06-30,312,64509,Смартфони,35,34315.62,0
2024-06-30,312,64510,Холодильники,3,24758.21,0
2024-06-30,312,64511,Холодильники,4,19550.8,0
2024-06-30,312,64512,Холодильники,0,32802.08,0
2024-06-30,312,64513,Холодильники,2,36665.02,0
2024-06-30,312,64514,Холодильники,3,21807.63,0
2024-07-01,215,64500,Ноутбуки,5,33110.85,0
2024-07-01,215,64501,Ноутбуки,6,25201.54,0
2024-07-01,215,64502,Ноутбуки,10,20548.62,0
2024-07-01,215,64503,Ноутбуки,11,26008.89,0
2024-07-01,215,64504,Ноутбуки,8,37435.82,0
2024-07-01,215,64505,Смартфони,13,30154.06,0
2024-07-01,215,64506,Смартфони,27,9919.3,0
2024-07-01,215,64507,Смартфони,27,15406.86,0
2024-07-01,215,64508,Смартфони,20,16732.16,0
2024-07-01,215,64509,Смартфони,32,33012.09,0
2024-07-01,215,64510,Холодильники,4,24362.49,0
2024-07-01,215,64511,Холодильники,7,19193.4,0
2024-07-01,215,64512,Холодильники,1,33073.46,0
2024-07-01,215,64513,Холодильники,3,36388.1,0
2024-07-01,215,64514,Холодильники,2,21549.66,0
2024-07-01,312,64500,Ноутбуки,4,35214.06,0
2024-07-01,312,64501,Ноутбуки,8,23240.24,1
2024-07-01,312,64502,Ноутбуки,10,20876.71,0
2024-07-01,312,64503,Ноутбуки,7,25313.93,0
2024-07-01,312,64504,Ноутбуки,2,41186.71,0
2024-07-01,312,64505,Смартфони,10,29217.71,0
2024-07-01,312,64506,Смартфони,16,9419.88,0
2024-07-01,312,64507,Смартфони,22,14641.13,0
2024-07-01,312,64508,Смартфони,12,16262.43,0
2024-07-01,312,64509,Смартфони,14,33971.61,0
2024-07-01,312,64510,Холодильники,0,23766.57,0
2024-07-01,312,64511,Холодильники,2,19052.08,0
2024-07-01,312,64512,Холодильники,1,36115.91,0
2024-07-01,312,64513,Холодильники,3,37047.6,0
2024-07-01,312,64514,Холодильники,0,23098.09,0
2024-07-02,215,64500,Ноутбуки,3,33830.51,0
2024-07-02,215,64501,Ноутбуки,9,22567.46,1
2024-07-02,215,64502,Ноутбуки,14,21143.8,0
2024-07-02,215,64503,Ноутбуки,8,26500.5,0
2024-07-02,215,64504,Ноутбуки,6,38999.85,0
2024-07-02,215,64505,Смартфони,9,30191.03,0
2024-07-02,215,64506,Смартфони,29,9390.9,0
2024-07-02,215,64507,Смартфони,26,14203.41,0
2024-07-02,215,64508,Смартфони,13,16319.86,0
2024-07-02,215,64509,Смартфони,19,32245.52,0
2024-07-02,215,64510,Холодильники,8,21056.93,1
2024-07-02,215,64511,Холодильники,3,18829.05,0
2024-07-02,215,64512,Холодильники,5,35709.13,0
2024-07-02,215,64513,Холодильники,4,35823.44,0
2024-07-02,215,64514,Холодильники,3,21367.86,0
2024-07-02,312,64500,Ноутбуки,5,35158.5,0
2024-07-02,312,64501,Ноутбуки,5,26380.22,0
2024-07-02,312,64502,Ноутбуки,14,20111.36,0
2024-07-02,312,64503,Ноутбуки,7,25362.83,0
2024-07-02,312,64504,Ноутбуки,3,41354.2,0
2024-07-02,312,64505,Смартфони,10,29385.02,0
2024-07-02,312,64506,Смартфони,14,9354.13,0
2024-07-02,312,64507,Смартфони,12,14397.39,0
2024-07-02,312,64508,Смартфони,11,17416.05,0
2024-07-02,312,64509,Смартфони,30,32856.95,0
2024-07-02,312,64510,Холодильники,4,23642.35,0
2024-07-02,312,64511,Холодильники,4,18283.2,0
2024-07-02,312,64512,Холодильники,1,35787.44,0
2024-07-02,312,64513,Холодильники,2,35726.52,0
2024-07-02,312,64514,Холодильники,1,20860.17,0
2024-07-03,215,64500,Ноутбуки,3,34647.64,0
2024-07-03,215,64501,Ноутбуки,9,24976.5,0
2024-07-03,215,64502,Ноутбуки,13,20843.91,0
2024-07-03,215,64503,Ноутбуки,8,25469.88,0
2024-07-03,215,64504,Ноутбуки,10,39499.64,0
2024-07-03,215,64505,Смартфони,11,29998.99,0
2024-07-03,215,64506,Смартфони,15,9091.29,0
2024-07-03,215,64507,Смартфони,19,14226.77,0
2024-07-03,215,64508,Смартфони,15,17120.38,0
2024-07-03,215,64509,Смартфони,39,29338.06,1
2024-07-03,215,64510,Холодильники,1,23447.0,0
2024-07-03,215,64511,Холодильники,6,19126.72,0
2024-07-03,215,64512,Холодильники,2,33812.4,0
2024-07-03,215,64513,Холодильники,0,37450.23,0
2024-07-03,215,64514,Холодильники,1,21613.4,0
2024-07-03,312,64500,Ноутбуки,2,35801.31,0
2024-07-03,312,64501,Ноутбуки,3,25299.08,0
2024-07-03,312,64502,Ноутбуки,3,20377.88,0
2024-07-03,312,64503,Ноутбуки,5,25960.49,0
2024-07-03,312,64504,Ноутбуки,3,40202.1,0
2024-07-03,312,64505,Смартфони,7,28363.36,0
2024-07-03,312,64506,Смартфони,11,9139.85,0
2024-07-03,312,64507,Смартфони,19,14034.37,0
2024-07-03,312,64508,Смартфони,10,16152.82,0
2024-07-03,312,64509,Смартфони,20,33952.76,0
2024-07-03,312,64510,Холодильники,4,24314.66,0
2024-07-03,312,64511,Холодильники,4,20001.47,0
2024-07-03,312,64512,Холодильники,0,34177.75,0
2024-07-03,312,64513,Холодильники,1,36663.74,0
2024-07-03,312,64514,Холодильники,0,23032.09,0
2024-07-04,215,64500,Ноутбуки,3,30338.22,1
2024-07-04,215,64501,Ноутбуки,4,26028.38,0
2024-07-04,215,64502,Ноутбуки,18,21306.65,0
2024-07-04,215,64503,Ноутбуки,10,26040.13,0
2024-07-04,215,64504,Ноутбуки,12,40510.29,0
2024-07-04,215,64505,Смартфони,19,29052.71,0
2024-07-04,215,64506,Смартфони,29,9346.0,0
2024-07-04,215,64507,Смартфони,24,13798.83,0
2024-07-04,215,64508,Смартфони,15,15711.14,0
2024-07-04,215,64509,Смартфони,17,33551.12,0
2024-07-04,215,64510,Холодильники,3,24090.93,0
2024-07-04,215,64511,Холодильники,6,19250.72,0
2024-07-04,215,64512,Холодильники,3,36082.09,0
2024-07-04,215,64513,Холодильники,3,35196.89,0
2024-07-04,215,64514,Холодильники,5,21067.96,1
2024-07-04,312,64500,Ноутбуки,1,34809.27,0
2024-07-04,312,64501,Ноутбуки,0,25006.9,0
2024-07-04,312,64502,Ноутбуки,6,20853.01,0
2024-07-04,312,64503,Ноутбуки,5,25162.12,0
2024-07-04,312,64504,Ноутбуки,4,40459.49,0
2024-07-04,312,64505,Смартфони,5,31006.39,0
2024-07-04,312,64506,Смартфони,37,8229.63,1
2024-07-04,312,64507,Смартфони,22,14529.84,0
2024-07-04,312,64508,Смартфони,4,16008.1,0
2024-07-04,312,64509,Смартфони,18,34225.9,0
2024-07-04,312,64510,Холодильники,5,25534.98,0
2024-07-04,312,64511,Холодильники,2,18611.88,0
2024-07-04,312,64512,Холодильники,0,36538.39,0
2024-07-04,312,64513,Холодильники,1,34382.28,0
2024-07-04,312,64514,Холодильники,3,21074.23,0
2024-07-05,215,64500,Ноутбуки,4,34579.11,0
2024-07-05,215,64501,Ноутбуки,3,24995.63,0
2024-07-05,215,64502,Ноутбуки,19,21319.35,0
2024-07-05,215,64503,Ноутбуки,10,25852.91,0
2024-07-05,215,64504,Ноутбуки,20,37737.1,1
2024-07-05,215,64505,Смартфони,12,28577.84,0
2024-07-05,215,64506,Смартфони,31,9645.32,0
2024-07-05,215,64507,Смартфони,29,14390.51,0
2024-07-05,215,64508,Смартфони,25,16524.21,0
2024-07-05,215,64509,Смартфони,37,33599.97,0
2024-07-05,215,64510,Холодильники,7,24091.85,0
2024-07-05,215,64511,Холодильники,6,19182.89,0
2024-07-05,215,64512,Холодильники,1,34797.98,0
2024-07-05,215,64513,Холодильники,2,35414.55,0
2024-07-05,215,64514,Холодильники,2,21614.67,0
2024-07-05,312,64500,Ноутбуки,5,33892.88,0
2024-07-05,312,64501,Ноутбуки,2,24134.45,0
2024-07-05,312,64502,Ноутбуки,6,21255.82,0
2024-07-05,312,64503,Ноутбуки,7,27754.35,0
2024-07-05,312,64504,Ноутбуки,6,40023.84,0
2024-07-05,312,64505,Смартфони,19,25114.96,1
2024-07-05,312,64506,Смартфони,17,9179.45,0
2024-07-05,312,64507,Смартфони,18,14739.84,0
2024-07-05,312,64508,Смартфони,15,16279.23,0
2024-07-05,312,64509,Смартфони,22,32833.24,0
2024-07-05,312,64510,Холодильники,3,24397.82,0
2024-07-05,312,64511,Холодильники,3,19344.11,0
2024-07-05,312,64512,Холодильники,1,36791.29,0
2024-07-05,312,64513,Холодильники,1,35917.08,0
2024-07-05,312,64514,Холодильники,3,22053.94,0
2024-07-06,215,64500,Ноутбуки,6,35269.09,0
2024-07-06,215,64501,Ноутбуки,8,27087.64,0
2024-07-06,215,64502,Ноутбуки,11,21949.64,0
2024-07-06,215,64503,Ноутбуки,12,24997.3,0
2024-07-06,215,64504,Ноутбуки,19,36828.76,1
2024-07-06,215,64505,Смартфони,28,29410.03,0
2024-07-06,215,64506,Смартфони,33,9615.67,0
2024-07-06,215,64507,Смартфони,37,14628.72,0
2024-07-06,215,64508,Смартфони,15,16592.16,0
2024-07-06,215,64509,Смартфони,38,33427.76,0
2024-07-06,215,64510,Холодильники,4,21608.22,1
2024-07-06,215,64511,Холодильники,4,19978.92,0
2024-07-06,215,64512,Холодильники,6,32402.32,0
2024-07-06,215,64513,Холодильники,2,37174.53,0
2024-07-06,215,64514,Холодильники,4,22575.88,0
2024-07-06,312,64500,Ноутбуки,3,34058.59,0
2024-07-06,312,64501,Ноутбуки,7,25547.55,0
2024-07-06,312,64502,Ноутбуки,10,21087.93,0
2024-07-06,312,64503,Ноутбуки,8,26433.96,0
2024-07-06,312,64504,Ноутбуки,5,41272.82,0
2024-07-06,312,64505,Смартфони,15,29141.11,0
2024-07-06,312,64506,Смартфони,19,8973.25,0
2024-07-06,312,64507,Смартфони,25,14351.0,0
2024-07-06,312,64508,Смартфони,12,16872.79,0
2024-07-06,312,64509,Смартфони,16,33643.73,0
2024-07-06,312,64510,Холодильники,6,23811.6,0
2024-07-06,312,64511,Холодильники,2,18124.98,0
2024-07-06,312,64512,Холодильники,2,34652.04,0
2024-07-06,312,64513,Холодильники,2,34916.95,0
2024-07-06,312,64514,Холодильники,3,22130.76,0
2024-07-07,215,64500,Ноутбуки,3,35721.26,0
2024-07-07,215,64501,Ноутбуки,2,26764.45,0
2024-07-07,215,64502,Ноутбуки,8,20800.38,0
2024-07-07,215,64503,Ноутбуки,13,25753.15,0
2024-07-07,215,64504,Ноутбуки,11,38702.76,0
2024-07-07,215,64505,Смартфони,25,30630.67,0
2024-07-07,215,64506,Смартфони,22,9525.04,0
2024-07-07,215,64507,Смартфони,20,14163.25,0
2024-07-07,215,64508,Смартфони,16,17049.86,0
2024-07-07,215,64509,Смартфони,58,30380.82,1
2024-07-07,215,64510,Холодильники,5,23880.24,0
2024-07-07,215,64511,Холодильники,6,19033.16,0
2024-07-07,215,64512,Холодильники,3,34452.49,0
2024-07-07,215,64513,Холодильники,3,36890.87,0
2024-07-07,215,64514,Холодильники,2,21830.47,0
2024-07-07,312,64500,Ноутбуки,3,34816.1,0
2024-07-07,312,64501,Ноутбуки,4,26626.4,0
2024-07-07,312,64502,Ноутбуки,7,20881.19,0
2024-07-07,312,64503,Ноутбуки,4,24899.19,0
2024-07-07,312,64504,Ноутбуки,2,41184.82,0
2024-07-07,312,64505,Смартфони,10,29821.23,0
2024-07-07,312,64506,Смартфони,18,8969.09,0
2024-07-07,312,64507,Смартфони,17,14136.33,0
2024-07-07,312,64508,Смартфони,10,16842.86,0
2024-07-07,312,64509,Смартфони,26,34206.58,0
2024-07-07,312,64510,Холодильники,6,23989.38,0
2024-07-07,312,64511,Холодильники,6,16774.41,1
2024-07-07,312,64512,Холодильники,5,34271.86,0
2024-07-07,312,64513,Холодильники,2,37290.28,0
2024-07-07,312,64514,Холодильники,4,19218.29,1
2024-07-08,215,64500,Ноутбуки,3,34759.84,0
2024-07-08,215,64501,Ноутбуки,5,25063.78,0
2024-07-08,215,64502,Ноутбуки,7,22449.93,0
2024-07-08,215,64503,Ноутбуки,8,25866.05,0
2024-07-08,215,64504,Ноутбуки,4,41932.85,0
2024-07-08,215,64505,Смартфони,21,29209.05,0
2024-07-08,215,64506,Смартфони,20,9288.81,0
2024-07-08,215,64507,Смартфони,21,13581.86,0
2024-07-08,215,64508,Смартфони,20,16410.91,0
2024-07-08,215,64509,Смартфони,21,34421.2,0
2024-07-08,215,64510,Холодильники,4,23649.53,0
2024-07-08,215,64511,Холодильники,8,17545.6,0
2024-07-08,215,64512,Холодильники,7,36743.08,0
2024-07-08,215,64513,Холодильники,3,35123.13,0
2024-07-08,215,64514,Холодильники,2,21699.17,0
2024-07-08,312,64500,Ноутбуки,5,36274.4,0
2024-07-08,312,64501,Ноутбуки,5,26207.42,0
2024-07-08,312,64502,Ноутбуки,8,20973.48,0
2024-07-08,312,64503,Ноутбуки,5,26286.25,0
2024-07-08,312,64504,Ноутбуки,8,40025.99,0
2024-07-08,312,64505,Смартфони,18,29820.43,0
2024-07-08,312,64506,Смартфони,11,9284.52,0
2024-07-08,312,64507,Смартфони,13,13684.04,0
2024-07-08,312,64508,Смартфони,10,15908.43,0
2024-07-08,312,64509,Смартфони,11,33547.03,0
2024-07-08,312,64510,Холодильники,1,23711.13,0
2024-07-08,312,64511,Холодильники,2,18702.53,0
2024-07-08,312,64512,Холодильники,1,36142.81,0
2024-07-08,312,64513,Холодильники,3,37290.76,0
2024-07-08,312,64514,Холодильники,0,22499.93,0
2024-07-09,215,64500,Ноутбуки,4,36126.88,0
2024-07-09,215,64501,Ноутбуки,7,25851.58,0
2024-07-09,215,64502,Ноутбуки,13,21435.47,0
2024-07-09,215,64503,Ноутбуки,11,26413.4,0
2024-07-09,215,64504,Ноутбуки,6,39980.49,0
2024-07-09,215,64505,Смартфони,10,30397.81,0
2024-07-09,215,64506,Смартфони,29,9465.07,0
2024-07-09,215,64507,Смартфони,33,14870.12,0
2024-07-09,215,64508,Смартфони,10,16019.9,0
2024-07-09,215,64509,Смартфони,20,32443.85,0
2024-07-09,215,64510,Холодильники,2,23861.33,0
2024-07-09,215,64511,Холодильники,8,19352.65,0
2024-07-09,215,64512,Холодильники,2,34649.78,0
2024-07-09,215,64513,Холодильники,3,36274.0,0
2024-07-09,215,64514,Холодильники,1,22626.09,0
2024-07-09,312,64500,Ноутбуки,2,35398.51,0
2024-07-09,312,64501,Ноутбуки,7,24227.12,0
2024-07-09,312,64502,Ноутбуки,5,21347.73,0
2024-07-09,312,64503,Ноутбуки,5,26171.98,0
2024-07-09,312,64504,Ноутбуки,4,40264.61,0
2024-07-09,312,64505,Смартфони,12,29485.47,0
2024-07-09,312,64506,Смартфони,12,9207.55,0
2024-07-09,312,64507,Смартфони,21,14420.65,0
2024-07-09,312,64508,Смартфони,9,16332.72,0
2024-07-09,312,64509,Смартфони,11,33151.3,0
2024-07-09,312,64510,Холодильники,2,25187.77,0
2024-07-09,312,64511,Холодильники,4,18957.64,0
2024-07-09,312,64512,Холодильники,3,33875.9,0
2024-07-09,312,64513,Холодильники,3,36829.28,0
2024-07-09,312,64514,Холодильники,0,21299.62,0
2024-07-10,215,64500,Ноутбуки,5,33488.17,0
2024-07-10,215,64501,Ноутбуки,9,25399.55,0
2024-07-10,215,64502,Ноутбуки,9,20718.17,0
2024-07-10,215,64503,Ноутбуки,9,25270.24,0
2024-07-10,215,64504,Ноутбуки,6,38728.53,0
2024-07-10,215,64505,Смартфони,6,29792.62,0
2024-07-10,215,64506,Смартфони,17,9042.49,0
2024-07-10,215,64507,Смартфони,28,14524.8,0
2024-07-10,215,64508,Смартфони,15,15703.76,0
2024-07-10,215,64509,Смартфони,24,35169.41,0
2024-07-10,215,64510,Холодильники,5,25840.15,0
2024-07-10,215,64511,Холодильники,2,19772.03,0
2024-07-10,215,64512,Холодильники,4,35102.39,0
2024-07-10,215,64513,Холодильники,0,36163.92,0
2024-07-10,215,64514,Холодильники,3,23200.45,0
2024-07-10,312,64500,Ноутбуки,3,33775.58,0
2024-07-10,312,64501,Ноутбуки,4,27502.47,0
2024-07-10,312,64502,Ноутбуки,8,21042.25,0
2024-07-10,312,64503,Ноутбуки,3,24007.33,0
2024-07-10,312,64504,Ноутбуки,1,42202.96,0
2024-07-10,312,64505,Смартфони,6,29287.08,0
2024-07-10,312,64506,Смартфони,8,9153.58,0
2024-07-10,312,64507,Смартфони,14,14159.09,0
2024-07-10,312,64508,Смартфони,12,15891.39,0
2024-07-10,312,64509,Смартфони,26,35492.24,0
2024-07-10,312,64510,Холодильники,4,23959.7,0
2024-07-10,312,64511,Холодильники,2,19679.02,0
2024-07-10,312,64512,Холодильники,3,33714.81,0
2024-07-10,312,64513,Холодильники,1,34920.09,0
2024-07-10,312,64514,Холодильники,0,22425.7,0
2024-07-11,215,64500,Ноутбуки,6,32991.13,0
2024-07-11,215,64501,Ноутбуки,5,25082.84,0
2024-07-11,215,64502,Ноутбуки,11,20339.04,0
2024-07-11,215,64503,Ноутбуки,9,26656.46,0
2024-07-11,215,64504,Ноутбуки,6,41205.14,0
2024-07-11,215,64505,Смартфони,21,30238.46,0
2024-07-11,215,64506,Смартфони,24,9382.9,0
2024-07-11,215,64507,Смартфони,25,14004.89,0
2024-07-11,215,64508,Смартфони,18,17158.29,0
2024-07-11,215,64509,Смартфони,25,33213.92,0
2024-07-11,215,64510,Холодильники,4,23971.28,0
2024-07-11,215,64511,Холодильники,3,18643.03,0
2024-07-11,215,64512,Холодильники,1,34872.81,0
2024-07-11,215,64513,Холодильники,5,36881.82,0
2024-07-11,215,64514,Холодильники,3,21771.46,0
2024-07-11,312,64500,Ноутбуки,1,35700.22,0
2024-07-11,312,64501,Ноутбуки,3,25580.78,0
2024-07-11,312,64502,Ноутбуки,5,21213.69,0
2024-07-11,312,64503,Ноутбуки,5,25575.36,0
2024-07-11,312,64504,Ноутбуки,11,34258.06,1
2024-07-11,312,64505,Смартфони,16,28536.74,0
2024-07-11,312,64506,Смартфони,18,9032.72,0
2024-07-11,312,64507,Смартфони,23,14996.91,0
2024-07-11,312,64508,Смартфони,13,15353.5,0
2024-07-11,312,64509,Смартфони,30,34391.33,0
2024-07-11,312,64510,Холодильники,1,22260.62,1
2024-07-11,312,64511,Холодильники,5,20342.73,0
2024-07-11,312,64512,Холодильники,0,34053.69,0
2024-07-11,312,64513,Холодильники,2,32163.95,1
2024-07-11,312,64514,Холодильники,1,21814.17,0
2024-07-12,215,64500,Ноутбуки,8,34432.62,0
2024-07-12,215,64501,Ноутбуки,4,25386.59,0
2024-07-12,215,64502,Ноутбуки,14,18843.0,1
2024-07-12,215,64503,Ноутбуки,8,25704.63,0
2024-07-12,215,64504,Ноутбуки,3,41803.25,0
2024-07-12,215,64505,Смартфони,25,27435.63,1
2024-07-12,215,64506,Смартфони,19,9591.69,0
2024-07-12,215,64507,Смартфони,20,13917.55,0
2024-07-12,215,64508,Смартфони,15,17344.94,0
2024-07-12,215,64509,Смартфони,30,33297.32,0
2024-07-12,215,64510,Холодильники,2,25415.65,0
2024-07-12,215,64511,Холодильники,4,20181.01,0
2024-07-12,215,64512,Холодильники,5,35082.08,0
2024-07-12,215,64513,Холодильники,2,35115.64,0
2024-07-12,215,64514,Холодильники,0,22371.52,0
2024-07-12,312,64500,Ноутбуки,4,33118.83,0
2024-07-12,312,64501,Ноутбуки,2,25494.33,0
2024-07-12,312,64502,Ноутбуки,6,21458.69,0
2024-07-12,312,64503,Ноутбуки,2,27140.73,0
2024-07-12,312,64504,Ноутбуки,8,41479.43,0
2024-07-12,312,64505,Смартфони,19,25770.52,1
2024-07-12,312,64506,Смартфони,47,8165.49,1
2024-07-12,312,64507,Смартфони,30,12536.31,1
2024-07-12,312,64508,Смартфони,7,17172.9,0
2024-07-12,312,64509,Смартфони,24,33730.74,0
2024-07-12,312,64510,Холодильники,4,23654.29,1
2024-07-12,312,64511,Холодильники,4,19644.57,0
2024-07-12,312,64512,Холодильники,4,35681.51,0
2024-07-12,312,64513,Холодильники,2,34203.87,0
2024-07-12,312,64514,Холодильники,1,19933.79,1
2024-07-13,215,64500,Ноутбуки,9,36441.72,0
2024-07-13,215,64501,Ноутбуки,7,26820.56,0
2024-07-13,215,64502,Ноутбуки,16,20831.09,0
2024-07-13,215,64503,Ноутбуки,13,26754.45,0
2024-07-13,215,64504,Ноутбуки,12,37041.98,0
2024-07-13,215,64505,Смартфони,15,28832.87,0
2024-07-13,215,64506,Смартфони,28,9436.8,0
2024-07-13,215,64507,Смартфони,30,14009.16,0
2024-07-13,215,64508,Смартфони,17,16200.95,0
2024-07-13,215,64509,Смартфони,34,32925.22,0
2024-07-13,215,64510,Холодильники,4,24870.28,0
2024-07-13,215,64511,Холодильники,3,18322.39,0
2024-07-13,215,64512,Холодильники,3,35923.0,0
2024-07-13,215,64513,Холодильники,6,35983.62,0
2024-07-13,215,64514,Холодильники,3,20510.83,1
2024-07-13,312,64500,Ноутбуки,6,34517.65,0
2024-07-13,312,64501,Ноутбуки,2,23762.21,0
2024-07-13,312,64502,Ноутбуки,15,21814.93,0
2024-07-13,312,64503,Ноутбуки,8,24071.88,0
2024-07-13,312,64504,Ноутбуки,6,38630.95,0
2024-07-13,312,64505,Смартфони,10,29690.68,0
2024-07-13,312,64506,Смартфони,21,9389.49,0
2024-07-13,312,64507,Смартфони,27,14492.73,0
2024-07-13,312,64508,Смартфони,18,17295.55,0
2024-07-13,312,64509,Смартфони,22,33779.25,0
2024-07-13,312,64510,Холодильники,3,24493.39,0
2024-07-13,312,64511,Холодильники,8,19107.02,0
2024-07-13,312,64512,Холодильники,3,34759.9,0
2024-07-13,312,64513,Холодильники,6,35692.94,0
2024-07-13,312,64514,Холодильники,2,21234.99,0
2024-07-14,215,64500,Ноутбуки,10,36122.14,0
2024-07-14,215,64501,Ноутбуки,4,25826.74,0
2024-07-14,215,64502,Ноутбуки,15,18746.34,1
2024-07-14,215,64503,Ноутбуки,10,26229.56,0
2024-07-14,215,64504,Ноутбуки,4,39528.83,0
2024-07-14,215,64505,Смартфони,17,30031.3,0
2024-07-14,215,64506,Смартфони,25,9134.13,0
2024-07-14,215,64507,Смартфони,35,13435.39,0
2024-07-14,215,64508,Смартфони,33,14383.75,1
2024-07-14,215,64509,Смартфони,32,35597.92,0
2024-07-14,215,64510,Холодильники,3,23851.44,0
2024-07-14,215,64511,Холодильники,5,18982.32,0
2024-07-14,215,64512,Холодильники,2,35341.88,0
2024-07-14,215,64513,Холодильники,2,37066.84,0
2024-07-14,215,64514,Холодильники,2,20916.89,0
2024-07-14,312,64500,Ноутбуки,9,35462.01,0
2024-07-14,312,64501,Ноутбуки,4,26189.28,0
2024-07-14,312,64502,Ноутбуки,3,20861.98,0
2024-07-14,312,64503,Ноутбуки,6,23616.6,0
2024-07-14,312,64504,Ноутбуки,6,40325.77,0
2024-07-14,312,64505,Смартфони,9,28519.69,0
2024-07-14,312,64506,Смартфони,36,8224.27,1
2024-07-14,312,64507,Смартфони,17,13920.65,0
2024-07-14,312,64508,Смартфони,12,15927.89,0
2024-07-14,312,64509,Смартфони,24,34142.74,0
2024-07-14,312,64510,Холодильники,2,23218.43,0
2024-07-14,312,64511,Холодильники,4,18397.88,0
2024-07-14,312,64512,Холодильники,0,35959.79,0
2024-07-14,312,64513,Холодильники,1,35647.08,0
2024-07-14,312,64514,Холодильники,7,19545.58,1
2024-07-15,215,64500,Ноутбуки,2,34675.82,0
2024-07-15,215,64501,Ноутбуки,2,24822.79,0
2024-07-15,215,64502,Ноутбуки,8,20303.09,0
2024-07-15,215,64503,Ноутбуки,11,25577.52,0
2024-07-15,215,64504,Ноутбуки,9,38777.61,0
2024-07-15,215,64505,Смартфони,25,28367.55,1
2024-07-15,215,64506,Смартфони,40,8417.61,1
2024-07-15,215,64507,Смартфони,22,13939.36,0
2024-07-15,215,64508,Смартфони,13,16984.51,0
2024-07-15,215,64509,Смартфони,30,33000.9,0
2024-07-15,215,64510,Холодильники,3,24841.92,0
2024-07-15,215,64511,Холодильники,4,19564.23,0
2024-07-15,215,64512,Холодильники,4,30652.77,1
2024-07-15,215,64513,Холодильники,2,35076.17,0
2024-07-15,215,64514,Холодильники,3,21750.52,0
2024-07-15,312,64500,Ноутбуки,6,34344.12,0
2024-07-15,312,64501,Ноутбуки,1,25872.56,0
2024-07-15,312,64502,Ноутбуки,8,21310.73,0
2024-07-15,312,64503,Ноутбуки,1,26830.24,0
2024-07-15,312,64504,Ноутбуки,4,40307.92,0
2024-07-15,312,64505,Смартфони,9,29250.32,0
2024-07-15,312,64506,Смартфони,21,9385.71,0
2024-07-15,312,64507,Смартфони,19,14289.82,0
2024-07-15,312,64508,Смартфони,16,16757.43,0
2024-07-15,312,64509,Смартфони,35,30636.39,1
2024-07-15,312,64510,Холодильники,3,24170.15,0
2024-07-15,312,64511,Холодильники,6,19324.63,0
2024-07-15,312,64512,Холодильники,4,36162.39,0
2024-07-15,312,64513,Холодильники,1,35479.4,0
2024-07-15,312,64514,Холодильники,2,19620.18,1
2024-07-16,215,64500,Ноутбуки,8,29522.09,1
2024-07-16,215,64501,Ноутбуки,5,25303.16,0
2024-07-16,215,64502,Ноутбуки,15,18436.96,1
2024-07-16,215,64503,Ноутбуки,6,26549.33,0
2024-07-16,215,64504,Ноутбуки,10,39536.93,0
2024-07-16,215,64505,Смартфони,10,29932.3,0
2024-07-16,215,64506,Смартфони,18,9208.42,0
2024-07-16,215,64507,Смартфони,22,13808.17,0
2024-07-16,215,64508,Смартфони,17,16323.86,0
2024-07-16,215,64509,Смартфони,26,32758.41,0
2024-07-16,215,64510,Холодильники,3,22521.09,0
2024-07-16,215,64511,Холодильники,6,19371.85,0
2024-07-16,215,64512,Холодильники,3,36584.61,0
2024-07-16,215,64513,Холодильники,1,35618.11,0
2024-07-16,215,64514,Холодильники,3,22677.0,0
2024-07-16,312,64500,Ноутбуки,0,33225.82,0
2024-07-16,312,64501,Ноутбуки,4,25957.04,0
2024-07-16,312,64502,Ноутбуки,5,21302.64,0
2024-07-16,312,64503,Ноутбуки,2,25079.3,0
2024-07-16,312,64504,Ноутбуки,3,41133.25,0
2024-07-16,312,64505,Смартфони,8,30302.77,0
2024-07-16,312,64506,Смартфони,18,8856.17,0
2024-07-16,312,64507,Смартфони,28,14553.57,0
2024-07-16,312,64508,Смартфони,10,16367.09,0
2024-07-16,312,64509,Смартфони,19,33019.82,0
2024-07-16,312,64510,Холодильники,5,24107.28,0
2024-07-16,312,64511,Холодильники,1,19510.95,0
2024-07-16,312,64512,Холодильники,2,35664.96,0
2024-07-16,312,64513,Холодильники,1,35539.14,0
2024-07-16,312,64514,Холодильники,1,21427.03,0
2024-07-17,215,64500,Ноутбуки,3,34858.0,0
2024-07-17,215,64501,Ноутбуки,4,24671.59,0
2024-07-17,215,64502,Ноутбуки,7,22175.53,0
2024-07-17,215,64503,Ноутбуки,6,25650.05,0
2024-07-17,215,64504,Ноутбуки,2,40135.79,0
2024-07-17,215,64505,Смартфони,15,28230.06,0
2024-07-17,215,64506,Смартфони,23,9073.14,0
2024-07-17,215,64507,Смартфони,34,14381.77,0
2024-07-17,215,64508,Смартфони,10,15997.73,0
2024-07-17,215,64509,Смартфони,28,35247.03,0
2024-07-17,215,64510,Холодильники,8,23744.38,0
2024-07-17,215,64511,Холодильники,3,19144.35,0
2024-07-17,215,64512,Холодильники,1,33348.84,0
2024-07-17,215,64513,Холодильники,3,37334.54,0
2024-07-17,215,64514,Холодильники,4,22364.32,0
2024-07-17,312,64500,Ноутбуки,5,38098.39,0
2024-07-17,312,64501,Ноутбуки,5,24682.35,0
2024-07-17,312,64502,Ноутбуки,6,20565.62,0
2024-07-17,312,64503,Ноутбуки,1,24733.89,0
2024-07-17,312,64504,Ноутбуки,5,39335.04,0
2024-07-17,312,64505,Смартфони,9,30214.0,0
2024-07-17,312,64506,Смартфони,15,9530.35,0
2024-07-17,312,64507,Смартфони,25,14106.96,0
2024-07-17,312,64508,Смартфони,15,16367.92,0
2024-07-17,312,64509,Смартфони,20,32988.85,0
2024-07-17,312,64510,Холодильники,1,25164.4,0
2024-07-17,312,64511,Холодильники,1,18354.0,0
2024-07-17,312,64512,Холодильники,3,35856.33,0
2024-07-17,312,64513,Холодильники,0,36850.66,0
2024-07-17,312,64514,Холодильники,1,21383.35,0
2024-07-18,215,64500,Ноутбуки,6,33457.66,0
2024-07-18,215,64501,Ноутбуки,9,25286.93,0
2024-07-18,215,64502,Ноутбуки,11,20501.63,0
2024-07-18,215,64503,Ноутбуки,11,26248.57,0
2024-07-18,215,64504,Ноутбуки,5,41570.92,0
2024-07-18,215,64505,Смартфони,11,28339.76,0
2024-07-18,215,64506,Смартфони,20,9173.6,0
2024-07-18,215,64507,Смартфони,22,14462.25,0
2024-07-18,215,64508,Смартфони,19,16700.96,0
2024-07-18,215,64509,Смартфони,25,34566.39,0
2024-07-18,215,64510,Холодильники,2,24612.45,0
2024-07-18,215,64511,Холодильники,5,19664.88,0
2024-07-18,215,64512,Холодильники,3,35752.11,0
2024-07-18,215,64513,Холодильники,2,36633.18,0
2024-07-18,215,64514,Холодильники,2,21560.97,0
2024-07-18,312,64500,Ноутбуки,2,34940.88,0
2024-07-18,312,64501,Ноутбуки,8,25587.68,0
2024-07-18,312,64502,Ноутбуки,6,20644.42,0
2024-07-18,312,64503,Ноутбуки,9,25632.66,0
2024-07-18,312,64504,Ноутбуки,10,41829.13,0
2024-07-18,312,64505,Смартфони,13,30098.08,0
2024-07-18,312,64506,Смартфони,7,9133.97,0
2024-07-18,312,64507,Смартфони,21,14643.33,0
2024-07-18,312,64508,Смартфони,11,16363.65,0
2024-07-18,312,64509,Смартфони,17,34937.57,0
2024-07-18,312,64510,Холодильники,2,23943.4,0
2024-07-18,312,64511,Холодильники,1,19371.87,0
2024-07-18,312,64512,Холодильники,3,33133.12,0
2024-07-18,312,64513,Холодильники,2,30691.76,1
2024-07-18,312,64514,Холодильники,0,22664.98,0
2024-07-19,215,64500,Ноутбуки,6,34758.8,0
2024-07-19,215,64501,Ноутбуки,9,25734.59,0
2024-07-19,215,64502,Ноутбуки,10,20818.16,0
2024-07-19,215,64503,Ноутбуки,11,25313.52,0
2024-07-19,215,64504,Ноутбуки,7,39493.38,0
2024-07-19,215,64505,Смартфони,13,28481.3,0
2024-07-19,215,64506,Смартфони,22,9643.51,0
2024-07-19,215,64507,Смартфони,32,14424.84,0
2024-07-19,215,64508,Смартфони,19,16395.27,0
2024-07-19,215,64509,Смартфони,31,33782.8,0
2024-07-19,215,64510,Холодильники,2,23514.34,0
2024-07-19,215,64511,Холодильники,8,19140.35,0
2024-07-19,215,64512,Холодильники,5,34805.63,0
2024-07-19,215,64513,Холодильники,2,35525.85,0
2024-07-19,215,64514,Холодильники,6,21412.57,0
2024-07-19,312,64500,Ноутбуки,2,34087.56,0
2024-07-19,312,64501,Ноутбуки,12,27089.28,0
2024-07-19,312,64502,Ноутбуки,4,21627.17,0
2024-07-19,312,64503,Ноутбуки,10,25556.41,0
2024-07-19,312,64504,Ноутбуки,8,40835.99,0
2024-07-19,312,64505,Смартфони,21,28062.85,0
2024-07-19,312,64506,Смартфони,25,9515.11,0
2024-07-19,312,64507,Смартфони,17,13991.0,0
2024-07-19,312,64508,Смартфони,12,15053.86,0
2024-07-19,312,64509,Смартфони,41,30042.35,1
2024-07-19,312,64510,Холодильники,4,24197.95,0
2024-07-19,312,64511,Холодильники,3,19724.91,0
2024-07-19,312,64512,Холодильники,2,34475.66,0
2024-07-19,312,64513,Холодильники,1,36024.28,0
2024-07-19,312,64514,Холодильники,2,19488.23,1
2024-07-20,215,64500,Ноутбуки,4,34096.35,0
2024-07-20,215,64501,Ноутбуки,5,25235.69,0
2024-07-20,215,64502,Ноутбуки,16,20896.16,0
2024-07-20,215,64503,Ноутбуки,11,25406.13,0
2024-07-20,215,64504,Ноутбуки,15,36355.68,1
2024-07-20,215,64505,Смартфони,14,27800.4,0
2024-07-20,215,64506,Смартфони,21,9897.61,0
2024-07-20,215,64507,Смартфони,38,14101.82,0
2024-07-20,215,64508,Смартфони,22,17158.01,0
2024-07-20,215,64509,Смартфони,28,34328.86,0
2024-07-20,215,64510,Холодильники,4,23511.04,0
2024-07-20,215,64511,Холодильники,3,20156.33,0
2024-07-20,215,64512,Холодильники,3,34533.38,0
2024-07-20,215,64513,Холодильники,3,35109.15,0
2024-07-20,215,64514,Холодильники,4,23670.02,0
2024-07-20,312,64500,Ноутбуки,7,35158.38,0
2024-07-20,312,64501,Ноутбуки,7,25948.85,0
2024-07-20,312,64502,Ноутбуки,8,19721.84,0
2024-07-20,312,64503,Ноутбуки,7,26360.96,0
2024-07-20,312,64504,Ноутбуки,4,39734.73,0
2024-07-20,312,64505,Смартфони,21,29714.71,0
2024-07-20,312,64506,Смартфони,23,9412.49,0
2024-07-20,312,64507,Смартфони,26,13624.36,0
2024-07-20,312,64508,Смартфони,18,16580.5,0
2024-07-20,312,64509,Смартфони,31,33045.61,0
2024-07-20,312,64510,Холодильники,3,25409.94,0
2024-07-20,312,64511,Холодильники,3,19686.47,0
2024-07-20,312,64512,Холодильники,0,36387.41,0
2024-07-20,312,64513,Холодильники,1,35474.37,0
2024-07-20,312,64514,Холодильники,5,22642.99,0
2024-07-21,215,64500,Ноутбуки,9,31977.81,1
2024-07-21,215,64501,Ноутбуки,5,25162.23,0
2024-07-21,215,64502,Ноутбуки,9,21668.25,0
2024-07-21,215,64503,Ноутбуки,7,26652.47,0
2024-07-21,215,64504,Ноутбуки,11,40021.54,0
2024-07-21,215,64505,Смартфони,15,29242.09,0
2024-07-21,215,64506,Смартфони,48,8668.47,1
2024-07-21,215,64507,Смартфони,32,14276.74,0
2024-07-21,215,64508,Смартфони,44,15153.41,1
2024-07-21,215,64509,Смартфони,37,33509.56,0
2024-07-21,215,64510,Холодильники,4,25347.32,0
2024-07-21,215,64511,Холодильники,2,17923.28,0
2024-07-21,215,64512,Холодильники,0,35223.55,0
2024-07-21,215,64513,Холодильники,3,37189.73,0
2024-07-21,215,64514,Холодильники,6,21588.41,0
2024-07-21,312,64500,Ноутбуки,7,35031.2,0
2024-07-21,312,64501,Ноутбуки,10,25544.29,0
2024-07-21,312,64502,Ноутбуки,11,21608.18,0
2024-07-21,312,64503,Ноутбуки,8,26086.15,0
2024-07-21,312,64504,Ноутбуки,10,38888.54,0
2024-07-21,312,64505,Смартфони,7,31020.85,0
2024-07-21,312,64506,Смартфони,17,9574.79,0
2024-07-21,312,64507,Смартфони,16,13967.69,0
2024-07-21,312,64508,Смартфони,13,16302.41,0
2024-07-21,312,64509,Смартфони,21,33717.69,0
2024-07-21,312,64510,Холодильники,5,24310.83,0
2024-07-21,312,64511,Холодильники,2,19131.76,0
2024-07-21,312,64512,Холодильники,0,34527.54,0
2024-07-21,312,64513,Холодильники,0,35427.29,0
2024-07-21,312,64514,Холодильники,3,21478.62,0
2024-07-22,215,64500,Ноутбуки,4,32865.56,0
2024-07-22,215,64501,Ноутбуки,3,27113.93,0
2024-07-22,215,64502,Ноутбуки,12,20727.45,0
2024-07-22,215,64503,Ноутбуки,8,26563.04,0
2024-07-22,215,64504,Ноутбуки,5,39840.92,0
2024-07-22,215,64505,Смартфони,10,30059.91,0
2024-07-22,215,64506,Смартфони,22,9439.18,0
2024-07-22,215,64507,Смартфони,27,13999.33,0
2024-07-22,215,64508,Смартфони,22,17219.11,0
2024-07-22,215,64509,Смартфони,25,33782.11,0
2024-07-22,215,64510,Холодильники,3,22932.56,0
2024-07-22,215,64511,Холодильники,7,19467.94,0
2024-07-22,215,64512,Холодильники,2,33039.78,0
2024-07-22,215,64513,Холодильники,2,36800.62,0
2024-07-22,215,64514,Холодильники,2,22064.61,0
2024-07-22,312,64500,Ноутбуки,1,34586.81,0
2024-07-22,312,64501,Ноутбуки,4,26475.71,0
2024-07-22,312,64502,Ноутбуки,5,20320.46,0
2024-07-22,312,64503,Ноутбуки,6,26445.78,0
2024-07-22,312,64504,Ноутбуки,4,39979.11,0
2024-07-22,312,64505,Смартфони,6,29988.89,0
2024-07-22,312,64506,Смартфони,15,9374.54,0
2024-07-22,312,64507,Смартфони,13,13937.22,0
2024-07-22,312,64508,Смартфони,7,16653.28,0
2024-07-22,312,64509,Смартфони,15,33454.69,0
2024-07-22,312,64510,Холодильники,1,24115.18,0
2024-07-22,312,64511,Холодильники,1,18988.11,0
2024-07-22,312,64512,Холодильники,2,33526.29,0
2024-07-22,312,64513,Холодильники,5,37315.74,0
2024-07-22,312,64514,Холодильники,3,21736.58,0
2024-07-23,215,64500,Ноутбуки,5,35930.79,0
2024-07-23,215,64501,Ноутбуки,3,25795.15,0
2024-07-23,215,64502,Ноутбуки,9,20615.6,0
2024-07-23,215,64503,Ноутбуки,7,25198.39,0
2024-07-23,215,64504,Ноутбуки,5,39891.9,0
2024-07-23,215,64505,Смартфони,13,29358.51,0
2024-07-23,215,64506,Смартфони,22,9221.8,0
2024-07-23,215,64507,Смартфони,24,14419.64,0
2024-07-23,215,64508,Смартфони,12,17275.44,0
2024-07-23,215,64509,Смартфони,31,34005.45,0
2024-07-23,215,64510,Холодильники,2,24812.16,0
2024-07-23,215,64511,Холодильники,7,19421.04,0
2024-07-23,215,64512,Холодильники,3,36629.04,0
2024-07-23,215,64513,Холодильники,2,35116.09,0
2024-07-23,215,64514,Холодильники,3,21598.55,0
2024-07-23,312,64500,Ноутбуки,2,32974.72,0
2024-07-23,312,64501,Ноутбуки,1,25802.13,0
2024-07-23,312,64502,Ноутбуки,6,21716.81,0
2024-07-23,312,64503,Ноутбуки,9,26029.68,0
2024-07-23,312,64504,Ноутбуки,8,40888.98,0
2024-07-23,312,64505,Смартфони,5,29676.76,0
2024-07-23,312,64506,Смартфони,26,8598.79,1
2024-07-23,312,64507,Смартфони,14,14209.38,0
2024-07-23,312,64508,Смартфони,11,16574.48,0
2024-07-23,312,64509,Смартфони,18,32217.99,0
2024-07-23,312,64510,Холодильники,2,24987.96,0
2024-07-23,312,64511,Холодильники,2,18518.76,0
2024-07-23,312,64512,Холодильники,2,36476.32,0
2024-07-23,312,64513,Холодильники,0,38394.82,0
2024-07-23,312,64514,Холодильники,0,22341.3,0
2024-07-24,215,64500,Ноутбуки,5,35182.74,0
2024-07-24,215,64501,Ноутбуки,4,25491.65,0
2024-07-24,215,64502,Ноутбуки,12,20831.44,0
2024-07-24,215,64503,Ноутбуки,8,26807.3,0
2024-07-24,215,64504,Ноутбуки,7,40328.87,0
2024-07-24,215,64505,Смартфони,16,28893.88,0
2024-07-24,215,64506,Смартфони,18,9612.05,0
2024-07-24,215,64507,Смартфони,24,13453.14,0
2024-07-24,215,64508,Смартфони,15,16771.24,0
2024-07-24,215,64509,Смартфони,24,33080.61,0
2024-07-24,215,64510,Холодильники,3,23520.11,0
2024-07-24,215,64511,Холодильники,6,19986.54,0
2024-07-24,215,64512,Холодильники,4,34776.31,0
2024-07-24,215,64513,Холодильники,2,37206.83,0
2024-07-24,215,64514,Холодильники,3,22072.47,0
2024-07-24,312,64500,Ноутбуки,1,33210.57,0
2024-07-24,312,64501,Ноутбуки,4,22490.98,1
2024-07-24,312,64502,Ноутбуки,5,21320.35,0
2024-07-24,312,64503,Ноутбуки,2,26410.46,0
2024-07-24,312,64504,Ноутбуки,4,41525.87,0
2024-07-24,312,64505,Смартфони,10,29835.43,0
2024-07-24,312,64506,Смартфони,13,9529.87,0
2024-07-24,312,64507,Смартфони,18,14124.24,0
2024-07-24,312,64508,Смартфони,9,15952.51,0
2024-07-24,312,64509,Смартфони,17,32503.84,0
2024-07-24,312,64510,Холодильники,3,21458.27,1
2024-07-24,312,64511,Холодильники,0,20552.48,0
2024-07-24,312,64512,Холодильники,1,35175.47,0
2024-07-24,312,64513,Холодильники,0,34753.26,0
2024-07-24,312,64514,Холодильники,0,21079.44,0
2024-07-25,215,64500,Ноутбуки,7,36179.17,0
2024-07-25,215,64501,Ноутбуки,5,26209.89,0
2024-07-25,215,64502,Ноутбуки,7,20410.39,0
2024-07-25,215,64503,Ноутбуки,6,26061.44,0
2024-07-25,215,64504,Ноутбуки,6,36959.43,0
2024-07-25,215,64505,Смартфони,14,29496.46,0
2024-07-25,215,64506,Смартфони,22,8789.96,0
2024-07-25,215,64507,Смартфони,24,13880.99,0
2024-07-25,215,64508,Смартфони,21,15872.23,0
2024-07-25,215,64509,Смартфони,21,35312.61,0
2024-07-25,215,64510,Холодильники,5,23027.78,0
2024-07-25,215,64511,Холодильники,2,19216.8,0
2024-07-25,215,64512,Холодильники,1,34209.69,0
2024-07-25,215,64513,Холодильники,3,36422.86,0
2024-07-25,215,64514,Холодильники,1,21490.98,0
2024-07-25,312,64500,Ноутбуки,1,33782.31,0
2024-07-25,312,64501,Ноутбуки,4,24495.79,0
2024-07-25,312,64502,Ноутбуки,7,20833.58,0
2024-07-25,312,64503,Ноутбуки,7,25709.91,0
2024-07-25,312,64504,Ноутбуки,5,43698.36,0
2024-07-25,312,64505,Смартфони,11,28919.12,0
2024-07-25,312,64506,Смартфони,21,9617.11,0
2024-07-25,312,64507,Смартфони,27,14106.75,0
2024-07-25,312,64508,Смартфони,11,16582.38,0
2024-07-25,312,64509,Смартфони,18,34444.47,0
2024-07-25,312,64510,Холодильники,4,24644.21,0
2024-07-25,312,64511,Холодильники,4,16325.32,1
2024-07-25,312,64512,Холодильники,2,35864.68,0
2024-07-25,312,64513,Холодильники,1,30980.69,1
2024-07-25,312,64514,Холодильники,3,21557.14,0
2024-07-26,215,64500,Ноутбуки,4,35838.63,0
2024-07-26,215,64501,Ноутбуки,3,25723.85,0
2024-07-26,215,64502,Ноутбуки,6,21384.72,0
2024-07-26,215,64503,Ноутбуки,13,22755.71,1
2024-07-26,215,64504,Ноутбуки,6,40106.25,0
2024-07-26,215,64505,Смартфони,28,26231.19,1
2024-07-26,215,64506,Смартфони,25,9362.72,0
2024-07-26,215,64507,Смартфони,24,14053.06,0
2024-07-26,215,64508,Смартфони,26,16563.64,0
2024-07-26,215,64509,Смартфони,32,32705.85,0
2024-07-26,215,64510,Холодильники,5,24629.05,0
2024-07-26,215,64511,Холодильники,8,18026.03,0
2024-07-26,215,64512,Холодильники,3,35909.41,0
2024-07-26,215,64513,Холодильники,2,36797.3,0
2024-07-26,215,64514,Холодильники,2,22506.87,0
2024-07-26,312,64500,Ноутбуки,1,34138.06,0
2024-07-26,312,64501,Ноутбуки,3,24586.72,0
2024-07-26,312,64502,Ноутбуки,7,20423.08,0
2024-07-26,312,64503,Ноутбуки,3,26586.0,0
2024-07-26,312,64504,Ноутбуки,10,37196.39,1
2024-07-26,312,64505,Смартфони,14,29244.02,0
2024-07-26,312,64506,Смартфони,17,9166.98,0
2024-07-26,312,64507,Смартфони,21,13530.97,0
2024-07-26,312,64508,Смартфони,14,16135.45,0
2024-07-26,312,64509,Смартфони,16,32839.03,0
2024-07-26,312,64510,Холодильники,4,24810.97,0
2024-07-26,312,64511,Холодильники,8,16461.16,1
2024-07-26,312,64512,Холодильники,4,31613.79,1
2024-07-26,312,64513,Холодильники,0,35722.3,0
2024-07-26,312,64514,Холодильники,2,22275.52,0
2024-07-27,215,64500,Ноутбуки,4,33619.93,0
2024-07-27,215,64501,Ноутбуки,11,26969.41,0
2024-07-27,215,64502,Ноутбуки,13,20295.12,0
2024-07-27,215,64503,Ноутбуки,10,26593.04,0
2024-07-27,215,64504,Ноутбуки,3,39844.25,0
2024-07-27,215,64505,Смартфони,17,30787.05,0
2024-07-27,215,64506,Смартфони,33,9512.38,0
2024-07-27,215,64507,Смартфони,41,14588.36,0
2024-07-27,215,64508,Смартфони,18,15892.13,0
2024-07-27,215,64509,Смартфони,29,35068.08,0
2024-07-27,215,64510,Холодильники,2,23818.65,0
2024-07-27,215,64511,Холодильники,5,19709.37,0
2024-07-27,215,64512,Холодильники,1,34318.91,0
2024-07-27,215,64513,Холодильники,4,36635.82,0
2024-07-27,215,64514,Холодильники,3,22456.16,0
2024-07-27,312,64500,Ноутбуки,3,36890.23,0
2024-07-27,312,64501,Ноутбуки,4,25606.33,0
2024-07-27,312,64502,Ноутбуки,5,21775.68,0
2024-07-27,312,64503,Ноутбуки,9,23879.23,1
2024-07-27,312,64504,Ноутбуки,5,42572.55,0
2024-07-27,312,64505,Смартфони,16,29748.72,0
2024-07-27,312,64506,Смартфони,21,9105.3,0
2024-07-27,312,64507,Смартфони,26,14177.58,0
2024-07-27,312,64508,Смартфони,14,16308.66,0
2024-07-27,312,64509,Смартфони,17,32183.83,0
2024-07-27,312,64510,Холодильники,5,26140.82,0
2024-07-27,312,64511,Холодильники,6,18992.82,0
2024-07-27,312,64512,Холодильники,4,34759.79,0
2024-07-27,312,64513,Холодильники,5,32563.21,1
2024-07-27,312,64514,Холодильники,2,22539.88,0
2024-07-28,215,64500,Ноутбуки,1,34967.73,0
2024-07-28,215,64501,Ноутбуки,7,25734.92,0
2024-07-28,215,64502,Ноутбуки,11,21622.1,0
2024-07-28,215,64503,Ноутбуки,19,24817.34,0
2024-07-28,215,64504,Ноутбуки,3,40027.28,0
2024-07-28,215,64505,Смартфони,26,26474.23,1
2024-07-28,215,64506,Смартфони,31,8882.33,0
2024-07-28,215,64507,Смартфони,32,14021.64,0
2024-07-28,215,64508,Смартфони,17,15478.36,0
2024-07-28,215,64509,Смартфони,35,36266.6,0
2024-07-28,215,64510,Холодильники,5,21983.91,1
2024-07-28,215,64511,Холодильники,4,18263.48,0
2024-07-28,215,64512,Холодильники,1,33101.96,0
2024-07-28,215,64513,Холодильники,0,34694.29,0
2024-07-28,215,64514,Холодильники,3,21961.02,0
2024-07-28,312,64500,Ноутбуки,1,33765.77,0
2024-07-28,312,64501,Ноутбуки,4,25605.35,0
2024-07-28,312,64502,Ноутбуки,4,20718.61,0
2024-07-28,312,64503,Ноутбуки,8,22708.09,1
2024-07-28,312,64504,Ноутбуки,4,39415.48,0
2024-07-28,312,64505,Смартфони,6,29164.91,0
2024-07-28,312,64506,Смартфони,24,9520.44,0
2024-07-28,312,64507,Смартфони,9,14002.93,0
2024-07-28,312,64508,Смартфони,9,16274.77,0
2024-07-28,312,64509,Смартфони,37,31008.72,1
2024-07-28,312,64510,Холодильники,3,24114.27,0
2024-07-28,312,64511,Холодильники,5,17594.13,1
2024-07-28,312,64512,Холодильники,2,35058.03,0
2024-07-28,312,64513,Холодильники,3,33663.62,0
2024-07-28,312,64514,Холодильники,2,21696.34,0
2024-07-29,215,64500,Ноутбуки,2,34896.62,0
2024-07-29,215,64501,Ноутбуки,10,22014.88,1
2024-07-29,215,64502,Ноутбуки,7,19849.27,0
2024-07-29,215,64503,Ноутбуки,9,26734.78,0
2024-07-29,215,64504,Ноутбуки,14,36973.8,1
2024-07-29,215,64505,Смартфони,9,29079.98,0
2024-07-29,215,64506,Смартфони,16,9183.73,0
2024-07-29,215,64507,Смартфони,18,13938.75,0
2024-07-29,215,64508,Смартфони,19,17751.92,0
2024-07-29,215,64509,Смартфони,27,32713.44,0
2024-07-29,215,64510,Холодильники,3,25077.58,0
2024-07-29,215,64511,Холодильники,2,18597.83,0
2024-07-29,215,64512,Холодильники,3,35348.18,0
2024-07-29,215,64513,Холодильники,2,35870.67,0
2024-07-29,215,64514,Холодильники,4,21888.46,0
2024-07-29,312,64500,Ноутбуки,1,33736.03,0
2024-07-29,312,64501,Ноутбуки,3,27642.1,0
2024-07-29,312,64502,Ноутбуки,9,20164.06,0
2024-07-29,312,64503,Ноутбуки,6,24200.81,0
2024-07-29,312,64504,Ноутбуки,5,41112.67,0
2024-07-29,312,64505,Смартфони,9,29563.03,0
2024-07-29,312,64506,Смартфони,9,9124.54,0
2024-07-29,312,64507,Смартфони,25,15005.44,0
2024-07-29,312,64508,Смартфони,17,14456.02,1
2024-07-29,312,64509,Смартфони,20,33651.74,0
2024-07-29,312,64510,Холодильники,2,24106.52,0
2024-07-29,312,64511,Холодильники,4,17958.14,0
2024-07-29,312,64512,Холодильники,0,35866.81,0
2024-07-29,312,64513,Холодильники,1,32867.5,1
2024-07-29,312,64514,Холодильники,1,22558.84,0
2024-07-30,215,64500,Ноутбуки,1,35386.7,0
2024-07-30,215,64501,Ноутбуки,9,21888.27,1
2024-07-30,215,64502,Ноутбуки,6,20827.32,0
2024-07-30,215,64503,Ноутбуки,6,24958.28,0
2024-07-30,215,64504,Ноутбуки,6,40311.35,0
2024-07-30,215,64505,Смартфони,6,29208.13,0
2024-07-30,215,64506,Смартфони,22,9218.76,0
2024-07-30,215,64507,Смартфони,26,14286.1,0
2024-07-30,215,64508,Смартфони,25,17001.76,0
2024-07-30,215,64509,Смартфони,24,34982.32,0
2024-07-30,215,64510,Холодильники,2,23345.12,0
2024-07-30,215,64511,Холодильники,7,19010.74,0
2024-07-30,215,64512,Холодильники,4,29956.86,1
2024-07-30,215,64513,Холодильники,0,34358.25,0
2024-07-30,215,64514,Холодильники,4,22681.18,0
2024-07-30,312,64500,Ноутбуки,1,34459.0,0
2024-07-30,312,64501,Ноутбуки,6,25213.24,0
2024-07-30,312,64502,Ноутбуки,6,20551.22,0
2024-07-30,312,64503,Ноутбуки,4,25466.35,0
2024-07-30,312,64504,Ноутбуки,4,40026.84,0
2024-07-30,312,64505,Смартфони,9,28795.72,0
2024-07-30,312,64506,Смартфони,14,8990.04,0
2024-07-30,312,64507,Смартфони,25,14381.19,0
2024-07-30,312,64508,Смартфони,11,16764.77,0
2024-07-30,312,64509,Смартфони,18,32881.82,0
2024-07-30,312,64510,Холодильники,4,25089.62,0
2024-07-30,312,64511,Холодильники,4,19673.84,0
2024-07-30,312,64512,Холодильники,1,36493.55,0
2024-07-30,312,64513,Холодильники,2,36747.04,0
2024-07-30,312,64514,Холодильники,3,22031.53,0
2024-07-31,215,64500,Ноутбуки,6,31479.44,1
2024-07-31,215,64501,Ноутбуки,10,24876.65,0
2024-07-31,215,64502,Ноутбуки,15,20793.82,0
2024-07-31,215,64503,Ноутбуки,9,25604.02,0
2024-07-31,215,64504,Ноутбуки,5,36857.7,1
2024-07-31,215,64505,Смартфони,14,30176.36,0
2024-07-31,215,64506,Смартфони,24,9960.45,0
2024-07-31,215,64507,Смартфони,44,12409.5,1
2024-07-31,215,64508,Смартфони,12,17181.05,0
2024-07-31,215,64509,Смартфони,25,32984.24,0
2024-07-31,215,64510,Холодильники,4,25223.97,0
2024-07-31,215,64511,Холодильники,7,19111.18,0
2024-07-31,215,64512,Холодильники,6,33064.52,0
2024-07-31,215,64513,Холодильники,1,36591.68,0
2024-07-31,215,64514,Холодильники,1,20471.26,1
2024-07-31,312,64500,Ноутбуки,3,35484.97,0
2024-07-31,312,64501,Ноутбуки,9,25827.19,0
2024-07-31,312,64502,Ноутбуки,5,20205.09,0
2024-07-31,312,64503,Ноутбуки,5,24031.91,0
2024-07-31,312,64504,Ноутбуки,8,39101.23,0
2024-07-31,312,64505,Смартфони,21,25436.64,1
2024-07-31,312,64506,Смартфони,16,8971.49,0
2024-07-31,312,64507,Смартфони,24,14322.74,0
2024-07-31,312,64508,Смартфони,6,15997.29,0
2024-07-31,312,64509,Смартфони,23,32969.89,0
2024-07-31,312,64510,Холодильники,6,25313.02,0
2024-07-31,312,64511,Холодильники,5,19622.22,0
2024-07-31,312,64512,Холодильники,3,35221.79,0
2024-07-31,312,64513,Холодильники,0,36069.94,0
2024-07-31,312,64514,Холодильники,1,19213.72,1
2024-08-01,215,64500,Ноутбуки,3,35986.07,0
2024-08-01,215,64501,Ноутбуки,4,24811.43,0
2024-08-01,215,64502,Ноутбуки,9,20648.66,0
2024-08-01,215,64503,Ноутбуки,6,26236.94,0
2024-08-01,215,64504,Ноутбуки,4,39269.18,0
2024-08-01,215,64505,Смартфони,15,28904.52,0
2024-08-01,215,64506,Смартфони,17,8810.95,0
2024-08-01,215,64507,Смартфони,26,14772.99,0
2024-08-01,215,64508,Смартфони,6,15791.1,0
2024-08-01,215,64509,Смартфони,31,33462.04,0
2024-08-01,215,64510,Холодильники,5,24882.31,0
2024-08-01,215,64511,Холодильники,8,18733.14,0
2024-08-01,215,64512,Холодильники,4,34275.61,0
2024-08-01,215,64513,Холодильники,1,37110.87,0
2024-08-01,215,64514,Холодильники,1,21073.5,0
2024-08-01,312,64500,Ноутбуки,0,34918.96,0
2024-08-01,312,64501,Ноутбуки,2,25524.4,0
2024-08-01,312,64502,Ноутбуки,7,20991.93,0
2024-08-01,312,64503,Ноутбуки,10,24247.0,0
2024-08-01,312,64504,Ноутбуки,5,41680.07,0
2024-08-01,312,64505,Смартфони,11,28932.98,0
2024-08-01,312,64506,Смартфони,14,9527.15,0
2024-08-01,312,64507,Смартфони,17,13954.7,0
2024-08-01,312,64508,Смартфони,10,17134.12,0
2024-08-01,312,64509,Смартфони,23,34227.4,0
2024-08-01,312,64510,Холодильники,2,23443.04,0
2024-08-01,312,64511,Холодильники,4,18931.01,0
2024-08-01,312,64512,Холодильники,2,33167.44,0
2024-08-01,312,64513,Холодильники,2,36152.37,0
2024-08-01,312,64514,Холодильники,1,21513.45,0
2024-08-02,215,64500,Ноутбуки,6,34371.0,0
2024-08-02,215,64501,Ноутбуки,7,25664.5,0
2024-08-02,215,64502,Ноутбуки,6,20879.63,0
2024-08-02,215,64503,Ноутбуки,12,22388.51,1
2024-08-02,215,64504,Ноутбуки,3,40346.86,0
2024-08-02,215,64505,Смартфони,17,29366.75,0
2024-08-02,215,64506,Смартфони,16,9197.06,0
2024-08-02,215,64507,Смартфони,30,14201.89,0
2024-08-02,215,64508,Смартфони,16,16675.94,0
2024-08-02,215,64509,Смартфони,21,34019.14,0
2024-08-02,215,64510,Холодильники,1,24288.27,0
2024-08-02,215,64511,Холодильники,4,19459.81,0
2024-08-02,215,64512,Холодильники,1,34631.79,0
2024-08-02,215,64513,Холодильники,1,36139.0,0
2024-08-02,215,64514,Холодильники,3,20678.81,0
2024-08-02,312,64500,Ноутбуки,3,35545.4,0
2024-08-02,312,64501,Ноутбуки,2,25450.03,0
2024-08-02,312,64502,Ноутбуки,2,20996.36,0
2024-08-02,312,64503,Ноутбуки,9,23458.93,1
2024-08-02,312,64504,Ноутбуки,3,39978.28,0
2024-08-02,312,64505,Смартфони,10,29952.0,0
2024-08-02,312,64506,Смартфони,20,8853.77,0
2024-08-02,312,64507,Смартфони,18,13912.84,0
2024-08-02,312,64508,Смартфони,13,16809.3,0
2024-08-02,312,64509,Смартфони,10,34136.93,0
2024-08-02,312,64510,Холодильники,3,24666.11,0
2024-08-02,312,64511,Холодильники,1,19214.54,0
2024-08-02,312,64512,Холодильники,4,34208.55,0
2024-08-02,312,64513,Холодильники,0,35843.63,0
2024-08-02,312,64514,Холодильники,4,21519.39,0
2024-08-03,215,64500,Ноутбуки,12,31042.85,1
2024-08-03,215,64501,Ноутбуки,7,25493.32,0
2024-08-03,215,64502,Ноутбуки,10,22067.96,0
2024-08-03,215,64503,Ноутбуки,10,25993.08,0
2024-08-03,215,64504,Ноутбуки,5,40513.75,0
2024-08-03,215,64505,Смартфони,20,29881.2,0
2024-08-03,215,64506,Смартфони,53,8772.23,1
2024-08-03,215,64507,Смартфони,62,13074.71,1
2024-08-03,215,64508,Смартфони,21,16416.14,0
2024-08-03,215,64509,Смартфони,32,33647.15,0
2024-08-03,215,64510,Холодильники,0,24255.66,0
2024-08-03,215,64511,Холодильники,5,18445.83,0
2024-08-03,215,64512,Холодильники,6,34765.99,0
2024-08-03,215,64513,Холодильники,2,36541.68,0
2024-08-03,215,64514,Холодильники,1,22860.59,0
2024-08-03,312,64500,Ноутбуки,5,35856.43,0
2024-08-03,312,64501,Ноутбуки,5,23310.74,1
2024-08-03,312,64502,Ноутбуки,5,19603.6,0
2024-08-03,312,64503,Ноутбуки,9,25294.4,0
2024-08-03,312,64504,Ноутбуки,3,39539.96,0
2024-08-03,312,64505,Смартфони,4,30189.83,0
2024-08-03,312,64506,Смартфони,19,9778.51,0
2024-08-03,312,64507,Смартфони,23,13688.09,0
2024-08-03,312,64508,Смартфони,10,16160.62,0
2024-08-03,312,64509,Смартфони,21,33914.42,0
2024-08-03,312,64510,Холодильники,4,24746.45,0
2024-08-03,312,64511,Холодильники,3,19611.7,0
2024-08-03,312,64512,Холодильники,3,34881.29,0
2024-08-03,312,64513,Холодильники,3,36707.51,0
2024-08-03,312,64514,Холодильники,2,20845.27,0
2024-08-04,215,64500,Ноутбуки,3,34422.94,0
2024-08-04,215,64501,Ноутбуки,6,25840.71,0
2024-08-04,215,64502,Ноутбуки,11,21034.35,0
2024-08-04,215,64503,Ноутбуки,8,25860.98,0
2024-08-04,215,64504,Ноутбуки,7,41333.04,0
2024-08-04,215,64505,Смартфони,8,28810.9,0
2024-08-04,215,64506,Смартфони,20,9184.25,0
2024-08-04,215,64507,Смартфони,23,14018.43,0
2024-08-04,215,64508,Смартфони,21,16021.18,0
2024-08-04,215,64509,Смартфони,25,34466.26,0
2024-08-04,215,64510,Холодильники,4,23752.13,0
2024-08-04,215,64511,Холодильники,7,16199.28,1
2024-08-04,215,64512,Холодильники,3,34561.19,0
2024-08-04,215,64513,Холодильники,5,37081.92,0
2024-08-04,215,64514,Холодильники,2,22426.37,0
2024-08-04,312,64500,Ноутбуки,1,33188.41,0
2024-08-04,312,64501,Ноутбуки,1,25628.87,0
2024-08-04,312,64502,Ноутбуки,5,21198.28,0
2024-08-04,312,64503,Ноутбуки,5,25643.59,0
2024-08-04,312,64504,Ноутбуки,7,40016.13,0
2024-08-04,312,64505,Смартфони,20,26918.76,1
2024-08-04,312,64506,Смартфони,16,9223.55,0
2024-08-04,312,64507,Смартфони,48,12822.67,1
2024-08-04,312,64508,Смартфони,14,17241.91,0
2024-08-04,312,64509,Смартфони,23,33699.91,0
2024-08-04,312,64510,Холодильники,0,23782.25,0
2024-08-04,312,64511,Холодильники,1,21054.82,0
2024-08-04,312,64512,Холодильники,1,34334.96,0
2024-08-04,312,64513,Холодильники,1,34374.24,0
2024-08-04,312,64514,Холодильники,3,21720.16,0
2024-08-05,215,64500,Ноутбуки,2,34722.5,0
2024-08-05,215,64501,Ноутбуки,8,22679.96,1
2024-08-05,215,64502,Ноутбуки,9,21334.35,0
2024-08-05,215,64503,Ноутбуки,15,22426.38,1
2024-08-05,215,64504,Ноутбуки,4,38029.98,0
2024-08-05,215,64505,Смартфони,13,30761.26,0
2024-08-05,215,64506,Смартфони,26,9469.54,0
2024-08-05,215,64507,Смартфони,17,14188.7,0
2024-08-05,215,64508,Смартфони,31,14997.02,1
2024-08-05,215,64509,Смартфони,22,33745.41,0
2024-08-05,215,64510,Холодильники,2,23896.54,0
2024-08-05,215,64511,Холодильники,5,18537.85,0
2024-08-05,215,64512,Холодильники,2,35027.66,0
2024-08-05,215,64513,Холодильники,2,37003.37,0
2024-08-05,215,64514,Холодильники,2,21527.77,0
2024-08-05,312,64500,Ноутбуки,0,34890.16,0
2024-08-05,312,64501,Ноутбуки,4,25814.68,0
2024-08-05,312,64502,Ноутбуки,8,20280.53,0
2024-08-05,312,64503,Ноутбуки,2,24598.86,0
2024-08-05,312,64504,Ноутбуки,5,38340.19,0
2024-08-05,312,64505,Смартфони,11,29727.25,0
2024-08-05,312,64506,Смартфони,12,9085.62,0
2024-08-05,312,64507,Смартфони,12,14520.87,0
2024-08-05,312,64508,Смартфони,15,17266.45,0
2024-08-05,312,64509,Смартфони,21,33371.24,0
2024-08-05,312,64510,Холодильники,2,25179.88,0
2024-08-05,312,64511,Холодильники,3,19044.48,0
2024-08-05,312,64512,Холодильники,1,34418.65,0
2024-08-05,312,64513,Холодильники,0,35706.56,0
2024-08-05,312,64514,Холодильники,1,21735.42,0
2024-08-06,215,64500,Ноутбуки,6,34792.81,0
2024-08-06,215,64501,Ноутбуки,5,25276.16,0
2024-08-06,215,64502,Ноутбуки,10,21005.85,0
2024-08-06,215,64503,Ноутбуки,6,25286.69,0
2024-08-06,215,64504,Ноутбуки,5,40153.08,0
2024-08-06,215,64505,Смартфони,17,30375.25,0
2024-08-06,215,64506,Смартфони,17,9252.59,0
2024-08-06,215,64507,Смартфони,20,13776.76,0
2024-08-06,215,64508,Смартфони,9,16421.1,0
2024-08-06,215,64509,Смартфони,24,32371.05,0
2024-08-06,215,64510,Холодильники,0,24148.21,0
2024-08-06,215,64511,Холодильники,1,19594.66,0
2024-08-06,215,64512,Холодильники,1,30118.93,1
2024-08-06,215,64513,Холодильники,2,34733.46,0
2024-08-06,215,64514,Холодильники,0,21263.92,0
2024-08-06,312,64500,Ноутбуки,1,34338.01,0
2024-08-06,312,64501,Ноутбуки,3,24744.03,0
2024-08-06,312,64502,Ноутбуки,5,20526.38,0
2024-08-06,312,64503,Ноутбуки,3,26609.63,0
2024-08-06,312,64504,Ноутбуки,7,40551.29,0
2024-08-06,312,64505,Смартфони,7,28449.51,0
2024-08-06,312,64506,Смартфони,29,8477.14,1
2024-08-06,312,64507,Смартфони,10,14763.38,0
2024-08-06,312,64508,Смартфони,10,16915.64,0
2024-08-06,312,64509,Смартфони,10,32689.42,0
2024-08-06,312,64510,Холодильники,1,25029.61,0
2024-08-06,312,64511,Холодильники,0,18756.87,0
2024-08-06,312,64512,Холодильники,6,35206.01,0
2024-08-06,312,64513,Холодильники,2,34948.3,0
2024-08-06,312,64514,Холодильники,3,21632.33,0
2024-08-07,215,64500,Ноутбуки,5,34812.68,0
2024-08-07,215,64501,Ноутбуки,5,25556.58,0
2024-08-07,215,64502,Ноутбуки,6,21047.33,0
2024-08-07,215,64503,Ноутбуки,3,27654.82,0
2024-08-07,215,64504,Ноутбуки,6,41363.05,0
2024-08-07,215,64505,Смартфони,22,25238.44,1
2024-08-07,215,64506,Смартфони,17,9199.59,0
2024-08-07,215,64507,Смартфони,22,14507.93,0
2024-08-07,215,64508,Смартфони,10,16791.43,0
2024-08-07,215,64509,Смартфони,20,34338.22,0
2024-08-07,215,64510,Холодильники,1,24359.34,0
2024-08-07,215,64511,Холодильники,5,19410.3,0
2024-08-07,215,64512,Холодильники,2,34856.6,0
2024-08-07,215,64513,Холодильники,3,34124.36,0
2024-08-07,215,64514,Холодильники,1,21837.74,0
2024-08-07,312,64500,Ноутбуки,5,34151.42,0
2024-08-07,312,64501,Ноутбуки,2,25330.56,0
2024-08-07,312,64502,Ноутбуки,8,21225.4,0
2024-08-07,312,64503,Ноутбуки,7,26569.27,0
2024-08-07,312,64504,Ноутбуки,3,40222.22,0
2024-08-07,312,64505,Смартфони,8,29302.91,0
2024-08-07,312,64506,Смартфони,16,9185.7,0
2024-08-07,312,64507,Смартфони,14,14027.08,0
2024-08-07,312,64508,Смартфони,13,16322.02,0
2024-08-07,312,64509,Смартфони,16,35662.09,0
2024-08-07,312,64510,Холодильники,0,25198.5,0
2024-08-07,312,64511,Холодильники,6,18931.19,0
2024-08-07,312,64512,Холодильники,0,34945.11,0
2024-08-07,312,64513,Холодильники,1,34816.2,0
2024-08-07,312,64514,Холодильники,2,22654.01,0
2024-08-08,215,64500,Ноутбуки,2,34296.85,0
2024-08-08,215,64501,Ноутбуки,6,25647.19,0
2024-08-08,215,64502,Ноутбуки,10,19426.27,0
2024-08-08,215,64503,Ноутбуки,11,25345.99,0
2024-08-08,215,64504,Ноутбуки,3,41558.9,0
2024-08-08,215,64505,Смартфони,17,27498.84,1
2024-08-08,215,64506,Смартфони,13,8963.51,0
2024-08-08,215,64507,Смартфони,21,13914.26,0
2024-08-08,215,64508,Смартфони,12,16464.34,0
2024-08-08,215,64509,Смартфони,16,33693.12,0
2024-08-08,215,64510,Холодильники,2,25306.5,0
2024-08-08,215,64511,Холодильники,3,18690.91,0
2024-08-08,215,64512,Холодильники,5,34030.12,0
2024-08-08,215,64513,Холодильники,1,35390.72,0
2024-08-08,215,64514,Холодильники,2,21577.45,0
2024-08-08,312,64500,Ноутбуки,6,30865.84,1
2024-08-08,312,64501,Ноутбуки,1,25658.46,0
2024-08-08,312,64502,Ноутбуки,8,21754.82,0
2024-08-08,312,64503,Ноутбуки,4,25817.68,0
2024-08-08,312,64504,Ноутбуки,6,40915.23,0
2024-08-08,312,64505,Смартфони,10,29862.62,0
2024-08-08,312,64506,Смартфони,20,9524.91,0
2024-08-08,312,64507,Смартфони,19,14674.67,0
2024-08-08,312,64508,Смартфони,14,16723.21,0
2024-08-08,312,64509,Смартфони,12,32093.53,0
2024-08-08,312,64510,Холодильники,2,24701.52,0
2024-08-08,312,64511,Холодильники,5,19182.41,0
2024-08-08,312,64512,Холодильники,3,34112.34,0
2024-08-08,312,64513,Холодильники,2,37517.37,0
2024-08-08,312,64514,Холодильники,1,22961.92,0
2024-08-09,215,64500,Ноутбуки,7,34930.03,0
2024-08-09,215,64501,Ноутбуки,3,27579.69,0
2024-08-09,215,64502,Ноутбуки,10,20417.91,0
2024-08-09,215,64503,Ноутбуки,14,25309.36,0
2024-08-09,215,64504,Ноутбуки,8,41016.52,0
2024-08-09,215,64505,Смартфони,9,30113.6,0
2024-08-09,215,64506,Смартфони,33,8328.74,1
2024-08-09,215,64507,Смартфони,24,13726.89,0
2024-08-09,215,64508,Смартфони,13,16673.66,0
2024-08-09,215,64509,Смартфони,25,34243.18,0
2024-08-09,215,64510,Холодильники,5,24354.76,0
2024-08-09,215,64511,Холодильники,3,19868.0,0
2024-08-09,215,64512,Холодильники,3,33114.0,0
2024-08-09,215,64513,Холодильники,3,36171.86,0
2024-08-09,215,64514,Холодильники,4,18395.8,1
2024-08-09,312,64500,Ноутбуки,2,34300.44,0
2024-08-09,312,64501,Ноутбуки,5,24456.58,0
2024-08-09,312,64502,Ноутбуки,10,21053.66,0
2024-08-09,312,64503,Ноутбуки,9,26343.92,0
2024-08-09,312,64504,Ноутбуки,5,40931.91,0
2024-08-09,312,64505,Смартфони,9,29596.42,0
2024-08-09,312,64506,Смартфони,15,9152.82,0
2024-08-09,312,64507,Смартфони,14,13678.22,0
2024-08-09,312,64508,Смартфони,13,16830.22,0
2024-08-09,312,64509,Смартфони,21,33550.85,0
2024-08-09,312,64510,Холодильники,2,24094.0,0
2024-08-09,312,64511,Холодильники,5,19812.06,0
2024-08-09,312,64512,Холодильники,2,34810.39,0
2024-08-09,312,64513,Холодильники,2,35233.67,0
2024-08-09,312,64514,Холодильники,1,21483.04,0
2024-08-10,215,64500,Ноутбуки,6,34727.73,0
2024-08-10,215,64501,Ноутбуки,2,24993.46,0
2024-08-10,215,64502,Ноутбуки,11,21067.28,0
2024-08-10,215,64503,Ноутбуки,25,23798.56,1
2024-08-10,215,64504,Ноутбуки,9,41578.6,0
2024-08-10,215,64505,Смартфони,19,28329.31,0
2024-08-10,215,64506,Смартфони,29,8960.36,0
2024-08-10,215,64507,Смартфони,26,13970.68,0
2024-08-10,215,64508,Смартфони,13,16321.37,0
2024-08-10,215,64509,Смартфони,28,33708.92,0
2024-08-10,215,64510,Холодильники,5,23584.22,0
2024-08-10,215,64511,Холодильники,7,20515.72,0
2024-08-10,215,64512,Холодильники,5,35043.01,0
2024-08-10,215,64513,Холодильники,3,30137.94,1
2024-08-10,215,64514,Холодильники,1,22269.71,0
2024-08-10,312,64500,Ноутбуки,4,33771.29,0
2024-08-10,312,64501,Ноутбуки,4,26057.97,0
2024-08-10,312,64502,Ноутбуки,11,20963.85,0
2024-08-10,312,64503,Ноутбуки,9,26522.34,0
2024-08-10,312,64504,Ноутбуки,4,40806.73,0
2024-08-10,312,64505,Смартфони,7,29398.4,0
2024-08-10,312,64506,Смартфони,31,9363.84,0
2024-08-10,312,64507,Смартфони,27,13981.42,0
2024-08-10,312,64508,Смартфони,15,17129.8,0
2024-08-10,312,64509,Смартфони,15,33023.31,0
2024-08-10,312,64510,Холодильники,5,24229.68,0
2024-08-10,312,64511,Холодильники,2,20221.46,0
2024-08-10,312,64512,Холодильники,4,33962.23,0
2024-08-10,312,64513,Холодильники,1,35124.19,0
2024-08-10,312,64514,Холодильники,1,22805.55,0
2024-08-11,215,64500,Ноутбуки,5,33883.58,0
2024-08-11,215,64501,Ноутбуки,6,24625.04,0
2024-08-11,215,64502,Ноутбуки,10,20387.93,0
2024-08-11,215,64503,Ноутбуки,5,25405.9,0
2024-08-11,215,64504,Ноутбуки,6,39229.79,0
2024-08-11,215,64505,Смартфони,10,29840.47,0
2024-08-11,215,64506,Смартфони,18,9735.1,0
2024-08-11,215,64507,Смартфони,32,14246.13,0
2024-08-11,215,64508,Смартфони,24,16935.58,0
2024-08-11,215,64509,Смартфони,25,34005.85,0
2024-08-11,215,64510,Холодильники,4,24714.27,0
2024-08-11,215,64511,Холодильники,2,19619.39,0
2024-08-11,215,64512,Холодильники,1,34446.57,0
2024-08-11,215,64513,Холодильники,4,34522.08,0
2024-08-11,215,64514,Холодильники,2,21975.03,0
2024-08-11,312,64500,Ноутбуки,5,34117.05,0
2024-08-11,312,64501,Ноутбуки,6,25735.17,0
2024-08-11,312,64502,Ноутбуки,8,20663.84,0
2024-08-11,312,64503,Ноутбуки,6,24694.36,0
2024-08-11,312,64504,Ноутбуки,5,41325.53,0
2024-08-11,312,64505,Смартфони,7,29749.05,0
2024-08-11,312,64506,Смартфони,17,9474.77,0
2024-08-11,312,64507,Смартфони,19,14629.42,0
2024-08-11,312,64508,Смартфони,23,15961.92,1
2024-08-11,312,64509,Смартфони,21,32208.52,0
2024-08-11,312,64510,Холодильники,3,23545.45,0
2024-08-11,312,64511,Холодильники,2,18482.61,0
2024-08-11,312,64512,Холодильники,2,33221.44,0
2024-08-11,312,64513,Холодильники,1,35832.48,0
2024-08-11,312,64514,Холодильники,3,21958.81,0
2024-08-12,215,64500,Ноутбуки,2,36447.33,0
2024-08-12,215,64501,Ноутбуки,5,26302.82,0
2024-08-12,215,64502,Ноутбуки,4,21296.06,0
2024-08-12,215,64503,Ноутбуки,9,25213.09,0
2024-08-12,215,64504,Ноутбуки,5,40530.8,0
2024-08-12,215,64505,Смартфони,14,29947.38,0
2024-08-12,215,64506,Смартфони,13,9046.06,0
2024-08-12,215,64507,Смартфони,22,14320.57,0
2024-08-12,215,64508,Смартфони,20,16469.56,0
2024-08-12,215,64509,Смартфони,38,31159.07,1
2024-08-12,215,64510,Холодильники,4,24165.57,0
2024-08-12,215,64511,Холодильники,7,19711.89,0
2024-08-12,215,64512,Холодильники,3,35412.21,0
2024-08-12,215,64513,Холодильники,0,36590.6,0
2024-08-12,215,64514,Холодильники,2,20894.72,0
2024-08-12,312,64500,Ноутбуки,4,34857.95,0
2024-08-12,312,64501,Ноутбуки,2,25656.79,0
2024-08-12,312,64502,Ноутбуки,9,20742.1,0
2024-08-12,312,64503,Ноутбуки,6,25556.46,0
2024-08-12,312,64504,Ноутбуки,5,36021.58,1
2024-08-12,312,64505,Смартфони,7,27154.32,0
2024-08-12,312,64506,Смартфони,16,9574.46,0
2024-08-12,312,64507,Смартфони,13,14793.46,0
2024-08-12,312,64508,Смартфони,10,15462.36,1
2024-08-12,312,64509,Смартфони,15,32752.8,0
2024-08-12,312,64510,Холодильники,3,24817.82,0
2024-08-12,312,64511,Холодильники,1,18506.42,0
2024-08-12,312,64512,Холодильники,2,34590.35,0
2024-08-12,312,64513,Холодильники,0,35959.14,0
2024-08-12,312,64514,Холодильники,3,21919.33,0
2024-08-13,215,64500,Ноутбуки,1,35264.28,0
2024-08-13,215,64501,Ноутбуки,7,25489.72,0
2024-08-13,215,64502,Ноутбуки,6,21156.19,0
2024-08-13,215,64503,Ноутбуки,5,26733.23,0
2024-08-13,215,64504,Ноутбуки,9,40834.6,0
2024-08-13,215,64505,Смартфони,8,30313.87,0
2024-08-13,215,64506,Смартфони,26,9509.08,0
2024-08-13,215,64507,Смартфони,26,14322.88,0
2024-08-13,215,64508,Смартфони,19,15849.92,0
2024-08-13,215,64509,Смартфони,45,30655.6,1
2024-08-13,215,64510,Холодильники,2,24198.84,0
2024-08-13,215,64511,Холодильники,3,20197.69,0
2024-08-13,215,64512,Холодильники,2,34855.97,0
2024-08-13,215,64513,Холодильники,2,34716.59,0
2024-08-13,215,64514,Холодильники,0,21194.84,0
2024-08-13,312,64500,Ноутбуки,3,35848.78,0
2024-08-13,312,64501,Ноутбуки,5,26068.56,0
2024-08-13,312,64502,Ноутбуки,5,20007.34,0
2024-08-13,312,64503,Ноутбуки,6,27618.98,0
2024-08-13,312,64504,Ноутбуки,4,39592.18,0
2024-08-13,312,64505,Смартфони,4,30422.84,0
2024-08-13,312,64506,Смартфони,18,9307.37,0
2024-08-13,312,64507,Смартфони,12,14226.87,0
2024-08-13,312,64508,Смартфони,27,15112.93,1
2024-08-13,312,64509,Смартфони,21,33056.18,0
2024-08-13,312,64510,Холодильники,0,24170.38,0
2024-08-13,312,64511,Холодильники,1,18388.42,0
2024-08-13,312,64512,Холодильники,1,35028.41,0
2024-08-13,312,64513,Холодильники,2,34035.56,0
2024-08-13,312,64514,Холодильники,0,22439.14,0
2024-08-14,215,64500,Ноутбуки,5,36413.18,0
2024-08-14,215,64501,Ноутбуки,7,26083.31,0
2024-08-14,215,64502,Ноутбуки,10,21252.9,0
2024-08-14,215,64503,Ноутбуки,5,24816.77,0
2024-08-14,215,64504,Ноутбуки,4,40298.02,0
2024-08-14,215,64505,Смартфони,11,28313.73,0
2024-08-14,215,64506,Смартфони,21,9323.6,0
2024-08-14,215,64507,Смартфони,24,14690.74,0
2024-08-14,215,64508,Смартфони,11,17384.54,0
2024-08-14,215,64509,Смартфони,26,33190.91,0
2024-08-14,215,64510,Холодильники,4,24988.08,0
2024-08-14,215,64511,Холодильники,4,19157.95,0
2024-08-14,215,64512,Холодильники,3,33354.17,0
2024-08-14,215,64513,Холодильники,4,34355.05,0
2024-08-14,215,64514,Холодильники,0,22433.42,0
2024-08-14,312,64500,Ноутбуки,4,31930.21,1
2024-08-14,312,64501,Ноутбуки,8,25161.85,0
2024-08-14,312,64502,Ноутбуки,7,20356.6,0
2024-08-14,312,64503,Ноутбуки,10,26245.48,0
2024-08-14,312,64504,Ноутбуки,2,38675.37,0
2024-08-14,312,64505,Смартфони,7,29153.32,0
2024-08-14,312,64506,Смартфони,13,9408.06,0
2024-08-14,312,64507,Смартфони,30,12847.84,1
2024-08-14,312,64508,Смартфони,15,16376.79,0
2024-08-14,312,64509,Смартфони,23,32637.65,0
2024-08-14,312,64510,Холодильники,2,24463.86,0
2024-08-14,312,64511,Холодильники,1,20102.92,0
2024-08-14,312,64512,Холодильники,1,33282.75,0
2024-08-14,312,64513,Холодильники,3,36109.88,0
2024-08-14,312,64514,Холодильники,2,21733.63,0
2024-08-15,215,64500,Ноутбуки,4,33559.32,0
2024-08-15,215,64501,Ноутбуки,3,26812.44,0
2024-08-15,215,64502,Ноутбуки,14,21324.23,0
2024-08-15,215,64503,Ноутбуки,5,26686.79,0
2024-08-15,215,64504,Ноутбуки,3,41233.49,0
2024-08-15,215,64505,Смартфони,8,28256.67,0
2024-08-15,215,64506,Смартфони,22,9342.71,0
2024-08-15,215,64507,Смартфони,26,14606.08,0
2024-08-15,215,64508,Смартфони,13,16625.36,0
2024-08-15,215,64509,Смартфони,21,34835.46,0
2024-08-15,215,64510,Холодильники,2,24758.22,0
2024-08-15,215,64511,Холодильники,3,18879.67,0
2024-08-15,215,64512,Холодильники,3,34293.17,0
2024-08-15,215,64513,Холодильники,2,36013.8,0
2024-08-15,215,64514,Холодильники,0,22999.44,0
2024-08-15,312,64500,Ноутбуки,3,34274.37,0
2024-08-15,312,64501,Ноутбуки,4,25655.5,0
2024-08-15,312,64502,Ноутбуки,8,20522.19,0
2024-08-15,312,64503,Ноутбуки,7,25717.55,0
2024-08-15,312,64504,Ноутбуки,8,37022.4,1
2024-08-15,312,64505,Смартфони,5,28846.29,0
2024-08-15,312,64506,Смартфони,22,9249.01,0
2024-08-15,312,64507,Смартфони,16,15065.26,0
2024-08-15,312,64508,Смартфони,8,16183.85,0
2024-08-15,312,64509,Смартфони,21,34555.98,0
2024-08-15,312,64510,Холодильники,2,24584.45,0
2024-08-15,312,64511,Холодильники,2,18541.5,0
2024-08-15,312,64512,Холодильники,1,35247.96,0
2024-08-15,312,64513,Холодильники,0,34455.34,0
2024-08-15,312,64514,Холодильники,4,21206.55,0
2024-08-16,215,64500,Ноутбуки,2,31108.05,1
2024-08-16,215,64501,Ноутбуки,2,25134.48,0
2024-08-16,215,64502,Ноутбуки,11,20427.55,0
2024-08-16,215,64503,Ноутбуки,6,26511.6,0
2024-08-16,215,64504,Ноутбуки,5,44698.31,0
2024-08-16,215,64505,Смартфони,25,25865.31,1
2024-08-16,215,64506,Смартфони,23,9591.08,0
2024-08-16,215,64507,Смартфони,21,14659.86,0
2024-08-16,215,64508,Смартфони,13,16522.87,0
2024-08-16,215,64509,Смартфони,36,33277.1,0
2024-08-16,215,64510,Холодильники,5,24129.24,0
2024-08-16,215,64511,Холодильники,3,20190.81,0
2024-08-16,215,64512,Холодильники,5,34344.41,0
2024-08-16,215,64513,Холодильники,6,35372.83,0
2024-08-16,215,64514,Холодильники,3,22726.08,0
2024-08-16,312,64500,Ноутбуки,1,33324.94,0
2024-08-16,312,64501,Ноутбуки,4,25825.39,0
2024-08-16,312,64502,Ноутбуки,16,20052.62,1
2024-08-16,312,64503,Ноутбуки,5,25052.23,0
2024-08-16,312,64504,Ноутбуки,5,42205.16,0
2024-08-16,312,64505,Смартфони,11,30196.33,0
2024-08-16,312,64506,Смартфони,13,9143.74,0
2024-08-16,312,64507,Смартфони,15,14196.91,0
2024-08-16,312,64508,Смартфони,10,17228.06,0
2024-08-16,312,64509,Смартфони,22,33886.69,0
2024-08-16,312,64510,Холодильники,2,24628.05,0
2024-08-16,312,64511,Холодильники,6,20207.92,0
2024-08-16,312,64512,Холодильники,1,35459.34,0
2024-08-16,312,64513,Холодильники,3,35404.79,0
2024-08-16,312,64514,Холодильники,1,22498.39,0
2024-08-17,215,64500,Ноутбуки,5,35263.1,0
2024-08-17,215,64501,Ноутбуки,8,24827.53,0
2024-08-17,215,64502,Ноутбуки,12,21584.68,0
2024-08-17,215,64503,Ноутбуки,11,25745.23,0
2024-08-17,215,64504,Ноутбуки,7,41346.61,0
2024-08-17,215,64505,Смартфони,22,30744.94,0
2024-08-17,215,64506,Смартфони,23,8880.46,0
2024-08-17,215,64507,Смартфони,35,14690.64,0
2024-08-17,215,64508,Смартфони,21,16772.55,0
2024-08-17,215,64509,Смартфони,36,32913.88,0
2024-08-17,215,64510,Холодильники,2,23806.72,0
2024-08-17,215,64511,Холодильники,3,18167.71,0
2024-08-17,215,64512,Холодильники,3,33938.57,0
2024-08-17,215,64513,Холодильники,2,34722.78,0
2024-08-17,215,64514,Холодильники,3,22117.66,0
2024-08-17,312,64500,Ноутбуки,2,34482.08,0
2024-08-17,312,64501,Ноутбуки,8,26304.64,0
2024-08-17,312,64502,Ноутбуки,6,20482.81,0
2024-08-17,312,64503,Ноутбуки,6,26057.82,0
2024-08-17,312,64504,Ноутбуки,4,41916.77,0
2024-08-17,312,64505,Смартфони,11,30527.19,0
2024-08-17,312,64506,Смартфони,39,8154.23,1
2024-08-17,312,64507,Смартфони,27,14259.98,0
2024-08-17,312,64508,Смартфони,9,15940.93,0
2024-08-17,312,64509,Смартфони,15,34059.26,0
2024-08-17,312,64510,Холодильники,2,24626.21,0
2024-08-17,312,64511,Холодильники,0,18668.35,0
2024-08-17,312,64512,Холодильники,2,34269.4,0
2024-08-17,312,64513,Холодильники,1,35853.59,0
2024-08-17,312,64514,Холодильники,2,21575.81,0
2024-08-18,215,64500,Ноутбуки,2,34437.55,0
2024-08-18,215,64501,Ноутбуки,4,25480.65,0
2024-08-18,215,64502,Ноутбуки,9,19878.29,0
2024-08-18,215,64503,Ноутбуки,5,25708.81,0
2024-08-18,215,64504,Ноутбуки,4,41918.05,0
2024-08-18,215,64505,Смартфони,11,28732.05,0
2024-08-18,215,64506,Смартфони,15,9139.35,0
2024-08-18,215,64507,Смартфони,31,13945.05,0
2024-08-18,215,64508,Смартфони,18,16924.47,0
2024-08-18,215,64509,Смартфони,30,33523.63,0
2024-08-18,215,64510,Холодильники,0,23429.17,0
2024-08-18,215,64511,Холодильники,5,17397.99,1
2024-08-18,215,64512,Холодильники,3,31796.26,1
2024-08-18,215,64513,Холодильники,2,35726.87,0
2024-08-18,215,64514,Холодильники,3,22755.64,0
2024-08-18,312,64500,Ноутбуки,8,30650.91,1
2024-08-18,312,64501,Ноутбуки,6,26178.59,0
2024-08-18,312,64502,Ноутбуки,11,21435.18,0
2024-08-18,312,64503,Ноутбуки,5,24658.87,0
2024-08-18,312,64504,Ноутбуки,6,41431.88,0
2024-08-18,312,64505,Смартфони,9,30917.47,0
2024-08-18,312,64506,Смартфони,15,9499.59,0
2024-08-18,312,64507,Смартфони,17,14514.47,0
2024-08-18,312,64508,Смартфони,8,16561.06,0
2024-08-18,312,64509,Смартфони,12,34090.29,0
2024-08-18,312,64510,Холодильники,3,24289.76,0
2024-08-18,312,64511,Холодильники,4,18303.45,0
2024-08-18,312,64512,Холодильники,1,33830.02,0
2024-08-18,312,64513,Холодильники,4,36780.28,0
2024-08-18,312,64514,Холодильники,1,21676.75,0
2024-08-19,215,64500,Ноутбуки,5,33325.96,0
2024-08-19,215,64501,Ноутбуки,6,24563.01,0
2024-08-19,215,64502,Ноутбуки,11,20203.42,0
2024-08-19,215,64503,Ноутбуки,7,25438.29,0
2024-08-19,215,64504,Ноутбуки,2,38842.36,0
2024-08-19,215,64505,Смартфони,7,30631.52,0
2024-08-19,215,64506,Смартфони,29,9670.11,0
2024-08-19,215,64507,Смартфони,29,14066.68,0
2024-08-19,215,64508,Смартфони,26,14888.04,1
2024-08-19,215,64509,Смартфони,28,33081.86,0
2024-08-19,215,64510,Холодильники,2,24554.01,0
2024-08-19,215,64511,Холодильники,5,18718.99,0
2024-08-19,215,64512,Холодильники,0,36474.11,0
2024-08-19,215,64513,Холодильники,1,33689.02,0
2024-08-19,215,64514,Холодильники,1,19243.95,1
2024-08-19,312,64500,Ноутбуки,4,35013.89,0
2024-08-19,312,64501,Ноутбуки,1,26175.78,0
2024-08-19,312,64502,Ноутбуки,8,20392.04,0
2024-08-19,312,64503,Ноутбуки,6,26655.94,0
2024-08-19,312,64504,Ноутбуки,3,39754.44,0
2024-08-19,312,64505,Смартфони,4,29621.75,0
2024-08-19,312,64506,Смартфони,17,9249.7,0
2024-08-19,312,64507,Смартфони,16,14980.72,0
2024-08-19,312,64508,Смартфони,12,17090.83,0
2024-08-19,312,64509,Смартфони,15,33955.39,0
2024-08-19,312,64510,Холодильники,0,24778.15,0
2024-08-19,312,64511,Холодильники,3,19329.54,0
2024-08-19,312,64512,Холодильники,1,36223.75,0
2024-08-19,312,64513,Холодильники,1,34604.52,0
2024-08-19,312,64514,Холодильники,1,21570.91,0
2024-08-20,215,64500,Ноутбуки,5,34329.71,0
2024-08-20,215,64501,Ноутбуки,1,25789.02,0
2024-08-20,215,64502,Ноутбуки,13,20429.62,0
2024-08-20,215,64503,Ноутбуки,10,25019.43,0
2024-08-20,215,64504,Ноутбуки,7,39891.93,0
2024-08-20,215,64505,Смартфони,13,29892.95,0
2024-08-20,215,64506,Смартфони,20,9106.98,0
2024-08-20,215,64507,Смартфони,39,13588.01,0
2024-08-20,215,64508,Смартфони,11,16840.93,0
2024-08-20,215,64509,Смартфони,20,33059.65,0
2024-08-20,215,64510,Холодильники,0,24059.96,0
2024-08-20,215,64511,Холодильники,4,19428.71,0
2024-08-20,215,64512,Холодильники,1,35481.39,0
2024-08-20,215,64513,Холодильники,1,37820.22,0
2024-08-20,215,64514,Холодильники,5,22139.53,0
2024-08-20,312,64500,Ноутбуки,3,35016.56,0
2024-08-20,312,64501,Ноутбуки,5,25855.98,0
2024-08-20,312,64502,Ноутбуки,10,20088.61,1
2024-08-20,312,64503,Ноутбуки,4,25137.75,0
2024-08-20,312,64504,Ноутбуки,6,41800.62,0
2024-08-20,312,64505,Смартфони,8,28419.31,0
2024-08-20,312,64506,Смартфони,17,9469.83,0
2024-08-20,312,64507,Смартфони,12,14406.82,0
2024-08-20,312,64508,Смартфони,11,18004.26,0
2024-08-20,312,64509,Смартфони,23,34658.22,0
2024-08-20,312,64510,Холодильники,2,24715.07,0
2024-08-20,312,64511,Холодильники,0,18791.85,0
2024-08-20,312,64512,Холодильники,2,32864.57,0
2024-08-20,312,64513,Холодильники,5,36692.56,0
2024-08-20,312,64514,Холодильники,1,22013.29,0
2024-08-21,215,64500,Ноутбуки,4,34773.15,0
2024-08-21,215,64501,Ноутбуки,6,24588.37,0
2024-08-21,215,64502,Ноутбуки,8,21140.69,0
2024-08-21,215,64503,Ноутбуки,8,26837.96,0
2024-08-21,215,64504,Ноутбуки,6,40599.87,0
2024-08-21,215,64505,Смартфони,9,29418.5,0
2024-08-21,215,64506,Смартфони,15,9301.66,0
2024-08-21,215,64507,Смартфони,19,14063.04,0
2024-08-21,215,64508,Смартфони,8,16387.6,0
2024-08-21,215,64509,Смартфони,20,33692.76,0
2024-08-21,215,64510,Холодильники,5,24205.98,0
2024-08-21,215,64511,Холодильники,5,20387.69,0
2024-08-21,215,64512,Холодильники,3,34394.0,0
2024-08-21,215,64513,Холодильники,2,36702.27,0
2024-08-21,215,64514,Холодильники,0,21158.36,0
2024-08-21,312,64500,Ноутбуки,2,30218.26,1
2024-08-21,312,64501,Ноутбуки,3,26703.05,0
2024-08-21,312,64502,Ноутбуки,9,21242.16,0
2024-08-21,312,64503,Ноутбуки,5,26978.12,0
2024-08-21,312,64504,Ноутбуки,2,39532.97,0
2024-08-21,312,64505,Смартфони,8,30514.06,0
2024-08-21,312,64506,Смартфони,17,9234.73,0
2024-08-21,312,64507,Смартфони,20,13906.53,0
2024-08-21,312,64508,Смартфони,9,16417.71,0
2024-08-21,312,64509,Смартфони,10,35576.92,0
2024-08-21,312,64510,Холодильники,4,24293.32,0
2024-08-21,312,64511,Холодильники,2,19015.15,0
2024-08-21,312,64512,Холодильники,1,35200.91,0
2024-08-21,312,64513,Холодильники,0,35149.68,0
2024-08-21,312,64514,Холодильники,2,19778.78,0
2024-08-22,215,64500,Ноутбуки,6,36661.71,0
2024-08-22,215,64501,Ноутбуки,8,25915.28,0
2024-08-22,215,64502,Ноутбуки,14,21779.91,0
2024-08-22,215,64503,Ноутбуки,7,25367.21,0
2024-08-22,215,64504,Ноутбуки,12,39075.79,0
2024-08-22,215,64505,Смартфони,25,26959.32,1
2024-08-22,215,64506,Смартфони,28,8765.63,0
2024-08-22,215,64507,Смартфони,26,13874.61,0
2024-08-22,215,64508,Смартфони,13,16964.57,0
2024-08-22,215,64509,Смартфони,64,27833.37,1
2024-08-22,215,64510,Холодильники,3,23913.47,0
2024-08-22,215,64511,Холодильники,5,16259.56,1
2024-08-22,215,64512,Холодильники,5,36249.05,0
2024-08-22,215,64513,Холодильники,2,36257.48,0
2024-08-22,215,64514,Холодильники,0,22505.41,0
2024-08-22,312,64500,Ноутбуки,4,36557.75,0
2024-08-22,312,64501,Ноутбуки,2,25032.76,0
2024-08-22,312,64502,Ноутбуки,11,17431.37,1
2024-08-22,312,64503,Ноутбуки,5,26051.27,0
2024-08-22,312,64504,Ноутбуки,7,41633.34,0
2024-08-22,312,64505,Смартфони,10,30128.34,0
2024-08-22,312,64506,Смартфони,13,9050.53,0
2024-08-22,312,64507,Смартфони,27,14392.71,0
2024-08-22,312,64508,Смартфони,20,14439.88,1
2024-08-22,312,64509,Смартфони,23,32631.27,0
2024-08-22,312,64510,Холодильники,2,24330.85,0
2024-08-22,312,64511,Холодильники,3,18909.86,0
2024-08-22,312,64512,Холодильники,8,33740.1,0
2024-08-22,312,64513,Холодильники,1,34643.65,0
2024-08-22,312,64514,Холодильники,0,23679.26,0
2024-08-23,215,64500,Ноутбуки,5,35375.07,0
2024-08-23,215,64501,Ноутбуки,9,24212.89,0
2024-08-23,215,64502,Ноутбуки,11,21562.94,0
2024-08-23,215,64503,Ноутбуки,13,26587.53,0
2024-08-23,215,64504,Ноутбуки,12,40362.52,0
2024-08-23,215,64505,Смартфони,15,30154.8,0
2024-08-23,215,64506,Смартфони,31,9758.82,0
2024-08-23,215,64507,Смартфони,30,14148.2,0
2024-08-23,215,64508,Смартфони,16,16565.99,0
2024-08-23,215,64509,Смартфони,35,34724.71,0
2024-08-23,215,64510,Холодильники,7,24524.97,0
2024-08-23,215,64511,Холодильники,2,16449.21,1
2024-08-23,215,64512,Холодильники,1,35203.89,0
2024-08-23,215,64513,Холодильники,4,38758.08,0
2024-08-23,215,64514,Холодильники,1,22858.34,0
2024-08-23,312,64500,Ноутбуки,4,34994.85,0
2024-08-23,312,64501,Ноутбуки,5,26631.13,0
2024-08-23,312,64502,Ноутбуки,9,21491.49,0
2024-08-23,312,64503,Ноутбуки,6,26070.64,0
2024-08-23,312,64504,Ноутбуки,18,35201.75,1
2024-08-23,312,64505,Смартфони,13,28870.04,0
2024-08-23,312,64506,Смартфони,22,9370.23,0
2024-08-23,312,64507,Смартфони,21,14341.94,0
2024-08-23,312,64508,Смартфони,17,16772.32,0
2024-08-23,312,64509,Смартфони,24,34343.47,0
2024-08-23,312,64510,Холодильники,3,23628.43,0
2024-08-23,312,64511,Холодильники,1,18466.11,0
2024-08-23,312,64512,Холодильники,2,35057.6,0
2024-08-23,312,64513,Холодильники,0,34249.13,0
2024-08-23,312,64514,Холодильники,0,22073.72,0
2024-08-24,215,64500,Ноутбуки,12,34431.58,0
2024-08-24,215,64501,Ноутбуки,15,24867.18,0
2024-08-24,215,64502,Ноутбуки,22,21243.33,0
2024-08-24,215,64503,Ноутбуки,13,25225.69,0
2024-08-24,215,64504,Ноутбуки,13,39981.16,0
2024-08-24,215,64505,Смартфони,31,31046.41,0
2024-08-24,215,64506,Смартфони,42,9592.4,0
2024-08-24,215,64507,Смартфони,91,13159.78,1
2024-08-24,215,64508,Смартфони,39,16002.34,0
2024-08-24,215,64509,Смартфони,67,32965.37,0
2024-08-24,215,64510,Холодильники,5,23856.25,0
2024-08-24,215,64511,Холодильники,5,19796.01,0
2024-08-24,215,64512,Холодильники,4,34479.08,0
2024-08-24,215,64513,Холодильники,4,36787.54,0
2024-08-24,215,64514,Холодильники,2,21613.79,0
2024-08-24,312,64500,Ноутбуки,6,33986.09,0
2024-08-24,312,64501,Ноутбуки,15,26202.96,0
2024-08-24,312,64502,Ноутбуки,21,20804.03,0
2024-08-24,312,64503,Ноутбуки,10,24472.7,0
2024-08-24,312,64504,Ноутбуки,15,40790.84,0
2024-08-24,312,64505,Смартфони,21,28862.41,0
2024-08-24,312,64506,Смартфони,46,9598.62,0
2024-08-24,312,64507,Смартфони,36,14467.63,0
2024-08-24,312,64508,Смартфони,18,17203.64,0
2024-08-24,312,64509,Смартфони,46,33500.99,0
2024-08-24,312,64510,Холодильники,6,22191.23,1
2024-08-24,312,64511,Холодильники,5,18887.85,0
2024-08-24,312,64512,Холодильники,4,34601.01,0
2024-08-24,312,64513,Холодильники,0,36723.29,0
2024-08-24,312,64514,Холодильники,5,21346.56,0
2024-08-25,215,64500,Ноутбуки,6,34714.48,0
2024-08-25,215,64501,Ноутбуки,7,25961.52,0
2024-08-25,215,64502,Ноутбуки,16,21086.45,0
2024-08-25,215,64503,Ноутбуки,11,25205.86,0
2024-08-25,215,64504,Ноутбуки,5,40358.97,0
2024-08-25,215,64505,Смартфони,20,27588.04,0
2024-08-25,215,64506,Смартфони,22,9323.5,0
2024-08-25,215,64507,Смартфони,43,14240.88,0
2024-08-25,215,64508,Смартфони,21,16829.01,0
2024-08-25,215,64509,Смартфони,30,34058.25,0
2024-08-25,215,64510,Холодильники,5,24740.49,0
2024-08-25,215,64511,Холодильники,4,20011.53,0
2024-08-25,215,64512,Холодильники,5,32964.91,0
2024-08-25,215,64513,Холодильники,3,35691.89,0
2024-08-25,215,64514,Холодильники,2,21578.69,0
2024-08-25,312,64500,Ноутбуки,2,33766.34,0
2024-08-25,312,64501,Ноутбуки,6,24620.83,0
2024-08-25,312,64502,Ноутбуки,12,20258.29,0
2024-08-25,312,64503,Ноутбуки,8,25320.3,0
2024-08-25,312,64504,Ноутбуки,7,34450.29,1
2024-08-25,312,64505,Смартфони,23,26865.55,1
2024-08-25,312,64506,Смартфони,29,8752.06,1
2024-08-25,312,64507,Смартфони,16,14316.18,0
2024-08-25,312,64508,Смартфони,19,15733.22,0
2024-08-25,312,64509,Смартфони,35,33576.73,0
2024-08-25,312,64510,Холодильники,9,24632.63,0
2024-08-25,312,64511,Холодильники,4,18435.25,0
2024-08-25,312,64512,Холодильники,3,34918.6,0
2024-08-25,312,64513,Холодильники,3,35736.53,0
2024-08-25,312,64514,Холодильники,0,21796.65,0
2024-08-26,215,64500,Ноутбуки,2,37977.05,0
2024-08-26,215,64501,Ноутбуки,9,26145.02,0
2024-08-26,215,64502,Ноутбуки,13,21530.95,0
2024-08-26,215,64503,Ноутбуки,5,25076.2,0
2024-08-26,215,64504,Ноутбуки,12,41755.22,0
2024-08-26,215,64505,Смартфони,13,29140.47,0
2024-08-26,215,64506,Смартфони,27,9427.11,0
2024-08-26,215,64507,Смартфони,29,14602.25,0
2024-08-26,215,64508,Смартфони,19,16627.81,0
2024-08-26,215,64509,Смартфони,32,34178.54,0
2024-08-26,215,64510,Холодильники,2,23502.97,0
2024-08-26,215,64511,Холодильники,7,20109.75,0
2024-08-26,215,64512,Холодильники,3,33797.94,0
2024-08-26,215,64513,Холодильники,4,36648.81,0
2024-08-26,215,64514,Холодильники,3,18987.06,1
2024-08-26,312,64500,Ноутбуки,4,29032.8,1
2024-08-26,312,64501,Ноутбуки,2,25773.4,0
2024-08-26,312,64502,Ноутбуки,11,20542.73,0
2024-08-26,312,64503,Ноутбуки,2,27112.91,0
2024-08-26,312,64504,Ноутбуки,8,39613.19,0
2024-08-26,312,64505,Смартфони,7,29890.03,0
2024-08-26,312,64506,Смартфони,27,9620.71,0
2024-08-26,312,64507,Смартфони,15,14802.19,0
2024-08-26,312,64508,Смартфони,15,16989.9,0
2024-08-26,312,64509,Смартфони,17,32853.99,0
2024-08-26,312,64510,Холодильники,3,20472.68,1
2024-08-26,312,64511,Холодильники,0,18408.68,0
2024-08-26,312,64512,Холодильники,1,35013.28,0
2024-08-26,312,64513,Холодильники,2,36467.61,0
2024-08-26,312,64514,Холодильники,3,22515.22,0
2024-08-27,215,64500,Ноутбуки,1,33263.55,0
2024-08-27,215,64501,Ноутбуки,6,25154.26,0
2024-08-27,215,64502,Ноутбуки,7,20893.28,0
2024-08-27,215,64503,Ноутбуки,7,25083.25,0
2024-08-27,215,64504,Ноутбуки,5,38536.78,0
2024-08-27,215,64505,Смартфони,10,28807.8,0
2024-08-27,215,64506,Смартфони,26,9758.84,0
2024-08-27,215,64507,Смартфони,44,12697.77,1
2024-08-27,215,64508,Смартфони,11,15545.19,0
2024-08-27,215,64509,Смартфони,30,34038.69,0
2024-08-27,215,64510,Холодильники,1,25356.85,0
2024-08-27,215,64511,Холодильники,3,19840.84,0
2024-08-27,215,64512,Холодильники,2,34741.55,0
2024-08-27,215,64513,Холодильники,1,35678.94,0
2024-08-27,215,64514,Холодильники,3,22682.87,0
2024-08-27,312,64500,Ноутбуки,6,34521.34,0
2024-08-27,312,64501,Ноутбуки,5,25059.61,0
2024-08-27,312,64502,Ноутбуки,10,18686.39,1
2024-08-27,312,64503,Ноутбуки,5,26526.13,0
2024-08-27,312,64504,Ноутбуки,2,39944.13,0
2024-08-27,312,64505,Смартфони,7,27896.64,0
2024-08-27,312,64506,Смартфони,12,9561.64,0
2024-08-27,312,64507,Смартфони,13,14383.72,0
2024-08-27,312,64508,Смартфони,9,16791.69,0
2024-08-27,312,64509,Смартфони,25,33500.5,0
2024-08-27,312,64510,Холодильники,1,21387.17,1
2024-08-27,312,64511,Холодильники,5,18957.83,0
2024-08-27,312,64512,Холодильники,1,34325.46,0
2024-08-27,312,64513,Холодильники,0,35822.45,0
2024-08-27,312,64514,Холодильники,0,21016.95,0
2024-08-28,215,64500,Ноутбуки,4,34449.97,0
2024-08-28,215,64501,Ноутбуки,1,23906.48,0
2024-08-28,215,64502,Ноутбуки,9,21275.81,0
2024-08-28,215,64503,Ноутбуки,7,26332.99,0
2024-08-28,215,64504,Ноутбуки,9,39871.42,0
2024-08-28,215,64505,Смартфони,11,27192.9,0
2024-08-28,215,64506,Смартфони,15,9262.31,0
2024-08-28,215,64507,Смартфони,16,14062.77,0
2024-08-28,215,64508,Смартфони,19,16526.86,0
2024-08-28,215,64509,Смартфони,18,32388.29,0
2024-08-28,215,64510,Холодильники,7,23861.71,0
2024-08-28,215,64511,Холодильники,2,19238.28,0
2024-08-28,215,64512,Холодильники,1,33998.77,0
2024-08-28,215,64513,Холодильники,2,36116.77,0
2024-08-28,215,64514,Холодильники,2,22257.44,0
2024-08-28,312,64500,Ноутбуки,0,32805.81,0
2024-08-28,312,64501,Ноутбуки,8,26006.56,0
2024-08-28,312,64502,Ноутбуки,7,20869.35,0
2024-08-28,312,64503,Ноутбуки,4,25917.99,0
2024-08-28,312,64504,Ноутбуки,5,41802.43,0
2024-08-28,312,64505,Смартфони,9,29531.43,0
2024-08-28,312,64506,Смартфони,14,9393.94,0
2024-08-28,312,64507,Смартфони,19,15069.03,0
2024-08-28,312,64508,Смартфони,12,17149.14,0
2024-08-28,312,64509,Смартфони,12,33521.31,0
2024-08-28,312,64510,Холодильники,4,25622.89,0
2024-08-28,312,64511,Холодильники,3,18524.21,0
2024-08-28,312,64512,Холодильники,2,34562.8,0
2024-08-28,312,64513,Холодильники,0,35463.68,0
2024-08-28,312,64514,Холодильники,3,23146.75,0
2024-08-29,215,64500,Ноутбуки,3,34695.15,0
2024-08-29,215,64501,Ноутбуки,3,22288.19,1
2024-08-29,215,64502,Ноутбуки,13,21653.02,0
2024-08-29,215,64503,Ноутбуки,7,24356.93,1
2024-08-29,215,64504,Ноутбуки,6,41285.24,0
2024-08-29,215,64505,Смартфони,11,29557.87,0
2024-08-29,215,64506,Смартфони,11,9357.79,0
2024-08-29,215,64507,Смартфони,25,14621.47,0
2024-08-29,215,64508,Смартфони,13,16447.54,0
2024-08-29,215,64509,Смартфони,17,35073.65,0
2024-08-29,215,64510,Холодильники,4,23489.52,0
2024-08-29,215,64511,Холодильники,0,18313.36,0
2024-08-29,215,64512,Холодильники,4,34305.18,0
2024-08-29,215,64513,Холодильники,0,36028.16,0
2024-08-29,215,64514,Холодильники,3,21795.78,0
2024-08-29,312,64500,Ноутбуки,2,35757.05,0
2024-08-29,312,64501,Ноутбуки,2,26279.29,0
2024-08-29,312,64502,Ноутбуки,6,22167.97,0
2024-08-29,312,64503,Ноутбуки,4,26903.77,0
2024-08-29,312,64504,Ноутбуки,6,37982.35,0
2024-08-29,312,64505,Смартфони,11,27775.15,1
2024-08-29,312,64506,Смартфони,14,8705.69,0
2024-08-29,312,64507,Смартфони,19,13170.42,0
2024-08-29,312,64508,Смартфони,14,16706.22,0
2024-08-29,312,64509,Смартфони,11,33474.08,0
2024-08-29,312,64510,Холодильники,3,23329.12,0
2024-08-29,312,64511,Холодильники,6,18224.0,0
2024-08-29,312,64512,Холодильники,3,32789.73,0
2024-08-29,312,64513,Холодильники,0,36456.69,0
2024-08-29,312,64514,Холодильники,0,18932.75,1
2024-08-30,215,64500,Ноутбуки,3,36392.45,0
2024-08-30,215,64501,Ноутбуки,2,25291.2,0
2024-08-30,215,64502,Ноутбуки,15,21688.1,0
2024-08-30,215,64503,Ноутбуки,10,26311.39,0
2024-08-30,215,64504,Ноутбуки,3,41545.0,0
2024-08-30,215,64505,Смартфони,17,28445.81,0
2024-08-30,215,64506,Смартфони,26,9247.4,0
2024-08-30,215,64507,Смартфони,28,14311.39,0
2024-08-30,215,64508,Смартфони,18,16488.33,0
2024-08-30,215,64509,Смартфони,29,33508.13,0
2024-08-30,215,64510,Холодильники,3,23915.4,0
2024-08-30,215,64511,Холодильники,2,19552.57,0
2024-08-30,215,64512,Холодильники,2,37274.18,0
2024-08-30,215,64513,Холодильники,1,36213.85,0
2024-08-30,215,64514,Холодильники,2,22242.32,0
2024-08-30,312,64500,Ноутбуки,2,34633.78,0
2024-08-30,312,64501,Ноутбуки,2,24376.83,0
2024-08-30,312,64502,Ноутбуки,4,19836.04,0
2024-08-30,312,64503,Ноутбуки,3,25706.26,0
2024-08-30,312,64504,Ноутбуки,8,39283.04,0
2024-08-30,312,64505,Смартфони,8,28962.33,0
2024-08-30,312,64506,Смартфони,21,9454.38,0
2024-08-30,312,64507,Смартфони,21,14625.49,0
2024-08-30,312,64508,Смартфони,18,17169.13,0
2024-08-30,312,64509,Смартфони,26,32789.95,0
2024-08-30,312,64510,Холодильники,2,25460.03,0
2024-08-30,312,64511,Холодильники,3,19621.6,0
2024-08-30,312,64512,Холодильники,1,34129.0,0
2024-08-30,312,64513,Холодильники,3,34772.7,0
2024-08-30,312,64514,Холодильники,1,21526.14,0
2024-08-31,215,64500,Ноутбуки,5,35600.44,0
2024-08-31,215,64501,Ноутбуки,5,26294.07,0
2024-08-31,215,64502,Ноутбуки,14,20284.85,0
2024-08-31,215,64503,Ноутбуки,12,27387.31,0
2024-08-31,215,64504,Ноутбуки,13,38611.73,0
2024-08-31,215,64505,Смартфони,17,28231.45,0
2024-08-31,215,64506,Смартфони,29,9207.07,0
2024-08-31,215,64507,Смартфони,32,14617.92,0
2024-08-31,215,64508,Смартфони,13,15981.88,0
2024-08-31,215,64509,Смартфони,33,33788.17,0
2024-08-31,215,64510,Холодильники,8,24257.96,0
2024-08-31,215,64511,Холодильники,4,16826.39,1
2024-08-31,215,64512,Холодильники,5,35990.16,0
2024-08-31,215,64513,Холодильники,2,34586.07,0
2024-08-31,215,64514,Холодильники,3,22242.98,0
2024-08-31,312,64500,Ноутбуки,1,35056.15,0
2024-08-31,312,64501,Ноутбуки,5,25502.43,0
2024-08-31,312,64502,Ноутбуки,9,20249.22,0
2024-08-31,312,64503,Ноутбуки,7,25908.05,0
2024-08-31,312,64504,Ноутбуки,5,39377.21,0
2024-08-31,312,64505,Смартфони,6,28835.11,0
2024-08-31,312,64506,Смартфони,20,8954.96,0
2024-08-31,312,64507,Смартфони,26,14158.02,0
2024-08-31,312,64508,Смартфони,25,16445.68,0
2024-08-31,312,64509,Смартфони,32,33353.21,0
2024-08-31,312,64510,Холодильники,1,24667.73,0
2024-08-31,312,64511,Холодильники,3,19003.76,0
2024-08-31,312,64512,Холодильники,4,34930.85,0
2024-08-31,312,64513,Холодильники,1,35451.47,0
2024-08-31,312,64514,Холодильники,1,22825.96,0
2024-09-01,215,64500,Ноутбуки,5,33337.36,0
2024-09-01,215,64501,Ноутбуки,2,26376.86,0
2024-09-01,215,64502,Ноутбуки,10,21721.92,0
2024-09-01,215,64503,Ноутбуки,3,25647.89,0
2024-09-01,215,64504,Ноутбуки,13,42236.4,0
2024-09-01,215,64505,Смартфони,19,27890.51,0
2024-09-01,215,64506,Смартфони,19,9551.55,0
2024-09-01,215,64507,Смартфони,23,14390.4,0
2024-09-01,215,64508,Смартфони,10,16585.45,0
2024-09-01,215,64509,Смартфони,23,32701.48,0
2024-09-01,215,64510,Холодильники,2,23495.41,0
2024-09-01,215,64511,Холодильники,1,19943.06,0
2024-09-01,215,64512,Холодильники,2,34469.3,0
2024-09-01,215,64513,Холодильники,3,36141.2,0
2024-09-01,215,64514,Холодильники,1,21305.03,0
2024-09-01,312,64500,Ноутбуки,3,39018.05,0
2024-09-01,312,64501,Ноутбуки,3,24901.27,0
2024-09-01,312,64502,Ноутбуки,8,20955.36,0
2024-09-01,312,64503,Ноутбуки,5,25319.85,0
2024-09-01,312,64504,Ноутбуки,4,40173.14,0
2024-09-01,312,64505,Смартфони,5,29909.34,0
2024-09-01,312,64506,Смартфони,13,9374.11,0
2024-09-01,312,64507,Смартфони,16,14226.35,0
2024-09-01,312,64508,Смартфони,9,17310.83,0
2024-09-01,312,64509,Смартфони,29,29878.33,1
2024-09-01,312,64510,Холодильники,1,23803.47,0
2024-09-01,312,64511,Холодильники,1,19670.51,0
2024-09-01,312,64512,Холодильники,3,35262.4,0
2024-09-01,312,64513,Холодильники,2,34967.69,0
2024-09-01,312,64514,Холодильники,2,22083.39,0
2024-09-02,215,64500,Ноутбуки,5,34454.67,0
2024-09-02,215,64501,Ноутбуки,4,25923.68,0
2024-09-02,215,64502,Ноутбуки,7,21179.64,0
2024-09-02,215,64503,Ноутбуки,4,26134.83,0
2024-09-02,215,64504,Ноутбуки,3,39459.4,0
2024-09-02,215,64505,Смартфони,10,27822.04,0
2024-09-02,215,64506,Смартфони,18,9131.58,0
2024-09-02,215,64507,Смартфони,20,14170.42,0
2024-09-02,215,64508,Смартфони,11,16940.28,0
2024-09-02,215,64509,Смартфони,19,35661.51,0
2024-09-02,215,64510,Холодильники,0,25402.73,0
2024-09-02,215,64511,Холодильники,4,19533.48,0
2024-09-02,215,64512,Холодильники,3,34237.09,0
2024-09-02,215,64513,Холодильники,1,37403.62,0
2024-09-02,215,64514,Холодильники,1,19759.79,1
2024-09-02,312,64500,Ноутбуки,0,36956.96,0
2024-09-02,312,64501,Ноутбуки,4,25986.26,0
2024-09-02,312,64502,Ноутбуки,9,20648.87,0
2024-09-02,312,64503,Ноутбуки,7,25647.77,0
2024-09-02,312,64504,Ноутбуки,2,40585.04,0
2024-09-02,312,64505,Смартфони,14,27285.87,1
2024-09-02,312,64506,Смартфони,7,9285.33,0
2024-09-02,312,64507,Смартфони,14,14474.9,0
2024-09-02,312,64508,Смартфони,4,17015.54,0
2024-09-02,312,64509,Смартфони,18,32878.06,0
2024-09-02,312,64510,Холодильники,0,24101.54,0
2024-09-02,312,64511,Холодильники,3,18801.96,0
2024-09-02,312,64512,Холодильники,0,34267.08,0
2024-09-02,312,64513,Холодильники,0,37641.92,0
2024-09-02,312,64514,Холодильники,0,22399.81,0
2024-09-03,215,64500,Ноутбуки,7,32340.01,1
2024-09-03,215,64501,Ноутбуки,9,24652.24,0
2024-09-03,215,64502,Ноутбуки,6,21021.22,0
2024-09-03,215,64503,Ноутбуки,2,25816.98,0
2024-09-03,215,64504,Ноутбуки,6,35356.4,1
2024-09-03,215,64505,Смартфони,7,30263.13,0
2024-09-03,215,64506,Смартфони,13,9792.9,0
2024-09-03,215,64507,Смартфони,21,14551.71,0
2024-09-03,215,64508,Смартфони,10,16922.55,0
2024-09-03,215,64509,Смартфони,15,33376.77,0
2024-09-03,215,64510,Холодильники,2,23643.08,0
2024-09-03,215,64511,Холодильники,3,19543.99,0
2024-09-03,215,64512,Холодильники,3,32472.36,0
2024-09-03,215,64513,Холодильники,1,36393.17,0
2024-09-03,215,64514,Холодильники,2,22615.45,0
2024-09-03,312,64500,Ноутбуки,3,33453.71,0
2024-09-03,312,64501,Ноутбуки,2,25788.78,0
2024-09-03,312,64502,Ноутбуки,5,20586.41,0
2024-09-03,312,64503,Ноутбуки,1,26075.06,0
2024-09-03,312,64504,Ноутбуки,6,39318.69,0
2024-09-03,312,64505,Смартфони,5,28542.54,0
2024-09-03,312,64506,Смартфони,5,8912.29,0
2024-09-03,312,64507,Смартфони,18,13520.12,0
2024-09-03,312,64508,Смартфони,8,17182.47,0
2024-09-03,312,64509,Смартфони,17,33276.22,0
2024-09-03,312,64510,Холодильники,0,23671.09,0
2024-09-03,312,64511,Холодильники,3,19430.88,0
2024-09-03,312,64512,Холодильники,3,34600.47,0
2024-09-03,312,64513,Холодильники,1,34491.83,0
2024-09-03,312,64514,Холодильники,1,22696.31,0
2024-09-04,215,64500,Ноутбуки,6,34177.9,0
2024-09-04,215,64501,Ноутбуки,4,25993.08,0
2024-09-04,215,64502,Ноутбуки,8,20392.5,0
2024-09-04,215,64503,Ноутбуки,3,26510.85,0
2024-09-04,215,64504,Ноутбуки,5,40633.46,0
2024-09-04,215,64505,Смартфони,10,29305.18,0
2024-09-04,215,64506,Смартфони,15,9447.98,0
2024-09-04,215,64507,Смартфони,19,14874.84,0
2024-09-04,215,64508,Смартфони,18,15876.98,0
2024-09-04,215,64509,Смартфони,21,32766.1,0
2024-09-04,215,64510,Холодильники,2,23664.79,0
2024-09-04,215,64511,Холодильники,5,19244.47,0
2024-09-04,215,64512,Холодильники,1,34759.98,0
2024-09-04,215,64513,Холодильники,3,36775.83,0
2024-09-04,215,64514,Холодильники,1,22322.32,0
2024-09-04,312,64500,Ноутбуки,5,35951.86,0
2024-09-04,312,64501,Ноутбуки,0,26640.04,0
2024-09-04,312,64502,Ноутбуки,8,21238.99,0
2024-09-04,312,64503,Ноутбуки,5,24446.56,0
2024-09-04,312,64504,Ноутбуки,2,40811.58,0
2024-09-04,312,64505,Смартфони,6,29500.0,0
2024-09-04,312,64506,Смартфони,15,9034.48,0
2024-09-04,312,64507,Смартфони,14,14306.27,0
2024-09-04,312,64508,Смартфони,4,16673.42,0
2024-09-04,312,64509,Смартфони,12,35468.63,0
2024-09-04,312,64510,Холодильники,1,24602.36,0
2024-09-04,312,64511,Холодильники,2,18878.36,0
2024-09-04,312,64512,Холодильники,1,34987.18,0
2024-09-04,312,64513,Холодильники,1,35507.69,0
2024-09-04,312,64514,Холодильники,1,21910.43,0
2024-09-05,215,64500,Ноутбуки,3,35671.02,0
2024-09-05,215,64501,Ноутбуки,1,26567.07,0
2024-09-05,215,64502,Ноутбуки,14,18945.49,1
2024-09-05,215,64503,Ноутбуки,3,26158.54,0
2024-09-05,215,64504,Ноутбуки,7,39826.39,0
2024-09-05,215,64505,Смартфони,9,29771.5,0
2024-09-05,215,64506,Смартфони,12,9344.32,0
2024-09-05,215,64507,Смартфони,21,13903.48,0
2024-09-05,215,64508,Смартфони,8,16449.05,0
2024-09-05,215,64509,Смартфони,25,33872.93,0
2024-09-05,215,64510,Холодильники,3,23678.44,0
2024-09-05,215,64511,Холодильники,3,19210.69,0
2024-09-05,215,64512,Холодильники,2,35491.01,0
2024-09-05,215,64513,Холодильники,3,35680.77,0
2024-09-05,215,64514,Холодильники,1,21930.55,0
2024-09-05,312,64500,Ноутбуки,0,35976.5,0
2024-09-05,312,64501,Ноутбуки,2,24884.19,0
2024-09-05,312,64502,Ноутбуки,6,20448.31,0
2024-09-05,312,64503,Ноутбуки,5,26769.02,0
2024-09-05,312,64504,Ноутбуки,3,40994.85,0
2024-09-05,312,64505,Смартфони,5,29138.8,0
2024-09-05,312,64506,Смартфони,11,9538.08,0
2024-09-05,312,64507,Смартфони,13,13698.67,0
2024-09-05,312,64508,Смартфони,6,16186.76,0
2024-09-05,312,64509,Смартфони,17,33525.76,0
2024-09-05,312,64510,Холодильники,2,24241.07,0
2024-09-05,312,64511,Холодильники,4,18953.21,0
2024-09-05,312,64512,Холодильники,2,34794.01,0
2024-09-05,312,64513,Холодильники,2,36569.1,0
2024-09-05,312,64514,Холодильники,0,21714.98,0
2024-09-06,215,64500,Ноутбуки,3,33134.73,0
2024-09-06,215,64501,Ноутбуки,5,25328.94,0
2024-09-06,215,64502,Ноутбуки,5,20273.72,0
2024-09-06,215,64503,Ноутбуки,11,25618.96,0
2024-09-06,215,64504,Ноутбуки,3,43582.79,0
2024-09-06,215,64505,Смартфони,8,29483.23,0
2024-09-06,215,64506,Смартфони,14,9297.62,0
2024-09-06,215,64507,Смартфони,43,12775.32,1
2024-09-06,215,64508,Смартфони,18,16788.89,0
2024-09-06,215,64509,Смартфони,20,34026.46,0
2024-09-06,215,64510,Холодильники,4,24035.28,0
2024-09-06,215,64511,Холодильники,4,19579.64,0
2024-09-06,215,64512,Холодильники,3,34140.63,0
2024-09-06,215,64513,Холодильники,0,36478.19,0
2024-09-06,215,64514,Холодильники,1,20973.54,0
2024-09-06,312,64500,Ноутбуки,6,35191.27,0
2024-09-06,312,64501,Ноутбуки,5,25745.17,0
2024-09-06,312,64502,Ноутбуки,2,21355.97,0
2024-09-06,312,64503,Ноутбуки,4,25819.98,0
2024-09-06,312,64504,Ноутбуки,7,40811.84,0
2024-09-06,312,64505,Смартфони,7,29944.51,0
2024-09-06,312,64506,Смартфони,13,9114.74,0
2024-09-06,312,64507,Смартфони,14,13957.76,0
2024-09-06,312,64508,Смартфони,7,17124.49,0
2024-09-06,312,64509,Смартфони,23,34638.04,0
2024-09-06,312,64510,Холодильники,1,24190.91,0
2024-09-06,312,64511,Холодильники,3,18801.36,0
2024-09-06,312,64512,Холодильники,4,33447.03,0
2024-09-06,312,64513,Холодильники,1,36607.29,0
2024-09-06,312,64514,Холодильники,1,22405.24,0
2024-09-07,215,64500,Ноутбуки,3,34310.8,0
2024-09-07,215,64501,Ноутбуки,2,25781.07,0
2024-09-07,215,64502,Ноутбуки,13,20925.56,0
2024-09-07,215,64503,Ноутбуки,9,25275.8,0
2024-09-07,215,64504,Ноутбуки,8,40831.74,0
2024-09-07,215,64505,Смартфони,15,28926.89,0
2024-09-07,215,64506,Смартфони,26,9951.13,0
2024-09-07,215,64507,Смартфони,21,14410.74,0
2024-09-07,215,64508,Смартфони,24,17279.87,0
2024-09-07,215,64509,Смартфони,24,33161.75,0
2024-09-07,215,64510,Холодильники,7,23783.16,0
2024-09-07,215,64511,Холодильники,4,19675.01,0
2024-09-07,215,64512,Холодильники,4,32588.81,0
2024-09-07,215,64513,Холодильники,4,35605.79,0
2024-09-07,215,64514,Холодильники,2,20146.68,1
2024-09-07,312,64500,Ноутбуки,2,34403.18,0
2024-09-07,312,64501,Ноутбуки,4,26179.09,0
2024-09-07,312,64502,Ноутбуки,7,21869.12,0
2024-09-07,312,64503,Ноутбуки,8,26421.66,0
2024-09-07,312,64504,Ноутбуки,4,39909.1,0
2024-09-07,312,64505,Смартфони,9,29511.29,0
2024-09-07,312,64506,Смартфони,16,9282.03,0
2024-09-07,312,64507,Смартфони,20,14574.94,0
2024-09-07,312,64508,Смартфони,14,16356.23,0
2024-09-07,312,64509,Смартфони,19,32808.86,0
2024-09-07,312,64510,Холодильники,4,24648.78,0
2024-09-07,312,64511,Холодильники,5,18471.06,0
2024-09-07,312,64512,Холодильники,1,33503.91,0
2024-09-07,312,64513,Холодильники,2,34286.79,0
2024-09-07,312,64514,Холодильники,2,21066.12,0
2024-09-08,215,64500,Ноутбуки,6,34975.66,0
2024-09-08,215,64501,Ноутбуки,2,25417.41,0
2024-09-08,215,64502,Ноутбуки,9,20739.37,0
2024-09-08,215,64503,Ноутбуки,4,24183.63,0
2024-09-08,215,64504,Ноутбуки,7,38290.23,0
2024-09-08,215,64505,Смартфони,8,29293.28,0
2024-09-08,215,64506,Смартфони,24,9565.57,0
2024-09-08,215,64507,Смартфони,23,14299.97,0
2024-09-08,215,64508,Смартфони,13,16707.66,0
2024-09-08,215,64509,Смартфони,27,31949.82,0
2024-09-08,215,64510,Холодильники,2,24613.65,0
2024-09-08,215,64511,Холодильники,2,18749.89,0
2024-09-08,215,64512,Холодильники,1,36857.63,0
2024-09-08,215,64513,Холодильники,0,36295.24,0
2024-09-08,215,64514,Холодильники,3,19950.41,1
2024-09-08,312,64500,Ноутбуки,6,35194.16,0
2024-09-08,312,64501,Ноутбуки,3,26219.71,0
2024-09-08,312,64502,Ноутбуки,6,22015.62,0
2024-09-08,312,64503,Ноутбуки,8,25199.55,0
2024-09-08,312,64504,Ноутбуки,6,35795.41,1
2024-09-08,312,64505,Смартфони,4,30158.8,0
2024-09-08,312,64506,Смартфони,19,9182.05,0
2024-09-08,312,64507,Смартфони,16,14442.48,0
2024-09-08,312,64508,Смартфони,9,16407.02,0
2024-09-08,312,64509,Смартфони,23,32996.88,0
2024-09-08,312,64510,Холодильники,3,25289.44,0
2024-09-08,312,64511,Холодильники,7,19880.82,0
2024-09-08,312,64512,Холодильники,4,33409.27,0
2024-09-08,312,64513,Холодильники,2,33441.79,0
2024-09-08,312,64514,Холодильники,0,21754.33,0
2024-09-09,215,64500,Ноутбуки,3,33213.9,0
2024-09-09,215,64501,Ноутбуки,5,25230.93,0
2024-09-09,215,64502,Ноутбуки,8,21412.08,0
2024-09-09,215,64503,Ноутбуки,10,25938.77,0
2024-09-09,215,64504,Ноутбуки,8,38893.75,0
2024-09-09,215,64505,Смартфони,14,28848.84,0
2024-09-09,215,64506,Смартфони,19,9489.81,0
2024-09-09,215,64507,Смартфони,26,14620.43,0
2024-09-09,215,64508,Смартфони,18,15312.66,1
2024-09-09,215,64509,Смартфони,22,33858.91,0
2024-09-09,215,64510,Холодильники,1,24153.07,0
2024-09-09,215,64511,Холодильники,0,19861.27,0
2024-09-09,215,64512,Холодильники,4,35442.76,0
2024-09-09,215,64513,Холодильники,1,35087.26,0
2024-09-09,215,64514,Холодильники,3,22624.6,0
2024-09-09,312,64500,Ноутбуки,2,36493.74,0
2024-09-09,312,64501,Ноутбуки,4,24532.63,0
2024-09-09,312,64502,Ноутбуки,7,21407.66,0
2024-09-09,312,64503,Ноутбуки,4,25307.35,0
2024-09-09,312,64504,Ноутбуки,8,41030.82,0
2024-09-09,312,64505,Смартфони,8,30975.01,0
2024-09-09,312,64506,Смартфони,12,9276.29,0
2024-09-09,312,64507,Смартфони,25,12568.07,1
2024-09-09,312,64508,Смартфони,12,16023.67,0
2024-09-09,312,64509,Смартфони,17,33007.56,0
2024-09-09,312,64510,Холодильники,1,25664.24,0
2024-09-09,312,64511,Холодильники,2,18496.1,0
2024-09-09,312,64512,Холодильники,1,34072.33,0
2024-09-09,312,64513,Холодильники,3,34913.41,0
2024-09-09,312,64514,Холодильники,2,19231.96,1
2024-09-10,215,64500,Ноутбуки,3,35201.13,0
2024-09-10,215,64501,Ноутбуки,3,26765.74,0
2024-09-10,215,64502,Ноутбуки,5,19899.43,0
2024-09-10,215,64503,Ноутбуки,4,25597.7,0
2024-09-10,215,64504,Ноутбуки,9,40374.67,0
2024-09-10,215,64505,Смартфони,10,30194.88,0
2024-09-10,215,64506,Смартфони,19,9034.71,0
2024-09-10,215,64507,Смартфони,22,13922.2,0
2024-09-10,215,64508,Смартфони,12,16222.41,0
2024-09-10,215,64509,Смартфони,24,32872.91,0
2024-09-10,215,64510,Холодильники,2,24328.15,0
2024-09-10,215,64511,Холодильники,8,19429.67,0
2024-09-10,215,64512,Холодильники,1,32185.25,0
2024-09-10,215,64513,Холодильники,1,34846.19,0
2024-09-10,215,64514,Холодильники,2,22209.54,0
2024-09-10,312,64500,Ноутбуки,4,33189.37,0
2024-09-10,312,64501,Ноутбуки,3,27035.42,0
2024-09-10,312,64502,Ноутбуки,5,21107.36,0
2024-09-10,312,64503,Ноутбуки,5,26023.37,0
2024-09-10,312,64504,Ноутбуки,5,41104.24,0
2024-09-10,312,64505,Смартфони,6,30574.07,0
2024-09-10,312,64506,Смартфони,11,9499.05,0
2024-09-10,312,64507,Смартфони,10,13692.22,0
2024-09-10,312,64508,Смартфони,8,16270.65,0
2024-09-10,312,64509,Смартфони,10,34467.49,0
2024-09-10,312,64510,Холодильники,1,23800.73,0
2024-09-10,312,64511,Холодильники,3,17312.56,1
2024-09-10,312,64512,Холодильники,3,35355.56,0
2024-09-10,312,64513,Холодильники,0,35833.77,0
2024-09-10,312,64514,Холодильники,0,21634.14,0
2024-09-11,215,64500,Ноутбуки,1,33045.61,0
2024-09-11,215,64501,Ноутбуки,2,25075.58,0
2024-09-11,215,64502,Ноутбуки,9,20356.01,0
2024-09-11,215,64503,Ноутбуки,6,25842.78,0
2024-09-11,215,64504,Ноутбуки,5,40863.15,0
2024-09-11,215,64505,Смартфони,13,28305.98,0
2024-09-11,215,64506,Смартфони,16,9067.73,0
2024-09-11,215,64507,Смартфони,19,13642.35,0
2024-09-11,215,64508,Смартфони,12,16408.9,0
2024-09-11,215,64509,Смартфони,27,32929.08,0
2024-09-11,215,64510,Холодильники,2,23725.94,0
2024-09-11,215,64511,Холодильники,0,17954.34,0
2024-09-11,215,64512,Холодильники,3,33666.51,0
2024-09-11,215,64513,Холодильники,0,35347.45,0
2024-09-11,215,64514,Холодильники,4,21907.08,0
2024-09-11,312,64500,Ноутбуки,2,35076.72,0
2024-09-11,312,64501,Ноутбуки,2,24887.1,0
2024-09-11,312,64502,Ноутбуки,6,20923.48,0
2024-09-11,312,64503,Ноутбуки,7,25320.2,0
2024-09-11,312,64504,Ноутбуки,1,41977.89,0
2024-09-11,312,64505,Смартфони,4,29464.41,0
2024-09-11,312,64506,Смартфони,7,8940.66,0
2024-09-11,312,64507,Смартфони,17,13942.48,0
2024-09-11,312,64508,Смартфони,10,16787.77,0
2024-09-11,312,64509,Смартфони,13,33864.57,0
2024-09-11,312,64510,Холодильники,4,24017.89,0
2024-09-11,312,64511,Холодильники,2,18893.28,0
2024-09-11,312,64512,Холодильники,1,35652.35,0
2024-09-11,312,64513,Холодильники,1,36688.7,0
2024-09-11,312,64514,Холодильники,0,23053.88,0
2024-09-12,215,64500,Ноутбуки,3,35052.04,0
2024-09-12,215,64501,Ноутбуки,7,25060.19,0
2024-09-12,215,64502,Ноутбуки,7,19385.44,0
2024-09-12,215,64503,Ноутбуки,7,25908.31,0
2024-09-12,215,64504,Ноутбуки,6,39864.99,0
2024-09-12,215,64505,Смартфони,6,30037.28,0
2024-09-12,215,64506,Смартфони,10,9264.29,0
2024-09-12,215,64507,Смартфони,28,14430.04,0
2024-09-12,215,64508,Смартфони,8,16726.45,0
2024-09-12,215,64509,Смартфони,33,27391.39,1
2024-09-12,215,64510,Холодильники,1,25184.69,0
2024-09-12,215,64511,Холодильники,5,19268.17,0
2024-09-12,215,64512,Холодильники,3,30719.99,1
2024-09-12,215,64513,Холодильники,2,36305.64,0
2024-09-12,215,64514,Холодильники,1,21403.01,0
2024-09-12,312,64500,Ноутбуки,5,33815.59,0
2024-09-12,312,64501,Ноутбуки,3,26389.14,0
2024-09-12,312,64502,Ноутбуки,7,21165.91,0
2024-09-12,312,64503,Ноутбуки,2,26811.66,0
2024-09-12,312,64504,Ноутбуки,3,39349.93,0
2024-09-12,312,64505,Смартфони,8,27111.21,1
2024-09-12,312,64506,Смартфони,11,9551.49,0
2024-09-12,312,64507,Смартфони,13,13944.21,0
2024-09-12,312,64508,Смартфони,10,14751.26,1
2024-09-12,312,64509,Смартфони,11,34699.07,0
2024-09-12,312,64510,Холодильники,3,24306.96,0
2024-09-12,312,64511,Холодильники,2,19108.53,0
2024-09-12,312,64512,Холодильники,2,33040.09,0
2024-09-12,312,64513,Холодильники,0,35824.44,0
2024-09-12,312,64514,Холодильники,3,22696.89,0
2024-09-13,215,64500,Ноутбуки,2,34575.23,0
2024-09-13,215,64501,Ноутбуки,1,26413.78,0
2024-09-13,215,64502,Ноутбуки,9,21698.9,0
2024-09-13,215,64503,Ноутбуки,5,25291.8,0
2024-09-13,215,64504,Ноутбуки,5,39584.47,0
2024-09-13,215,64505,Смартфони,15,31389.41,0
2024-09-13,215,64506,Смартфони,14,9181.86,0
2024-09-13,215,64507,Смартфони,14,13343.44,0
2024-09-13,215,64508,Смартфони,17,16703.42,0
2024-09-13,215,64509,Смартфони,26,33173.94,0
2024-09-13,215,64510,Холодильники,3,24516.65,0
2024-09-13,215,64511,Холодильники,0,18696.66,0
2024-09-13,215,64512,Холодильники,6,34586.42,0
2024-09-13,215,64513,Холодильники,4,37471.08,0
2024-09-13,215,64514,Холодильники,1,21398.72,0
2024-09-13,312,64500,Ноутбуки,2,35266.97,0
2024-09-13,312,64501,Ноутбуки,3,25793.52,0
2024-09-13,312,64502,Ноутбуки,10,19186.38,1
2024-09-13,312,64503,Ноутбуки,4,26664.95,0
2024-09-13,312,64504,Ноутбуки,4,39878.33,0
2024-09-13,312,64505,Смартфони,10,29582.74,0
2024-09-13,312,64506,Смартфони,14,9360.6,0
2024-09-13,312,64507,Смартфони,12,14217.42,0
2024-09-13,312,64508,Смартфони,11,16896.42,0
2024-09-13,312,64509,Смартфони,8,31906.53,0
2024-09-13,312,64510,Холодильники,1,23796.52,0
2024-09-13,312,64511,Холодильники,1,19155.67,0
2024-09-13,312,64512,Холодильники,6,32722.53,0
2024-09-13,312,64513,Холодильники,1,35931.18,0
2024-09-13,312,64514,Холодильники,1,18955.54,1
2024-09-14,215,64500,Ноутбуки,2,35085.14,0
2024-09-14,215,64501,Ноутбуки,6,26286.98,0
2024-09-14,215,64502,Ноутбуки,11,21701.73,0
2024-09-14,215,64503,Ноутбуки,5,25982.08,0
2024-09-14,215,64504,Ноутбуки,8,40430.05,0
2024-09-14,215,64505,Смартфони,11,28584.42,0
2024-09-14,215,64506,Смартфони,18,9434.32,0
2024-09-14,215,64507,Смартфони,23,13692.08,0
2024-09-14,215,64508,Смартфони,16,16931.02,0
2024-09-14,215,64509,Смартфони,25,31627.94,0
2024-09-14,215,64510,Холодильники,4,22540.05,1
2024-09-14,215,64511,Холодильники,8,19849.85,0
2024-09-14,215,64512,Холодильники,1,35178.07,0
2024-09-14,215,64513,Холодильники,2,36333.23,0
2024-09-14,215,64514,Холодильники,1,22234.72,0
2024-09-14,312,64500,Ноутбуки,4,34279.19,0
2024-09-14,312,64501,Ноутбуки,4,24356.75,0
2024-09-14,312,64502,Ноутбуки,5,21108.06,0
2024-09-14,312,64503,Ноутбуки,5,26841.19,0
2024-09-14,312,64504,Ноутбуки,11,40132.96,0
2024-09-14,312,64505,Смартфони,10,30740.25,0
2024-09-14,312,64506,Смартфони,16,8863.93,0
2024-09-14,312,64507,Смартфони,12,14610.96,0
2024-09-14,312,64508,Смартфони,8,17050.75,0
2024-09-14,312,64509,Смартфони,14,33267.1,0
2024-09-14,312,64510,Холодильники,1,24681.19,0
2024-09-14,312,64511,Холодильники,3,19048.93,0
2024-09-14,312,64512,Холодильники,3,35880.06,0
2024-09-14,312,64513,Холодильники,1,33290.82,0
2024-09-14,312,64514,Холодильники,0,23079.5,0
2024-09-15,215,64500,Ноутбуки,2,36267.31,0
2024-09-15,215,64501,Ноутбуки,2,26214.66,0
2024-09-15,215,64502,Ноутбуки,11,20846.45,0
2024-09-15,215,64503,Ноутбуки,11,23830.86,1
2024-09-15,215,64504,Ноутбуки,11,39644.79,0
2024-09-15,215,64505,Смартфони,11,30690.94,0
2024-09-15,215,64506,Смартфони,16,10070.14,0
2024-09-15,215,64507,Смартфони,18,14120.23,0
2024-09-15,215,64508,Смартфони,26,16606.8,0
2024-09-15,215,64509,Смартфони,27,33730.41,0
2024-09-15,215,64510,Холодильники,1,23635.38,0
2024-09-15,215,64511,Холодильники,3,19172.42,0
2024-09-15,215,64512,Холодильники,4,33703.07,0
2024-09-15,215,64513,Холодильники,2,36162.7,0
2024-09-15,215,64514,Холодильники,0,20824.36,0
2024-09-15,312,64500,Ноутбуки,2,35131.29,0
2024-09-15,312,64501,Ноутбуки,2,26187.45,0
2024-09-15,312,64502,Ноутбуки,9,18538.84,1
2024-09-15,312,64503,Ноутбуки,6,25406.36,0
2024-09-15,312,64504,Ноутбуки,5,36302.55,1
2024-09-15,312,64505,Смартфони,13,30007.17,0
2024-09-15,312,64506,Смартфони,12,9432.86,0
2024-09-15,312,64507,Смартфони,31,12666.8,1
2024-09-15,312,64508,Смартфони,12,17165.96,0
2024-09-15,312,64509,Смартфони,17,33392.89,0
2024-09-15,312,64510,Холодильники,2,25010.28,0
2024-09-15,312,64511,Холодильники,2,18721.47,0
2024-09-15,312,64512,Холодильники,1,33990.34,0
2024-09-15,312,64513,Холодильники,1,37042.64,0
2024-09-15,312,64514,Холодильники,2,23841.66,0
2024-09-16,215,64500,Ноутбуки,7,35894.33,0
2024-09-16,215,64501,Ноутбуки,6,24877.47,0
2024-09-16,215,64502,Ноутбуки,8,19513.55,0
2024-09-16,215,64503,Ноутбуки,8,22374.16,1
2024-09-16,215,64504,Ноутбуки,5,42065.06,0
2024-09-16,215,64505,Смартфони,7,31177.34,0
2024-09-16,215,64506,Смартфони,13,9746.04,0
2024-09-16,215,64507,Смартфони,20,14095.44,0
2024-09-16,215,64508,Смартфони,13,17051.01,0
2024-09-16,215,64509,Смартфони,12,34264.41,0
2024-09-16,215,64510,Холодильники,3,25003.48,0
2024-09-16,215,64511,Холодильники,3,19267.31,0
2024-09-16,215,64512,Холодильники,3,36778.76,0
2024-09-16,215,64513,Холодильники,0,37133.39,0
2024-09-16,215,64514,Холодильники,1,22300.73,0
2024-09-16,312,64500,Ноутбуки,0,35445.02,0
2024-09-16,312,64501,Ноутбуки,1,23567.49,1
2024-09-16,312,64502,Ноутбуки,8,22112.22,0
2024-09-16,312,64503,Ноутбуки,4,26554.58,0
2024-09-16,312,64504,Ноутбуки,2,42745.78,0
2024-09-16,312,64505,Смартфони,6,28691.36,0
2024-09-16,312,64506,Смартфони,21,8680.48,1
2024-09-16,312,64507,Смартфони,13,13679.63,0
2024-09-16,312,64508,Смартфони,6,16722.27,0
2024-09-16,312,64509,Смартфони,18,34122.77,0
2024-09-16,312,64510,Холодильники,4,24174.93,0
2024-09-16,312,64511,Холодильники,5,19374.55,0
2024-09-16,312,64512,Холодильники,2,34828.87,0
2024-09-16,312,64513,Холодильники,3,36215.99,0
2024-09-16,312,64514,Холодильники,2,19038.33,1
2024-09-17,215,64500,Ноутбуки,3,35088.23,0
2024-09-17,215,64501,Ноутбуки,2,26654.12,0
2024-09-17,215,64502,Ноутбуки,6,19478.16,0
2024-09-17,215,64503,Ноутбуки,11,25559.14,0
2024-09-17,215,64504,Ноутбуки,2,39099.19,0
2024-09-17,215,64505,Смартфони,9,29182.27,0
2024-09-17,215,64506,Смартфони,21,9457.52,0
2024-09-17,215,64507,Смартфони,42,12156.12,1
2024-09-17,215,64508,Смартфони,18,16790.27,0
2024-09-17,215,64509,Смартфони,17,32777.89,0
2024-09-17,215,64510,Холодильники,3,23800.88,0
2024-09-17,215,64511,Холодильники,3,18114.8,1
2024-09-17,215,64512,Холодильники,1,34463.8,0
2024-09-17,215,64513,Холодильники,2,36442.76,0
2024-09-17,215,64514,Холодильники,2,21680.11,0
2024-09-17,312,64500,Ноутбуки,1,33715.19,0
2024-09-17,312,64501,Ноутбуки,8,26059.99,0
2024-09-17,312,64502,Ноутбуки,12,18730.76,1
2024-09-17,312,64503,Ноутбуки,1,26319.0,0
2024-09-17,312,64504,Ноутбуки,1,41440.41,0
2024-09-17,312,64505,Смартфони,13,29136.47,0
2024-09-17,312,64506,Смартфони,7,9293.29,0
2024-09-17,312,64507,Смартфони,17,14347.33,0
2024-09-17,312,64508,Смартфони,7,17051.12,0
2024-09-17,312,64509,Смартфони,18,34028.07,0
2024-09-17,312,64510,Холодильники,2,24280.31,0
2024-09-17,312,64511,Холодильники,2,16505.86,1
2024-09-17,312,64512,Холодильники,1,35031.51,0
2024-09-17,312,64513,Холодильники,1,31114.6,1
2024-09-17,312,64514,Холодильники,2,22559.47,0
2024-09-18,215,64500,Ноутбуки,3,34230.72,0
2024-09-18,215,64501,Ноутбуки,6,27345.19,0
2024-09-18,215,64502,Ноутбуки,5,21863.38,0
2024-09-18,215,64503,Ноутбуки,5,26120.28,0
2024-09-18,215,64504,Ноутбуки,2,40772.11,0
2024-09-18,215,64505,Смартфони,7,28902.47,0
2024-09-18,215,64506,Смартфони,16,9088.31,0
2024-09-18,215,64507,Смартфони,14,14650.57,0
2024-09-18,215,64508,Смартфони,8,17268.45,0
2024-09-18,215,64509,Смартфони,19,33873.26,0
2024-09-18,215,64510,Холодильники,1,24811.9,0
2024-09-18,215,64511,Холодильники,3,19636.07,0
2024-09-18,215,64512,Холодильники,2,35054.03,0
2024-09-18,215,64513,Холодильники,0,36262.77,0
2024-09-18,215,64514,Холодильники,1,22308.29,0
2024-09-18,312,64500,Ноутбуки,3,33917.22,0
2024-09-18,312,64501,Ноутбуки,4,25613.75,0
2024-09-18,312,64502,Ноутбуки,7,21400.52,0
2024-09-18,312,64503,Ноутбуки,1,25522.54,0
2024-09-18,312,64504,Ноутбуки,2,39578.52,0
2024-09-18,312,64505,Смартфони,5,28580.38,0
2024-09-18,312,64506,Смартфони,14,9444.46,0
2024-09-18,312,64507,Смартфони,12,14602.34,0
2024-09-18,312,64508,Смартфони,12,14378.89,1
2024-09-18,312,64509,Смартфони,16,33668.98,0
2024-09-18,312,64510,Холодильники,1,24162.36,0
2024-09-18,312,64511,Холодильники,1,18836.02,0
2024-09-18,312,64512,Холодильники,1,35230.37,0
2024-09-18,312,64513,Холодильники,3,34591.49,0
2024-09-18,312,64514,Холодильники,0,20991.51,0
2024-09-19,215,64500,Ноутбуки,3,34677.64,0
2024-09-19,215,64501,Ноутбуки,9,24583.79,0
2024-09-19,215,64502,Ноутбуки,6,19991.63,0
2024-09-19,215,64503,Ноутбуки,8,25073.6,0
2024-09-19,215,64504,Ноутбуки,4,39871.83,0
2024-09-19,215,64505,Смартфони,9,30309.19,0
2024-09-19,215,64506,Смартфони,37,8096.67,1
2024-09-19,215,64507,Смартфони,20,14107.4,0
2024-09-19,215,64508,Смартфони,8,16780.59,0
2024-09-19,215,64509,Смартфони,35,29746.14,1
2024-09-19,215,64510,Холодильники,1,23857.35,0
2024-09-19,215,64511,Холодильники,5,18695.29,0
2024-09-19,215,64512,Холодильники,3,30584.09,1
2024-09-19,215,64513,Холодильники,0,36019.61,0
2024-09-19,215,64514,Холодильники,4,23207.54,0
2024-09-19,312,64500,Ноутбуки,0,35736.75,0
2024-09-19,312,64501,Ноутбуки,1,24718.19,0
2024-09-19,312,64502,Ноутбуки,5,20607.91,0
2024-09-19,312,64503,Ноутбуки,4,25588.79,0
2024-09-19,312,64504,Ноутбуки,5,40159.43,0
2024-09-19,312,64505,Смартфони,5,29727.59,0
2024-09-19,312,64506,Смартфони,10,9462.04,0
2024-09-19,312,64507,Смартфони,16,14561.06,0
2024-09-19,312,64508,Смартфони,11,15742.48,0
2024-09-19,312,64509,Смартфони,20,28947.98,1
2024-09-19,312,64510,Холодильники,1,24749.99,0
2024-09-19,312,64511,Холодильники,2,18022.99,0
2024-09-19,312,64512,Холодильники,3,35138.9,0
2024-09-19,312,64513,Холодильники,4,32031.34,1
2024-09-19,312,64514,Холодильники,0,22023.45,0
2024-09-20,215,64500,Ноутбуки,3,34058.73,0
2024-09-20,215,64501,Ноутбуки,10,24294.03,1
2024-09-20,215,64502,Ноутбуки,9,21560.11,0
2024-09-20,215,64503,Ноутбуки,6,22766.78,1
2024-09-20,215,64504,Ноутбуки,8,34535.87,1
2024-09-20,215,64505,Смартфони,11,29973.78,0
2024-09-20,215,64506,Смартфони,26,9697.58,0
2024-09-20,215,64507,Смартфони,55,12877.45,1
2024-09-20,215,64508,Смартфони,26,16139.14,0
2024-09-20,215,64509,Смартфони,24,33077.75,0
2024-09-20,215,64510,Холодильники,3,24408.79,0
2024-09-20,215,64511,Холодильники,4,19320.71,0
2024-09-20,215,64512,Холодильники,1,34854.1,0
2024-09-20,215,64513,Холодильники,2,35848.62,0
2024-09-20,215,64514,Холодильники,2,20327.54,1
2024-09-20,312,64500,Ноутбуки,2,35733.71,0
2024-09-20,312,64501,Ноутбуки,3,26250.85,0
2024-09-20,312,64502,Ноутбуки,3,22227.17,0
2024-09-20,312,64503,Ноутбуки,5,25256.17,0
2024-09-20,312,64504,Ноутбуки,2,39786.94,0
2024-09-20,312,64505,Смартфони,9,28785.24,0
2024-09-20,312,64506,Смартфони,18,8878.36,0
2024-09-20,312,64507,Смартфони,16,13690.03,0
2024-09-20,312,64508,Смартфони,12,16253.0,0
2024-09-20,312,64509,Смартфони,14,33038.63,0
2024-09-20,312,64510,Холодильники,3,24933.48,0
2024-09-20,312,64511,Холодильники,2,19690.52,0
2024-09-20,312,64512,Холодильники,1,34808.72,0
2024-09-20,312,64513,Холодильники,1,37083.0,0
2024-09-20,312,64514,Холодильники,0,21980.86,0
2024-09-21,215,64500,Ноутбуки,3,34903.38,0
2024-09-21,215,64501,Ноутбуки,6,25983.54,0
2024-09-21,215,64502,Ноутбуки,5,20534.67,0
2024-09-21,215,64503,Ноутбуки,6,26151.19,0
2024-09-21,215,64504,Ноутбуки,6,42565.22,0
2024-09-21,215,64505,Смартфони,15,28114.35,0
2024-09-21,215,64506,Смартфони,30,8873.25,0
2024-09-21,215,64507,Смартфони,25,14109.36,0
2024-09-21,215,64508,Смартфони,8,16289.8,0
2024-09-21,215,64509,Смартфони,29,33705.58,0
2024-09-21,215,64510,Холодильники,2,25351.05,0
2024-09-21,215,64511,Холодильники,3,19542.89,0
2024-09-21,215,64512,Холодильники,1,33351.32,0
2024-09-21,215,64513,Холодильники,3,34385.47,0
2024-09-21,215,64514,Холодильники,2,21782.17,0
2024-09-21,312,64500,Ноутбуки,3,36069.44,0
2024-09-21,312,64501,Ноутбуки,8,24886.62,0
2024-09-21,312,64502,Ноутбуки,8,20565.08,0
2024-09-21,312,64503,Ноутбуки,9,23044.28,1
2024-09-21,312,64504,Ноутбуки,7,40422.26,0
2024-09-21,312,64505,Смартфони,17,29989.62,0
2024-09-21,312,64506,Смартфони,22,9278.28,0
2024-09-21,312,64507,Смартфони,32,12606.38,1
2024-09-21,312,64508,Смартфони,18,17021.88,0
2024-09-21,312,64509,Смартфони,19,32806.21,0
2024-09-21,312,64510,Холодильники,3,23682.05,0
2024-09-21,312,64511,Холодильники,2,19628.92,0
2024-09-21,312,64512,Холодильники,2,34360.98,0
2024-09-21,312,64513,Холодильники,2,34016.42,0
2024-09-21,312,64514,Холодильники,2,22779.66,0
2024-09-22,215,64500,Ноутбуки,8,33830.01,0
2024-09-22,215,64501,Ноутбуки,4,26468.27,0
2024-09-22,215,64502,Ноутбуки,9,20948.24,0
2024-09-22,215,64503,Ноутбуки,3,25990.66,0
2024-09-22,215,64504,Ноутбуки,10,40627.98,0
2024-09-22,215,64505,Смартфони,16,28888.23,0
2024-09-22,215,64506,Смартфони,26,9167.9,0
2024-09-22,215,64507,Смартфони,18,13903.13,0
2024-09-22,215,64508,Смартфони,19,15913.28,0
2024-09-22,215,64509,Смартфони,17,32918.99,0
2024-09-22,215,64510,Холодильники,3,25418.61,0
2024-09-22,215,64511,Холодильники,2,18987.63,0
2024-09-22,215,64512,Холодильники,5,36139.11,0
2024-09-22,215,64513,Холодильники,2,37732.17,0
2024-09-22,215,64514,Холодильники,4,22805.65,0
2024-09-22,312,64500,Ноутбуки,5,34097.92,0
2024-09-22,312,64501,Ноутбуки,2,25412.26,0
2024-09-22,312,64502,Ноутбуки,9,20502.66,0
2024-09-22,312,64503,Ноутбуки,4,24950.76,0
2024-09-22,312,64504,Ноутбуки,7,39480.17,0
2024-09-22,312,64505,Смартфони,14,30694.89,0
2024-09-22,312,64506,Смартфони,15,9598.22,0
2024-09-22,312,64507,Смартфони,20,14064.27,0
2024-09-22,312,64508,Смартфони,13,16298.66,0
2024-09-22,312,64509,Смартфони,14,33527.43,0
2024-09-22,312,64510,Холодильники,2,23186.78,0
2024-09-22,312,64511,Холодильники,3,19081.17,0
2024-09-22,312,64512,Холодильники,4,35078.2,0
2024-09-22,312,64513,Холодильники,1,35896.11,0
2024-09-22,312,64514,Холодильники,2,21470.81,0
2024-09-23,215,64500,Ноутбуки,7,31676.35,1
2024-09-23,215,64501,Ноутбуки,4,23130.12,1
2024-09-23,215,64502,Ноутбуки,9,20915.37,0
2024-09-23,215,64503,Ноутбуки,4,24563.67,0
2024-09-23,215,64504,Ноутбуки,11,33278.33,1
2024-09-23,215,64505,Смартфони,7,28575.68,0
2024-09-23,215,64506,Смартфони,30,8431.44,1
2024-09-23,215,64507,Смартфони,14,14320.38,0
2024-09-23,215,64508,Смартфони,2,17124.58,0
2024-09-23,215,64509,Смартфони,16,34634.59,0
2024-09-23,215,64510,Холодильники,3,24273.9,0
2024-09-23,215,64511,Холодильники,6,19121.22,0
2024-09-23,215,64512,Холодильники,1,34375.95,0
2024-09-23,215,64513,Холодильники,3,35132.69,0
2024-09-23,215,64514,Холодильники,3,21306.88,0
2024-09-23,312,64500,Ноутбуки,2,34807.9,0
2024-09-23,312,64501,Ноутбуки,5,25451.32,0
2024-09-23,312,64502,Ноутбуки,8,20521.2,0
2024-09-23,312,64503,Ноутбуки,8,25080.56,0
2024-09-23,312,64504,Ноутбуки,7,39157.99,0
2024-09-23,312,64505,Смартфони,8,30734.51,0
2024-09-23,312,64506,Смартфони,18,9169.7,0
2024-09-23,312,64507,Смартфони,16,12875.96,1
2024-09-23,312,64508,Смартфони,18,15865.74,1
2024-09-23,312,64509,Смартфони,26,31689.16,1
2024-09-23,312,64510,Холодильники,0,25311.68,0
2024-09-23,312,64511,Холодильники,1,17425.04,1
2024-09-23,312,64512,Холодильники,2,35172.17,0
2024-09-23,312,64513,Холодильники,2,34549.95,0
2024-09-23,312,64514,Холодильники,0,21047.66,0
2024-09-24,215,64500,Ноутбуки,4,34488.97,0
2024-09-24,215,64501,Ноутбуки,2,24939.42,0
2024-09-24,215,64502,Ноутбуки,13,20295.21,1
2024-09-24,215,64503,Ноутбуки,6,26016.8,0
2024-09-24,215,64504,Ноутбуки,5,40071.22,0
2024-09-24,215,64505,Смартфони,7,30681.2,0
2024-09-24,215,64506,Смартфони,18,9301.47,0
2024-09-24,215,64507,Смартфони,17,14492.25,0
2024-09-24,215,64508,Смартфони,11,15951.88,0
2024-09-24,215,64509,Смартфони,20,34354.83,0
2024-09-24,215,64510,Холодильники,6,24304.92,0
2024-09-24,215,64511,Холодильники,4,19317.97,0
2024-09-24,215,64512,Холодильники,1,34225.52,0
2024-09-24,215,64513,Холодильники,1,32378.06,1
2024-09-24,215,64514,Холодильники,2,21342.82,0
2024-09-24,312,64500,Ноутбуки,2,33817.71,0
2024-09-24,312,64501,Ноутбуки,2,24676.36,0
2024-09-24,312,64502,Ноутбуки,12,21154.19,0
2024-09-24,312,64503,Ноутбуки,1,24875.25,0
2024-09-24,312,64504,Ноутбуки,3,40789.07,0
2024-09-24,312,64505,Смартфони,6,28829.86,0
2024-09-24,312,64506,Смартфони,13,9352.94,0
2024-09-24,312,64507,Смартфони,11,14347.82,0
2024-09-24,312,64508,Смартфони,16,15281.74,1
2024-09-24,312,64509,Смартфони,28,30997.99,1
2024-09-24,312,64510,Холодильники,1,24367.23,0
2024-09-24,312,64511,Холодильники,1,17955.58,0
2024-09-24,312,64512,Холодильники,3,35205.91,0
2024-09-24,312,64513,Холодильники,0,34598.02,0
2024-09-24,312,64514,Холодильники,0,22669.04,0
2024-09-25,215,64500,Ноутбуки,5,33944.83,0
2024-09-25,215,64501,Ноутбуки,4,25764.81,0
2024-09-25,215,64502,Ноутбуки,8,20442.64,0
2024-09-25,215,64503,Ноутбуки,5,25585.78,0
2024-09-25,215,64504,Ноутбуки,7,42110.72,0
2024-09-25,215,64505,Смартфони,6,28806.94,0
2024-09-25,215,64506,Смартфони,15,9182.35,0
2024-09-25,215,64507,Смартфони,27,14709.9,0
2024-09-25,215,64508,Смартфони,10,16102.59,0
2024-09-25,215,64509,Смартфони,19,34196.24,0
2024-09-25,215,64510,Холодильники,2,23577.26,0
2024-09-25,215,64511,Холодильники,2,17836.84,0
2024-09-25,215,64512,Холодильники,1,34517.08,0
2024-09-25,215,64513,Холодильники,3,33736.39,0
2024-09-25,215,64514,Холодильники,3,22665.5,0
2024-09-25,312,64500,Ноутбуки,1,33131.41,0
2024-09-25,312,64501,Ноутбуки,6,25378.25,0
2024-09-25,312,64502,Ноутбуки,6,21292.54,0
2024-09-25,312,64503,Ноутбуки,3,25603.11,0
2024-09-25,312,64504,Ноутбуки,1,39828.23,0
2024-09-25,312,64505,Смартфони,8,29961.65,0
2024-09-25,312,64506,Смартфони,6,8857.49,0
2024-09-25,312,64507,Смартфони,19,14042.86,0
2024-09-25,312,64508,Смартфони,15,16829.61,0
2024-09-25,312,64509,Смартфони,15,31277.79,0
2024-09-25,312,64510,Холодильники,3,24166.04,0
2024-09-25,312,64511,Холодильники,1,20247.95,0
2024-09-25,312,64512,Холодильники,2,34560.02,0
2024-09-25,312,64513,Холодильники,1,30315.21,1
2024-09-25,312,64514,Холодильники,2,21791.9,0
2024-09-26,215,64500,Ноутбуки,2,34846.78,0
2024-09-26,215,64501,Ноутбуки,4,25665.7,0
2024-09-26,215,64502,Ноутбуки,8,20693.61,0
2024-09-26,215,64503,Ноутбуки,3,25650.29,0
2024-09-26,215,64504,Ноутбуки,3,41431.34,0
2024-09-26,215,64505,Смартфони,10,32575.51,0
2024-09-26,215,64506,Смартфони,26,9145.27,0
2024-09-26,215,64507,Смартфони,26,14468.88,0
2024-09-26,215,64508,Смартфони,17,16870.18,0
2024-09-26,215,64509,Смартфони,25,33752.88,0
2024-09-26,215,64510,Холодильники,2,23552.64,0
2024-09-26,215,64511,Холодильники,3,19138.65,0
2024-09-26,215,64512,Холодильники,3,31011.83,1
2024-09-26,215,64513,Холодильники,1,36660.29,0
2024-09-26,215,64514,Холодильники,0,22256.02,0
2024-09-26,312,64500,Ноутбуки,2,35981.05,0
2024-09-26,312,64501,Ноутбуки,2,25897.55,0
2024-09-26,312,64502,Ноутбуки,10,22539.38,0
2024-09-26,312,64503,Ноутбуки,2,25826.0,0
2024-09-26,312,64504,Ноутбуки,3,41104.27,0
2024-09-26,312,64505,Смартфони,11,29072.39,0
2024-09-26,312,64506,Смартфони,18,9226.58,0
2024-09-26,312,64507,Смартфони,26,12995.79,1
2024-09-26,312,64508,Смартфони,10,16745.74,0
2024-09-26,312,64509,Смартфони,13,33730.7,0
2024-09-26,312,64510,Холодильники,3,23312.08,0
2024-09-26,312,64511,Холодильники,2,19434.16,0
2024-09-26,312,64512,Холодильники,0,32204.69,0
2024-09-26,312,64513,Холодильники,1,36593.02,0
2024-09-26,312,64514,Холодильники,2,21248.65,0
2024-09-27,215,64500,Ноутбуки,4,36997.61,0
2024-09-27,215,64501,Ноутбуки,8,25438.84,0
2024-09-27,215,64502,Ноутбуки,9,20287.74,0
2024-09-27,215,64503,Ноутбуки,7,26149.43,0
2024-09-27,215,64504,Ноутбуки,6,42350.99,0
2024-09-27,215,64505,Смартфони,10,28619.27,0
2024-09-27,215,64506,Смартфони,18,9256.39,0
2024-09-27,215,64507,Смартфони,21,13214.39,0
2024-09-27,215,64508,Смартфони,10,17262.81,0
2024-09-27,215,64509,Смартфони,23,33040.0,0
2024-09-27,215,64510,Холодильники,4,24527.6,0
2024-09-27,215,64511,Холодильники,5,18562.39,0
2024-09-27,215,64512,Холодильники,4,34564.97,0
2024-09-27,215,64513,Холодильники,1,35858.43,0
2024-09-27,215,64514,Холодильники,0,21008.14,0
2024-09-27,312,64500,Ноутбуки,1,35125.12,0
2024-09-27,312,64501,Ноутбуки,4,26126.55,0
2024-09-27,312,64502,Ноутбуки,7,21474.72,0
2024-09-27,312,64503,Ноутбуки,12,25259.27,0
2024-09-27,312,64504,Ноутбуки,5,39085.73,0
2024-09-27,312,64505,Смартфони,5,28263.87,0
2024-09-27,312,64506,Смартфони,11,9077.69,0
2024-09-27,312,64507,Смартфони,17,14262.14,0
2024-09-27,312,64508,Смартфони,11,16418.36,0
2024-09-27,312,64509,Смартфони,15,34494.95,0
2024-09-27,312,64510,Холодильники,2,23924.49,0
2024-09-27,312,64511,Холодильники,0,21036.43,0
2024-09-27,312,64512,Холодильники,1,34653.69,0
2024-09-27,312,64513,Холодильники,0,34271.42,0
2024-09-27,312,64514,Холодильники,2,20727.46,0
2024-09-28,215,64500,Ноутбуки,6,33500.68,0
2024-09-28,215,64501,Ноутбуки,6,25552.79,0
2024-09-28,215,64502,Ноутбуки,15,20672.86,0
2024-09-28,215,64503,Ноутбуки,6,26421.99,0
2024-09-28,215,64504,Ноутбуки,4,41202.4,0
2024-09-28,215,64505,Смартфони,9,30202.36,0
2024-09-28,215,64506,Смартфони,23,9578.37,0
2024-09-28,215,64507,Смартфони,23,14281.01,0
2024-09-28,215,64508,Смартфони,21,15983.66,0
2024-09-28,215,64509,Смартфони,24,32986.75,0
2024-09-28,215,64510,Холодильники,1,23629.96,0
2024-09-28,215,64511,Холодильники,3,19538.0,0
2024-09-28,215,64512,Холодильники,4,36339.95,0
2024-09-28,215,64513,Холодильники,2,34746.68,0
2024-09-28,215,64514,Холодильники,4,21035.46,0
2024-09-28,312,64500,Ноутбуки,2,34634.22,0
2024-09-28,312,64501,Ноутбуки,3,25044.97,0
2024-09-28,312,64502,Ноутбуки,5,21006.84,0
2024-09-28,312,64503,Ноутбуки,8,24507.52,0
2024-09-28,312,64504,Ноутбуки,5,40094.29,0
2024-09-28,312,64505,Смартфони,12,28164.11,0
2024-09-28,312,64506,Смартфони,12,9408.86,0
2024-09-28,312,64507,Смартфони,16,14688.92,0
2024-09-28,312,64508,Смартфони,13,17346.08,0
2024-09-28,312,64509,Смартфони,23,32685.06,0
2024-09-28,312,64510,Холодильники,1,23677.32,0
2024-09-28,312,64511,Холодильники,3,18912.11,0
2024-09-28,312,64512,Холодильники,2,33691.91,0
2024-09-28,312,64513,Холодильники,2,36805.79,0
2024-09-28,312,64514,Холодильники,2,22013.86,0
2024-09-29,215,64500,Ноутбуки,3,35908.56,0
2024-09-29,215,64501,Ноутбуки,5,25410.48,0
2024-09-29,215,64502,Ноутбуки,14,18986.51,1
2024-09-29,215,64503,Ноутбуки,7,26202.98,0
2024-09-29,215,64504,Ноутбуки,5,40283.6,0
2024-09-29,215,64505,Смартфони,13,29779.75,0
2024-09-29,215,64506,Смартфони,17,9185.26,0
2024-09-29,215,64507,Смартфони,23,14265.0,0
2024-09-29,215,64508,Смартфони,16,16924.92,0
2024-09-29,215,64509,Смартфони,29,32666.25,0
2024-09-29,215,64510,Холодильники,1,25134.69,0
2024-09-29,215,64511,Холодильники,6,17536.77,1
2024-09-29,215,64512,Холодильники,4,35891.2,0
2024-09-29,215,64513,Холодильники,0,38060.52,0
2024-09-29,215,64514,Холодильники,1,21655.83,0
2024-09-29,312,64500,Ноутбуки,5,30455.65,1
2024-09-29,312,64501,Ноутбуки,2,25638.09,0
2024-09-29,312,64502,Ноутбуки,7,20108.88,0
2024-09-29,312,64503,Ноутбуки,7,25766.38,0
2024-09-29,312,64504,Ноутбуки,3,41923.58,0
2024-09-29,312,64505,Смартфони,16,27227.81,1
2024-09-29,312,64506,Смартфони,16,9056.36,0
2024-09-29,312,64507,Смартфони,16,14361.37,0
2024-09-29,312,64508,Смартфони,15,18100.71,0
2024-09-29,312,64509,Смартфони,12,34609.7,0
2024-09-29,312,64510,Холодильники,3,24363.77,0
2024-09-29,312,64511,Холодильники,1,19644.44,0
2024-09-29,312,64512,Холодильники,4,36636.84,0
2024-09-29,312,64513,Холодильники,4,35517.46,0
2024-09-29,312,64514,Холодильники,2,22613.24,0
2024-09-30,215,64500,Ноутбуки,3,34583.81,0
2024-09-30,215,64501,Ноутбуки,7,25191.56,0
2024-09-30,215,64502,Ноутбуки,9,21009.13,0
2024-09-30,215,64503,Ноутбуки,4,24383.13,0
2024-09-30,215,64504,Ноутбуки,9,42297.73,0
2024-09-30,215,64505,Смартфони,10,29955.58,0
2024-09-30,215,64506,Смартфони,36,8058.81,1
2024-09-30,215,64507,Смартфони,15,14585.25,0
2024-09-30,215,64508,Смартфони,13,15747.43,0
2024-09-30,215,64509,Смартфони,23,33780.5,0
2024-09-30,215,64510,Холодильники,2,23976.98,0
2024-09-30,215,64511,Холодильники,4,19671.85,0
2024-09-30,215,64512,Холодильники,0,35032.49,0
2024-09-30,215,64513,Холодильники,5,33641.11,1
2024-09-30,215,64514,Холодильники,0,22810.13,0
2024-09-30,312,64500,Ноутбуки,3,37206.66,0
2024-09-30,312,64501,Ноутбуки,1,25737.49,0
2024-09-30,312,64502,Ноутбуки,4,20455.64,0
2024-09-30,312,64503,Ноутбуки,3,24610.44,0
2024-09-30,312,64504,Ноутбуки,3,39715.95,0
2024-09-30,312,64505,Смартфони,4,30310.31,0
2024-09-30,312,64506,Смартфони,7,8920.38,0
2024-09-30,312,64507,Смартфони,12,13626.2,0
2024-09-30,312,64508,Смартфони,10,16788.91,0
2024-09-30,312,64509,Смартфони,13,32619.6,0
2024-09-30,312,64510,Холодильники,0,25107.03,0
2024-09-30,312,64511,Холодильники,2,18656.32,0
2024-09-30,312,64512,Холодильники,2,35060.5,0
2024-09-30,312,64513,Холодильники,4,34287.3,0
2024-09-30,312,64514,Холодильники,1,20903.94,0
2024-10-01,215,64500,Ноутбуки,5,34835.22,0
2024-10-01,215,64501,Ноутбуки,2,25615.62,0
2024-10-01,215,64502,Ноутбуки,14,18685.93,1
2024-10-01,215,64503,Ноутбуки,10,24073.84,0
2024-10-01,215,64504,Ноутбуки,4,39284.14,0
2024-10-01,215,64505,Смартфони,5,29772.51,0
2024-10-01,215,64506,Смартфони,12,9467.62,0
2024-10-01,215,64507,Смартфони,23,13691.41,0
2024-10-01,215,64508,Смартфони,10,15893.65,1
2024-10-01,215,64509,Смартфони,16,34311.43,0
2024-10-01,215,64510,Холодильники,4,23511.56,0
2024-10-01,215,64511,Холодильники,3,19349.89,0
2024-10-01,215,64512,Холодильники,0,33003.08,0
2024-10-01,215,64513,Холодильники,3,37439.13,0
2024-10-01,215,64514,Холодильники,1,21789.58,0
2024-10-01,312,64500,Ноутбуки,1,35085.13,0
2024-10-01,312,64501,Ноутбуки,3,24441.15,0
2024-10-01,312,64502,Ноутбуки,7,20937.41,0
2024-10-01,312,64503,Ноутбуки,1,25296.42,0
2024-10-01,312,64504,Ноутбуки,4,38561.2,0
2024-10-01,312,64505,Смартфони,3,29843.61,0
2024-10-01,312,64506,Смартфони,12,8818.81,0
2024-10-01,312,64507,Смартфони,17,14256.42,0
2024-10-01,312,64508,Смартфони,9,17484.29,0
2024-10-01,312,64509,Смартфони,7,34771.52,0
2024-10-01,312,64510,Холодильники,1,24454.09,0
2024-10-01,312,64511,Холодильники,2,19515.13,0
2024-10-01,312,64512,Холодильники,2,35556.26,0
2024-10-01,312,64513,Холодильники,1,35603.41,0
2024-10-01,312,64514,Холодильники,0,22227.96,0
2024-10-02,215,64500,Ноутбуки,3,33770.94,0
2024-10-02,215,64501,Ноутбуки,5,25556.87,0
2024-10-02,215,64502,Ноутбуки,5,21267.39,0
2024-10-02,215,64503,Ноутбуки,4,25456.5,0
2024-10-02,215,64504,Ноутбуки,4,40391.62,0
2024-10-02,215,64505,Смартфони,10,29296.71,0
2024-10-02,215,64506,Смартфони,19,9234.0,0
2024-10-02,215,64507,Смартфони,15,14146.88,0
2024-10-02,215,64508,Смартфони,19,17363.12,0
2024-10-02,215,64509,Смартфони,21,31850.53,1
2024-10-02,215,64510,Холодильники,3,25367.5,0
2024-10-02,215,64511,Холодильники,1,18214.48,0
2024-10-02,215,64512,Холодильники,1,35016.47,0
2024-10-02,215,64513,Холодильники,1,35810.46,0
2024-10-02,215,64514,Холодильники,1,21541.52,0
2024-10-02,312,64500,Ноутбуки,2,35190.85,0
2024-10-02,312,64501,Ноутбуки,4,26117.18,0
2024-10-02,312,64502,Ноутбуки,6,21528.16,0
2024-10-02,312,64503,Ноутбуки,5,26417.05,0
2024-10-02,312,64504,Ноутбуки,5,39741.77,0
2024-10-02,312,64505,Смартфони,4,29380.33,0
2024-10-02,312,64506,Смартфони,6,9318.74,0
2024-10-02,312,64507,Смартфони,5,14463.48,0
2024-10-02,312,64508,Смартфони,2,16354.84,0
2024-10-02,312,64509,Смартфони,13,32993.25,0
2024-10-02,312,64510,Холодильники,2,21792.9,1
2024-10-02,312,64511,Холодильники,3,18672.34,0
2024-10-02,312,64512,Холодильники,1,34953.48,0
2024-10-02,312,64513,Холодильники,1,35969.78,0
2024-10-02,312,64514,Холодильники,1,21751.55,0
2024-10-03,215,64500,Ноутбуки,0,33637.56,0
2024-10-03,215,64501,Ноутбуки,3,25322.48,0
2024-10-03,215,64502,Ноутбуки,5,21816.74,0
2024-10-03,215,64503,Ноутбуки,5,26150.69,0
2024-10-03,215,64504,Ноутбуки,4,40405.19,0
2024-10-03,215,64505,Смартфони,6,29390.8,0
2024-10-03,215,64506,Смартфони,14,9753.84,0
2024-10-03,215,64507,Смартфони,20,13943.91,0
2024-10-03,215,64508,Смартфони,16,17634.74,0
2024-10-03,215,64509,Смартфони,18,33454.51,0
2024-10-03,215,64510,Холодильники,1,24062.0,0
2024-10-03,215,64511,Холодильники,3,18482.05,0
2024-10-03,215,64512,Холодильники,4,33806.68,0
2024-10-03,215,64513,Холодильники,2,33256.38,1
2024-10-03,215,64514,Холодильники,0,21526.2,0
2024-10-03,312,64500,Ноутбуки,1,32843.05,0
2024-10-03,312,64501,Ноутбуки,3,25522.6,0
2024-10-03,312,64502,Ноутбуки,7,20757.82,0
2024-10-03,312,64503,Ноутбуки,3,25692.17,0
2024-10-03,312,64504,Ноутбуки,3,41993.35,0
2024-10-03,312,64505,Смартфони,4,29903.23,0
2024-10-03,312,64506,Смартфони,9,9443.94,0
2024-10-03,312,64507,Смартфони,15,14865.77,0
2024-10-03,312,64508,Смартфони,9,16508.88,0
2024-10-03,312,64509,Смартфони,14,34115.37,0
2024-10-03,312,64510,Холодильники,2,24408.53,0
2024-10-03,312,64511,Холодильники,2,18711.53,0
2024-10-03,312,64512,Холодильники,1,35930.9,0
2024-10-03,312,64513,Холодильники,3,35991.86,0
2024-10-03,312,64514,Холодильники,1,21707.93,0
2024-10-04,215,64500,Ноутбуки,3,35010.09,0
2024-10-04,215,64501,Ноутбуки,8,25116.49,0
2024-10-04,215,64502,Ноутбуки,6,21586.84,0
2024-10-04,215,64503,Ноутбуки,8,25592.97,0
2024-10-04,215,64504,Ноутбуки,4,40906.44,0
2024-10-04,215,64505,Смартфони,11,29663.67,0
2024-10-04,215,64506,Смартфони,16,9352.11,0
2024-10-04,215,64507,Смартфони,12,14080.28,0
2024-10-04,215,64508,Смартфони,18,16213.74,0
2024-10-04,215,64509,Смартфони,11,33474.85,0
2024-10-04,215,64510,Холодильники,4,23391.35,0
2024-10-04,215,64511,Холодильники,5,18449.0,0
2024-10-04,215,64512,Холодильники,6,34529.34,0
2024-10-04,215,64513,Холодильники,5,32919.94,0
2024-10-04,215,64514,Холодильники,1,22570.04,0
2024-10-04,312,64500,Ноутбуки,0,35473.74,0
2024-10-04,312,64501,Ноутбуки,4,25063.9,0
2024-10-04,312,64502,Ноутбуки,7,21139.68,0
2024-10-04,312,64503,Ноутбуки,5,24452.16,0
2024-10-04,312,64504,Ноутбуки,2,40341.03,0
2024-10-04,312,64505,Смартфони,5,29770.66,0
2024-10-04,312,64506,Смартфони,4,10040.02,0
2024-10-04,312,64507,Смартфони,11,14130.54,0
2024-10-04,312,64508,Смартфони,13,15339.43,1
2024-10-04,312,64509,Смартфони,13,33920.62,0
2024-10-04,312,64510,Холодильники,1,25124.28,0
2024-10-04,312,64511,Холодильники,1,19132.52,0
2024-10-04,312,64512,Холодильники,0,35278.83,0
2024-10-04,312,64513,Холодильники,2,35852.48,0
2024-10-04,312,64514,Холодильники,0,22228.56,0
2024-10-05,215,64500,Ноутбуки,6,34616.58,0
2024-10-05,215,64501,Ноутбуки,4,25594.63,0
2024-10-05,215,64502,Ноутбуки,6,22489.43,0
2024-10-05,215,64503,Ноутбуки,7,26671.88,0
2024-10-05,215,64504,Ноутбуки,12,36577.47,1
2024-10-05,215,64505,Смартфони,14,29809.27,0
2024-10-05,215,64506,Смартфони,25,8849.0,0
2024-10-05,215,64507,Смартфони,23,13031.95,0
2024-10-05,215,64508,Смартфони,11,17464.25,0
2024-10-05,215,64509,Смартфони,21,33525.4,0
2024-10-05,215,64510,Холодильники,3,24115.74,0
2024-10-05,215,64511,Холодильники,2,18973.38,0
2024-10-05,215,64512,Холодильники,5,35471.23,0
2024-10-05,215,64513,Холодильники,3,34784.8,0
2024-10-05,215,64514,Холодильники,0,22136.13,0
2024-10-05,312,64500,Ноутбуки,3,33763.01,0
2024-10-05,312,64501,Ноутбуки,2,25676.57,0
2024-10-05,312,64502,Ноутбуки,3,21012.47,0
2024-10-05,312,64503,Ноутбуки,1,24855.3,0
2024-10-05,312,64504,Ноутбуки,5,41948.91,0
2024-10-05,312,64505,Смартфони,8,28955.45,0
2024-10-05,312,64506,Смартфони,17,9104.92,0
2024-10-05,312,64507,Смартфони,16,14065.16,0
2024-10-05,312,64508,Смартфони,6,16591.66,0
2024-10-05,312,64509,Смартфони,13,34916.03,0
2024-10-05,312,64510,Холодильники,4,23951.04,0
2024-10-05,312,64511,Холодильники,3,18633.93,0
2024-10-05,312,64512,Холодильники,5,34541.26,0
2024-10-05,312,64513,Холодильники,0,35396.97,0
2024-10-05,312,64514,Холодильники,2,18611.42,1
2024-10-06,215,64500,Ноутбуки,3,36188.31,0
2024-10-06,215,64501,Ноутбуки,2,26481.2,0
2024-10-06,215,64502,Ноутбуки,6,20020.95,0
2024-10-06,215,64503,Ноутбуки,3,24988.15,0
2024-10-06,215,64504,Ноутбуки,6,40275.37,0
2024-10-06,215,64505,Смартфони,6,30358.06,0
2024-10-06,215,64506,Смартфони,22,8853.47,0
2024-10-06,215,64507,Смартфони,27,14202.5,0
2024-10-06,215,64508,Смартфони,15,15990.99,0
2024-10-06,215,64509,Смартфони,19,35643.5,0
2024-10-06,215,64510,Холодильники,1,24057.0,0
2024-10-06,215,64511,Холодильники,3,18760.4,0
2024-10-06,215,64512,Холодильники,4,33916.6,0
2024-10-06,215,64513,Холодильники,4,31445.45,1
2024-10-06,215,64514,Холодильники,1,22290.83,0
2024-10-06,312,64500,Ноутбуки,3,36295.67,0
2024-10-06,312,64501,Ноутбуки,5,25260.66,0
2024-10-06,312,64502,Ноутбуки,7,20127.97,0
2024-10-06,312,64503,Ноутбуки,5,26331.33,0
2024-10-06,312,64504,Ноутбуки,2,39295.53,0
2024-10-06,312,64505,Смартфони,8,29158.47,0
2024-10-06,312,64506,Смартфони,15,9144.63,0
2024-10-06,312,64507,Смартфони,21,13814.52,0
2024-10-06,312,64508,Смартфони,10,15885.73,0
2024-10-06,312,64509,Смартфони,19,34947.64,0
2024-10-06,312,64510,Холодильники,6,24326.55,0
2024-10-06,312,64511,Холодильники,0,20257.22,0
2024-10-06,312,64512,Холодильники,4,34968.46,0
2024-10-06,312,64513,Холодильники,1,36830.63,0
2024-10-06,312,64514,Холодильники,1,20989.4,0
2024-10-07,215,64500,Ноутбуки,5,36734.79,0
2024-10-07,215,64501,Ноутбуки,4,24849.31,0
2024-10-07,215,64502,Ноутбуки,7,20788.46,0
2024-10-07,215,64503,Ноутбуки,4,25399.84,0
2024-10-07,215,64504,Ноутбуки,11,36681.8,0
2024-10-07,215,64505,Смартфони,15,28268.74,0
2024-10-07,215,64506,Смартфони,18,9247.08,0
2024-10-07,215,64507,Смартфони,14,14345.24,0
2024-10-07,215,64508,Смартфони,9,16561.13,0
2024-10-07,215,64509,Смартфони,18,33181.75,0
2024-10-07,215,64510,Холодильники,1,23965.55,0
2024-10-07,215,64511,Холодильники,1,18118.52,0
2024-10-07,215,64512,Холодильники,2,34683.62,0
2024-10-07,215,64513,Холодильники,2,35037.3,0
2024-10-07,215,64514,Холодильники,1,21083.79,0
2024-10-07,312,64500,Ноутбуки,0,33573.39,0
2024-10-07,312,64501,Ноутбуки,5,24554.5,0
2024-10-07,312,64502,Ноутбуки,3,21365.15,0
2024-10-07,312,64503,Ноутбуки,8,26643.89,0
2024-10-07,312,64504,Ноутбуки,4,35870.5,1
2024-10-07,312,64505,Смартфони,4,29483.21,0
2024-10-07,312,64506,Смартфони,9,9245.56,0
2024-10-07,312,64507,Смартфони,17,13553.99,0
2024-10-07,312,64508,Смартфони,5,15658.59,0
2024-10-07,312,64509,Смартфони,6,34656.36,0
2024-10-07,312,64510,Холодильники,3,25006.2,0
2024-10-07,312,64511,Холодильники,4,17992.28,0
2024-10-07,312,64512,Холодильники,1,35859.06,0
2024-10-07,312,64513,Холодильники,1,34903.58,0
2024-10-07,312,64514,Холодильники,1,22366.15,0
2024-10-08,215,64500,Ноутбуки,2,34985.24,0
2024-10-08,215,64501,Ноутбуки,4,25626.13,0
2024-10-08,215,64502,Ноутбуки,5,20367.56,0
2024-10-08,215,64503,Ноутбуки,3,25254.19,0
2024-10-08,215,64504,Ноутбуки,3,41924.37,0
2024-10-08,215,64505,Смартфони,4,31176.18,0
2024-10-08,215,64506,Смартфони,25,8355.16,1
2024-10-08,215,64507,Смартфони,14,14404.72,0
2024-10-08,215,64508,Смартфони,11,16935.25,0
2024-10-08,215,64509,Смартфони,16,33431.36,0
2024-10-08,215,64510,Холодильники,4,23940.57,0
2024-10-08,215,64511,Холодильники,5,19458.47,0
2024-10-08,215,64512,Холодильники,3,33126.8,0
2024-10-08,215,64513,Холодильники,3,36054.55,0
2024-10-08,215,64514,Холодильники,0,21338.88,0
2024-10-08,312,64500,Ноутбуки,1,34031.91,0
2024-10-08,312,64501,Ноутбуки,2,26781.65,0
2024-10-08,312,64502,Ноутбуки,3,20722.47,0
2024-10-08,312,64503,Ноутбуки,5,25821.8,0
2024-10-08,312,64504,Ноутбуки,2,39295.46,0
2024-10-08,312,64505,Смартфони,10,28962.89,0
2024-10-08,312,64506,Смартфони,11,8892.31,0
2024-10-08,312,64507,Смартфони,12,13757.8,0
2024-10-08,312,64508,Смартфони,8,17139.01,0
2024-10-08,312,64509,Смартфони,8,35040.51,0
2024-10-08,312,64510,Холодильники,0,24804.92,0
2024-10-08,312,64511,Холодильники,2,18361.95,0
2024-10-08,312,64512,Холодильники,0,35419.62,0
2024-10-08,312,64513,Холодильники,0,33035.17,1
2024-10-08,312,64514,Холодильники,0,20564.22,0
2024-10-09,215,64500,Ноутбуки,0,35497.99,0
2024-10-09,215,64501,Ноутбуки,6,25505.19,0
2024-10-09,215,64502,Ноутбуки,5,20774.35,0
2024-10-09,215,64503,Ноутбуки,5,25985.96,0
2024-10-09,215,64504,Ноутбуки,6,40819.73,0
2024-10-09,215,64505,Смартфони,10,28773.61,0
2024-10-09,215,64506,Смартфони,12,8910.35,0
2024-10-09,215,64507,Смартфони,18,14491.97,0
2024-10-09,215,64508,Смартфони,15,16067.3,0
2024-10-09,215,64509,Смартфони,14,32009.78,0
2024-10-09,215,64510,Холодильники,4,23763.23,0
2024-10-09,215,64511,Холодильники,1,19805.96,0
2024-10-09,215,64512,Холодильники,2,36218.1,0
2024-10-09,215,64513,Холодильники,0,35985.29,0
2024-10-09,215,64514,Холодильники,1,21483.08,0
2024-10-09,312,64500,Ноутбуки,3,33944.13,0
2024-10-09,312,64501,Ноутбуки,1,25562.94,0
2024-10-09,312,64502,Ноутбуки,4,20212.34,0
2024-10-09,312,64503,Ноутбуки,4,24616.68,0
2024-10-09,312,64504,Ноутбуки,4,43370.08,0
2024-10-09,312,64505,Смартфони,6,29513.84,0
2024-10-09,312,64506,Смартфони,13,9141.58,0
2024-10-09,312,64507,Смартфони,10,13684.97,0
2024-10-09,312,64508,Смартфони,6,16500.5,0
2024-10-09,312,64509,Смартфони,12,33764.05,0
2024-10-09,312,64510,Холодильники,4,23722.09,0
2024-10-09,312,64511,Холодильники,2,19274.22,0
2024-10-09,312,64512,Холодильники,1,34755.14,0
2024-10-09,312,64513,Холодильники,5,35099.59,0
2024-10-09,312,64514,Холодильники,0,22232.91,0
2024-10-10,215,64500,Ноутбуки,2,29214.29,1
2024-10-10,215,64501,Ноутбуки,2,26164.49,0
2024-10-10,215,64502,Ноутбуки,9,19704.41,0
2024-10-10,215,64503,Ноутбуки,4,25182.84,0
2024-10-10,215,64504,Ноутбуки,3,41438.66,0
2024-10-10,215,64505,Смартфони,7,29509.35,0
2024-10-10,215,64506,Смартфони,14,9502.56,0
2024-10-10,215,64507,Смартфони,21,14574.18,0
2024-10-10,215,64508,Смартфони,13,17058.96,0
2024-10-10,215,64509,Смартфони,20,34059.93,0
2024-10-10,215,64510,Холодильники,3,23836.86,0
2024-10-10,215,64511,Холодильники,3,19726.55,0
2024-10-10,215,64512,Холодильники,6,34925.86,0
2024-10-10,215,64513,Холодильники,1,36982.2,0
2024-10-10,215,64514,Холодильники,0,21682.9,0
2024-10-10,312,64500,Ноутбуки,3,30807.85,1
2024-10-10,312,64501,Ноутбуки,4,26255.62,0
2024-10-10,312,64502,Ноутбуки,5,19695.95,1
2024-10-10,312,64503,Ноутбуки,2,23205.15,1
2024-10-10,312,64504,Ноутбуки,4,39967.53,0
2024-10-10,312,64505,Смартфони,6,30533.52,0
2024-10-10,312,64506,Смартфони,12,9457.0,0
2024-10-10,312,64507,Смартфони,6,14380.02,0
2024-10-10,312,64508,Смартфони,6,17384.12,0
2024-10-10,312,64509,Смартфони,11,33188.41,0
2024-10-10,312,64510,Холодильники,2,24640.0,0
2024-10-10,312,64511,Холодильники,1,19723.26,0
2024-10-10,312,64512,Холодильники,6,35301.43,0
2024-10-10,312,64513,Холодильники,2,32796.86,1
2024-10-10,312,64514,Холодильники,0,22520.45,0
2024-10-11,215,64500,Ноутбуки,9,31933.68,1
2024-10-11,215,64501,Ноутбуки,5,24589.91,0
2024-10-11,215,64502,Ноутбуки,8,21157.12,0
2024-10-11,215,64503,Ноутбуки,7,27399.32,0
2024-10-11,215,64504,Ноутбуки,2,39505.23,0
2024-10-11,215,64505,Смартфони,8,30873.76,0
2024-10-11,215,64506,Смартфони,18,9324.38,0
2024-10-11,215,64507,Смартфони,11,14040.97,0
2024-10-11,215,64508,Смартфони,10,15995.1,0
2024-10-11,215,64509,Смартфони,14,34364.65,0
2024-10-11,215,64510,Холодильники,1,24573.21,0
2024-10-11,215,64511,Холодильники,4,17838.39,1
2024-10-11,215,64512,Холодильники,3,34003.15,0
2024-10-11,215,64513,Холодильники,1,33865.59,0
2024-10-11,215,64514,Холодильники,2,22903.22,0
2024-10-11,312,64500,Ноутбуки,3,35086.25,0
2024-10-11,312,64501,Ноутбуки,3,25688.88,0
2024-10-11,312,64502,Ноутбуки,5,21133.29,0
2024-10-11,312,64503,Ноутбуки,3,26020.14,0
2024-10-11,312,64504,Ноутбуки,4,38534.36,0
2024-10-11,312,64505,Смартфони,7,31648.37,0
2024-10-11,312,64506,Смартфони,13,9155.84,0
2024-10-11,312,64507,Смартфони,10,13611.84,0
2024-10-11,312,64508,Смартфони,5,15945.3,0
2024-10-11,312,64509,Смартфони,11,31953.49,0
2024-10-11,312,64510,Холодильники,1,22519.37,1
2024-10-11,312,64511,Холодильники,4,17978.38,1
2024-10-11,312,64512,Холодильники,2,34281.84,0
2024-10-11,312,64513,Холодильники,1,33744.35,0
2024-10-11,312,64514,Холодильники,1,22375.94,0
2024-10-12,215,64500,Ноутбуки,4,34568.05,0
2024-10-12,215,64501,Ноутбуки,3,24640.64,0
2024-10-12,215,64502,Ноутбуки,10,21068.05,0
2024-10-12,215,64503,Ноутбуки,5,25135.65,0
2024-10-12,215,64504,Ноутбуки,5,40801.85,0
2024-10-12,215,64505,Смартфони,11,27852.45,0
2024-10-12,215,64506,Смартфони,36,8272.34,1
2024-10-12,215,64507,Смартфони,15,13882.4,0
2024-10-12,215,64508,Смартфони,11,17206.03,0
2024-10-12,215,64509,Смартфони,25,35422.66,0
2024-10-12,215,64510,Холодильники,3,23616.2,0
2024-10-12,215,64511,Холодильники,4,18117.26,0
2024-10-12,215,64512,Холодильники,3,36816.93,0
2024-10-12,215,64513,Холодильники,0,33547.9,0
2024-10-12,215,64514,Холодильники,1,21996.05,0
2024-10-12,312,64500,Ноутбуки,0,33612.57,0
2024-10-12,312,64501,Ноутбуки,4,26103.29,0
2024-10-12,312,64502,Ноутбуки,10,20845.79,0
2024-10-12,312,64503,Ноутбуки,5,23248.64,1
2024-10-12,312,64504,Ноутбуки,3,39248.8,0
2024-10-12,312,64505,Смартфони,7,29686.4,0
2024-10-12,312,64506,Смартфони,14,9144.92,0
2024-10-12,312,64507,Смартфони,20,13950.63,0
2024-10-12,312,64508,Смартфони,6,16870.56,0
2024-10-12,312,64509,Смартфони,14,32570.69,0
2024-10-12,312,64510,Холодильники,4,24122.86,0
2024-10-12,312,64511,Холодильники,1,18632.8,0
2024-10-12,312,64512,Холодильники,2,34633.66,0
2024-10-12,312,64513,Холодильники,2,31283.21,1
2024-10-12,312,64514,Холодильники,1,20321.6,0
2024-10-13,215,64500,Ноутбуки,2,36932.79,0
2024-10-13,215,64501,Ноутбуки,2,25616.91,0
2024-10-13,215,64502,Ноутбуки,5,20577.11,0
2024-10-13,215,64503,Ноутбуки,10,26837.23,0
2024-10-13,215,64504,Ноутбуки,6,41251.88,0
2024-10-13,215,64505,Смартфони,19,27211.69,1
2024-10-13,215,64506,Смартфони,19,9287.02,0
2024-10-13,215,64507,Смартфони,26,14871.52,0
2024-10-13,215,64508,Смартфони,18,16054.53,0
2024-10-13,215,64509,Смартфони,21,33443.41,0
2024-10-13,215,64510,Холодильники,1,25058.99,0
2024-10-13,215,64511,Холодильники,3,20640.56,0
2024-10-13,215,64512,Холодильники,6,35190.6,0
2024-10-13,215,64513,Холодильники,2,38127.27,0
2024-10-13,215,64514,Холодильники,4,22007.26,0
2024-10-13,312,64500,Ноутбуки,4,35357.55,0
2024-10-13,312,64501,Ноутбуки,4,24624.2,0
2024-10-13,312,64502,Ноутбуки,7,21017.62,0
2024-10-13,312,64503,Ноутбуки,3,24827.88,0
2024-10-13,312,64504,Ноутбуки,2,40716.56,0
2024-10-13,312,64505,Смартфони,9,28659.24,0
2024-10-13,312,64506,Смартфони,7,9346.81,0
2024-10-13,312,64507,Смартфони,16,14385.94,0
2024-10-13,312,64508,Смартфони,9,17010.29,0
2024-10-13,312,64509,Смартфони,12,34196.26,0
2024-10-13,312,64510,Холодильники,5,23724.37,0
2024-10-13,312,64511,Холодильники,1,19564.39,0
2024-10-13,312,64512,Холодильники,1,35258.96,0
2024-10-13,312,64513,Холодильники,2,34578.52,0
2024-10-13,312,64514,Холодильники,1,22521.47,0
2024-10-14,215,64500,Ноутбуки,1,34424.63,0
2024-10-14,215,64501,Ноутбуки,3,25387.59,0
2024-10-14,215,64502,Ноутбуки,8,20461.61,0
2024-10-14,215,64503,Ноутбуки,8,26883.22,0
2024-10-14,215,64504,Ноутбуки,3,39856.74,0
2024-10-14,215,64505,Смартфони,10,29548.43,0
2024-10-14,215,64506,Смартфони,14,9217.89,0
2024-10-14,215,64507,Смартфони,15,14310.01,0
2024-10-14,215,64508,Смартфони,19,15036.53,1
2024-10-14,215,64509,Смартфони,14,33529.8,0
2024-10-14,215,64510,Холодильники,4,22791.97,1
2024-10-14,215,64511,Холодильники,2,19343.35,0
2024-10-14,215,64512,Холодильники,1,34990.06,0
2024-10-14,215,64513,Холодильники,2,35615.27,0
2024-10-14,215,64514,Холодильники,2,22688.75,0
2024-10-14,312,64500,Ноутбуки,5,35157.83,0
2024-10-14,312,64501,Ноутбуки,0,27101.21,0
2024-10-14,312,64502,Ноутбуки,10,21356.95,0
2024-10-14,312,64503,Ноутбуки,4,23896.21,0
2024-10-14,312,64504,Ноутбуки,3,39903.14,0
2024-10-14,312,64505,Смартфони,7,28294.92,0
2024-10-14,312,64506,Смартфони,14,9416.78,0
2024-10-14,312,64507,Смартфони,12,14019.07,0
2024-10-14,312,64508,Смартфони,5,17011.45,0
2024-10-14,312,64509,Смартфони,11,34576.54,0
2024-10-14,312,64510,Холодильники,1,23879.7,0
2024-10-14,312,64511,Холодильники,1,19345.77,0
2024-10-14,312,64512,Холодильники,2,34576.52,0
2024-10-14,312,64513,Холодильники,0,37025.15,0
2024-10-14,312,64514,Холодильники,1,21564.48,0
2024-10-15,215,64500,Ноутбуки,3,34657.9,0
2024-10-15,215,64501,Ноутбуки,0,26009.74,0
2024-10-15,215,64502,Ноутбуки,3,21580.18,0
2024-10-15,215,64503,Ноутбуки,6,22536.81,1
2024-10-15,215,64504,Ноутбуки,5,40400.78,0
2024-10-15,215,64505,Смартфони,9,29377.54,0
2024-10-15,215,64506,Смартфони,13,9228.88,0
2024-10-15,215,64507,Смартфони,22,14307.4,0
2024-10-15,215,64508,Смартфони,11,16323.95,0
2024-10-15,215,64509,Смартфони,40,30775.44,1
2024-10-15,215,64510,Холодильники,3,24699.02,0
2024-10-15,215,64511,Холодильники,4,19295.15,0
2024-10-15,215,64512,Холодильники,3,34806.26,0
2024-10-15,215,64513,Холодильники,2,36193.01,0
2024-10-15,215,64514,Холодильники,1,21327.45,0
2024-10-15,312,64500,Ноутбуки,5,34576.48,0
2024-10-15,312,64501,Ноутбуки,3,25385.97,0
2024-10-15,312,64502,Ноутбуки,4,19818.4,0
2024-10-15,312,64503,Ноутбуки,7,24288.84,0
2024-10-15,312,64504,Ноутбуки,3,40098.24,0
2024-10-15,312,64505,Смартфони,6,29790.1,0
2024-10-15,312,64506,Смартфони,19,9026.1,0
2024-10-15,312,64507,Смартфони,13,13934.72,0
2024-10-15,312,64508,Смартфони,7,17340.95,0
2024-10-15,312,64509,Смартфони,13,32425.73,0
2024-10-15,312,64510,Холодильники,4,21347.32,1
2024-10-15,312,64511,Холодильники,3,19916.31,0
2024-10-15,312,64512,Холодильники,4,34236.75,0
2024-10-15,312,64513,Холодильники,0,35453.5,0
2024-10-15,312,64514,Холодильники,1,21927.35,0
2024-10-16,215,64500,Ноутбуки,2,36302.52,0
2024-10-16,215,64501,Ноутбуки,8,23711.26,1
2024-10-16,215,64502,Ноутбуки,7,20483.01,0
2024-10-16,215,64503,Ноутбуки,7,25154.33,0
2024-10-16,215,64504,Ноутбуки,2,40404.05,0
2024-10-16,215,64505,Смартфони,11,29912.98,0
2024-10-16,215,64506,Смартфони,14,9401.72,0
2024-10-16,215,64507,Смартфони,14,13160.48,0
2024-10-16,215,64508,Смартфони,9,15933.64,0
2024-10-16,215,64509,Смартфони,17,33050.23,0
2024-10-16,215,64510,Холодильники,1,24897.88,0
2024-10-16,215,64511,Холодильники,3,19223.44,0
2024-10-16,215,64512,Холодильники,3,34207.01,0
2024-10-16,215,64513,Холодильники,0,36936.31,0
2024-10-16,215,64514,Холодильники,1,22014.16,0
2024-10-16,312,64500,Ноутбуки,3,34306.95,0
2024-10-16,312,64501,Ноутбуки,1,24894.62,0
2024-10-16,312,64502,Ноутбуки,7,21813.86,0
2024-10-16,312,64503,Ноутбуки,2,26305.38,0
2024-10-16,312,64504,Ноутбуки,3,40453.04,0
2024-10-16,312,64505,Смартфони,8,29693.75,0
2024-10-16,312,64506,Смартфони,8,9431.65,0
2024-10-16,312,64507,Смартфони,13,13889.65,0
2024-10-16,312,64508,Смартфони,9,16459.46,0
2024-10-16,312,64509,Смартфони,5,32146.65,0
2024-10-16,312,64510,Холодильники,2,24373.1,0
2024-10-16,312,64511,Холодильники,3,18569.36,0
2024-10-16,312,64512,Холодильники,2,35611.9,0
2024-10-16,312,64513,Холодильники,1,35322.36,0
2024-10-16,312,64514,Холодильники,2,22654.49,0
2024-10-17,215,64500,Ноутбуки,2,31945.58,1
2024-10-17,215,64501,Ноутбуки,2,25614.38,0
2024-10-17,215,64502,Ноутбуки,6,21262.68,0
2024-10-17,215,64503,Ноутбуки,6,25203.02,0
2024-10-17,215,64504,Ноутбуки,7,43042.55,0
2024-10-17,215,64505,Смартфони,7,28913.63,0
2024-10-17,215,64506,Смартфони,13,9215.28,0
2024-10-17,215,64507,Смартфони,10,14384.19,0
2024-10-17,215,64508,Смартфони,13,16595.71,0
2024-10-17,215,64509,Смартфони,13,34042.13,0
2024-10-17,215,64510,Холодильники,3,23515.39,0
2024-10-17,215,64511,Холодильники,5,20694.24,0
2024-10-17,215,64512,Холодильники,3,36014.04,0
2024-10-17,215,64513,Холодильники,7,36005.87,0
2024-10-17,215,64514,Холодильники,2,22023.74,0
2024-10-17,312,64500,Ноутбуки,3,31099.77,1
2024-10-17,312,64501,Ноутбуки,1,25948.59,0
2024-10-17,312,64502,Ноутбуки,6,20617.38,0
2024-10-17,312,64503,Ноутбуки,4,24618.08,0
2024-10-17,312,64504,Ноутбуки,9,41401.22,0
2024-10-17,312,64505,Смартфони,6,28838.43,0
2024-10-17,312,64506,Смартфони,10,9291.74,0
2024-10-17,312,64507,Смартфони,8,14083.17,0
2024-10-17,312,64508,Смартфони,8,17788.37,0
2024-10-17,312,64509,Смартфони,14,34221.83,0
2024-10-17,312,64510,Холодильники,1,24223.7,0
2024-10-17,312,64511,Холодильники,0,17453.95,1
2024-10-17,312,64512,Холодильники,0,35160.82,0
2024-10-17,312,64513,Холодильники,0,35815.88,0
2024-10-17,312,64514,Холодильники,0,22591.67,0
2024-10-18,215,64500,Ноутбуки,6,30088.44,1
2024-10-18,215,64501,Ноутбуки,5,25952.26,0
2024-10-18,215,64502,Ноутбуки,3,20537.17,0
2024-10-18,215,64503,Ноутбуки,6,25409.34,0
2024-10-18,215,64504,Ноутбуки,10,40050.65,0
2024-10-18,215,64505,Смартфони,5,30692.53,0
2024-10-18,215,64506,Смартфони,20,9526.01,0
2024-10-18,215,64507,Смартфони,23,14316.05,0
2024-10-18,215,64508,Смартфони,14,16978.26,0
2024-10-18,215,64509,Смартфони,20,33423.26,0
2024-10-18,215,64510,Холодильники,5,23966.16,0
2024-10-18,215,64511,Холодильники,6,19754.94,0
2024-10-18,215,64512,Холодильники,0,34001.74,0
2024-10-18,215,64513,Холодильники,1,35097.89,0
2024-10-18,215,64514,Холодильники,1,21633.73,0
2024-10-18,312,64500,Ноутбуки,2,33740.71,0
2024-10-18,312,64501,Ноутбуки,3,26640.55,0
2024-10-18,312,64502,Ноутбуки,6,20357.71,0
2024-10-18,312,64503,Ноутбуки,4,26891.61,0
2024-10-18,312,64504,Ноутбуки,3,38078.92,0
2024-10-18,312,64505,Смартфони,8,29288.16,0
2024-10-18,312,64506,Смартфони,14,8857.88,0
2024-10-18,312,64507,Смартфони,9,14152.69,0
2024-10-18,312,64508,Смартфони,7,17149.77,0
2024-10-18,312,64509,Смартфони,11,33985.71,0
2024-10-18,312,64510,Холодильники,5,24559.91,0
2024-10-18,312,64511,Холодильники,5,19204.71,0
2024-10-18,312,64512,Холодильники,1,34030.98,0
2024-10-18,312,64513,Холодильники,2,34716.41,0
2024-10-18,312,64514,Холодильники,1,20972.07,0
2024-10-19,215,64500,Ноутбуки,6,35060.73,0
2024-10-19,215,64501,Ноутбуки,2,27039.07,0
2024-10-19,215,64502,Ноутбуки,5,19691.74,0
2024-10-19,215,64503,Ноутбуки,5,26879.0,0
2024-10-19,215,64504,Ноутбуки,5,40315.66,0
2024-10-19,215,64505,Смартфони,18,27276.01,1
2024-10-19,215,64506,Смартфони,18,9146.86,0
2024-10-19,215,64507,Смартфони,15,14099.4,0
2024-10-19,215,64508,Смартфони,13,16438.6,0
2024-10-19,215,64509,Смартфони,23,33074.88,0
2024-10-19,215,64510,Холодильники,9,25438.11,0
2024-10-19,215,64511,Холодильники,8,16989.78,1
2024-10-19,215,64512,Холодильники,1,35411.78,0
2024-10-19,215,64513,Холодильники,1,35776.62,0
2024-10-19,215,64514,Холодильники,3,22325.83,0
2024-10-19,312,64500,Ноутбуки,3,35708.59,0
2024-10-19,312,64501,Ноутбуки,2,24226.04,0
2024-10-19,312,64502,Ноутбуки,8,21146.36,0
2024-10-19,312,64503,Ноутбуки,9,24475.8,1
2024-10-19,312,64504,Ноутбуки,2,41332.2,0
2024-10-19,312,64505,Смартфони,8,26043.36,1
2024-10-19,312,64506,Смартфони,13,8824.61,0
2024-10-19,312,64507,Смартфони,15,14691.85,0
2024-10-19,312,64508,Смартфони,9,17003.01,0
2024-10-19,312,64509,Смартфони,12,33043.34,0
2024-10-19,312,64510,Холодильники,0,24908.76,0
2024-10-19,312,64511,Холодильники,5,20515.59,0
2024-10-19,312,64512,Холодильники,2,33494.27,0
2024-10-19,312,64513,Холодильники,3,36593.78,0
2024-10-19,312,64514,Холодильники,0,22028.94,0
2024-10-20,215,64500,Ноутбуки,3,34032.7,0
2024-10-20,215,64501,Ноутбуки,0,27049.73,0
2024-10-20,215,64502,Ноутбуки,12,20627.62,0
2024-10-20,215,64503,Ноутбуки,7,26185.25,0
2024-10-20,215,64504,Ноутбуки,3,42284.43,0
2024-10-20,215,64505,Смартфони,14,27946.59,0
2024-10-20,215,64506,Смартфони,13,9526.36,0
2024-10-20,215,64507,Смартфони,16,14449.34,0
2024-10-20,215,64508,Смартфони,12,17129.21,0
2024-10-20,215,64509,Смартфони,17,34078.61,0
2024-10-20,215,64510,Холодильники,1,23960.37,0
2024-10-20,215,64511,Холодильники,3,18487.43,0
2024-10-20,215,64512,Холодильники,1,34774.24,0
2024-10-20,215,64513,Холодильники,3,35997.11,0
2024-10-20,215,64514,Холодильники,1,21287.33,0
2024-10-20,312,64500,Ноутбуки,1,34912.0,0
2024-10-20,312,64501,Ноутбуки,3,24387.42,0
2024-10-20,312,64502,Ноутбуки,2,19874.48,0
2024-10-20,312,64503,Ноутбуки,4,26907.55,0
2024-10-20,312,64504,Ноутбуки,6,40749.23,0
2024-10-20,312,64505,Смартфони,6,28766.99,0
2024-10-20,312,64506,Смартфони,10,9317.75,0
2024-10-20,312,64507,Смартфони,25,14750.58,0
2024-10-20,312,64508,Смартфони,6,16382.07,0
2024-10-20,312,64509,Смартфони,17,34188.32,0
2024-10-20,312,64510,Холодильники,2,23687.73,0
2024-10-20,312,64511,Холодильники,3,18619.31,0
2024-10-20,312,64512,Холодильники,4,33252.01,0
2024-10-20,312,64513,Холодильники,0,35472.15,0
2024-10-20,312,64514,Холодильники,4,21590.1,0
2024-10-21,215,64500,Ноутбуки,3,34110.56,0
2024-10-21,215,64501,Ноутбуки,2,25080.55,0
2024-10-21,215,64502,Ноутбуки,4,21776.31,0
2024-10-21,215,64503,Ноутбуки,5,26243.54,0
2024-10-21,215,64504,Ноутбуки,10,37533.49,1
2024-10-21,215,64505,Смартфони,10,31012.95,0
2024-10-21,215,64506,Смартфони,16,9060.73,0
2024-10-21,215,64507,Смартфони,12,13941.2,0
2024-10-21,215,64508,Смартфони,9,15646.15,0
2024-10-21,215,64509,Смартфони,17,33061.7,0
2024-10-21,215,64510,Холодильники,1,24116.28,0
2024-10-21,215,64511,Холодильники,4,19205.95,0
2024-10-21,215,64512,Холодильники,1,36468.81,0
2024-10-21,215,64513,Холодильники,2,35541.47,0
2024-10-21,215,64514,Холодильники,0,21570.53,0
2024-10-21,312,64500,Ноутбуки,1,34029.37,0
2024-10-21,312,64501,Ноутбуки,2,25578.62,0
2024-10-21,312,64502,Ноутбуки,5,20204.63,0
2024-10-21,312,64503,Ноутбуки,8,25563.82,0
2024-10-21,312,64504,Ноутбуки,1,40870.21,0
2024-10-21,312,64505,Смартфони,6,28957.07,0
2024-10-21,312,64506,Смартфони,5,9197.81,0
2024-10-21,312,64507,Смартфони,13,14083.77,0
2024-10-21,312,64508,Смартфони,9,15627.22,0
2024-10-21,312,64509,Смартфони,9,32418.55,0
2024-10-21,312,64510,Холодильники,0,23623.47,0
2024-10-21,312,64511,Холодильники,2,19177.84,0
2024-10-21,312,64512,Холодильники,5,30733.81,1
2024-10-21,312,64513,Холодильники,1,36810.01,0
2024-10-21,312,64514,Холодильники,3,21197.34,0
2024-10-22,215,64500,Ноутбуки,1,34180.5,0
2024-10-22,215,64501,Ноутбуки,4,26415.9,0
2024-10-22,215,64502,Ноутбуки,5,22141.56,0
2024-10-22,215,64503,Ноутбуки,4,25811.43,0
2024-10-22,215,64504,Ноутбуки,6,39282.28,0
2024-10-22,215,64505,Смартфони,22,26588.0,1
2024-10-22,215,64506,Смартфони,26,8529.21,1
2024-10-22,215,64507,Смартфони,12,14647.78,0
2024-10-22,215,64508,Смартфони,16,16547.46,0
2024-10-22,215,64509,Смартфони,11,35493.06,0
2024-10-22,215,64510,Холодильники,5,24594.3,0
2024-10-22,215,64511,Холодильники,3,19803.18,0
2024-10-22,215,64512,Холодильники,1,33240.0,0
2024-10-22,215,64513,Холодильники,3,35255.41,0
2024-10-22,215,64514,Холодильники,0,23059.87,0
2024-10-22,312,64500,Ноутбуки,0,35483.45,0
2024-10-22,312,64501,Ноутбуки,1,25571.82,0
2024-10-22,312,64502,Ноутбуки,4,20947.24,0
2024-10-22,312,64503,Ноутбуки,0,26723.38,0
2024-10-22,312,64504,Ноутбуки,2,41806.12,0
2024-10-22,312,64505,Смартфони,11,27530.78,1
2024-10-22,312,64506,Смартфони,10,9537.88,0
2024-10-22,312,64507,Смартфони,16,13982.87,0
2024-10-22,312,64508,Смартфони,8,15780.07,0
2024-10-22,312,64509,Смартфони,10,34003.24,0
2024-10-22,312,64510,Холодильники,1,24545.99,0
2024-10-22,312,64511,Холодильники,2,18495.97,0
2024-10-22,312,64512,Холодильники,2,32387.12,0
2024-10-22,312,64513,Холодильники,0,35470.85,0
2024-10-22,312,64514,Холодильники,1,22126.17,0
2024-10-23,215,64500,Ноутбуки,2,29413.58,1
2024-10-23,215,64501,Ноутбуки,2,24177.26,0
2024-10-23,215,64502,Ноутбуки,5,19356.99,0
2024-10-23,215,64503,Ноутбуки,8,22956.02,1
2024-10-23,215,64504,Ноутбуки,5,40403.6,0
2024-10-23,215,64505,Смартфони,9,28830.36,0
2024-10-23,215,64506,Смартфони,20,8746.86,0
2024-10-23,215,64507,Смартфони,15,14325.97,0
2024-10-23,215,64508,Смартфони,17,16832.51,0
2024-10-23,215,64509,Смартфони,7,32847.39,0
2024-10-23,215,64510,Холодильники,2,23758.78,0
2024-10-23,215,64511,Холодильники,3,18628.34,0
2024-10-23,215,64512,Холодильники,2,35938.6,0
2024-10-23,215,64513,Холодильники,0,35375.71,0
2024-10-23,215,64514,Холодильники,0,18283.58,1
2024-10-23,312,64500,Ноутбуки,4,34162.08,0
2024-10-23,312,64501,Ноутбуки,3,26615.19,0
2024-10-23,312,64502,Ноутбуки,2,20197.72,0
2024-10-23,312,64503,Ноутбуки,0,24634.88,0
2024-10-23,312,64504,Ноутбуки,5,39179.65,0
2024-10-23,312,64505,Смартфони,4,29472.55,0
2024-10-23,312,64506,Смартфони,7,9562.88,0
2024-10-23,312,64507,Смартфони,9,14417.44,0
2024-10-23,312,64508,Смартфони,6,16661.29,0
2024-10-23,312,64509,Смартфони,12,33228.95,0
2024-10-23,312,64510,Холодильники,1,24521.26,0
2024-10-23,312,64511,Холодильники,1,19344.95,0
2024-10-23,312,64512,Холодильники,1,31074.58,1
2024-10-23,312,64513,Холодильники,3,36762.94,0
2024-10-23,312,64514,Холодильники,2,22193.48,0
2024-10-24,215,64500,Ноутбуки,4,36116.2,0
2024-10-24,215,64501,Ноутбуки,4,25682.48,0
2024-10-24,215,64502,Ноутбуки,4,22200.45,0
2024-10-24,215,64503,Ноутбуки,7,25853.01,0
2024-10-24,215,64504,Ноутбуки,5,39909.45,0
2024-10-24,215,64505,Смартфони,12,30355.87,0
2024-10-24,215,64506,Смартфони,14,9439.79,0
2024-10-24,215,64507,Смартфони,21,14103.93,0
2024-10-24,215,64508,Смартфони,11,16683.85,0
2024-10-24,215,64509,Смартфони,21,33286.55,0
2024-10-24,215,64510,Холодильники,3,24935.16,0
2024-10-24,215,64511,Холодильники,5,19548.76,0
2024-10-24,215,64512,Холодильники,5,35584.55,0
2024-10-24,215,64513,Холодильники,1,37385.19,0
2024-10-24,215,64514,Холодильники,0,21684.6,0
2024-10-24,312,64500,Ноутбуки,0,33668.17,0
2024-10-24,312,64501,Ноутбуки,1,26353.57,0
2024-10-24,312,64502,Ноутбуки,4,20846.4,0
2024-10-24,312,64503,Ноутбуки,2,24979.03,0
2024-10-24,312,64504,Ноутбуки,4,40414.77,0
2024-10-24,312,64505,Смартфони,7,28415.55,0
2024-10-24,312,64506,Смартфони,9,8730.61,0
2024-10-24,312,64507,Смартфони,15,14232.75,0
2024-10-24,312,64508,Смартфони,8,16448.28,0
2024-10-24,312,64509,Смартфони,13,33489.01,0
2024-10-24,312,64510,Холодильники,2,23754.89,0
2024-10-24,312,64511,Холодильники,3,19075.89,0
2024-10-24,312,64512,Холодильники,1,34743.27,0
2024-10-24,312,64513,Холодильники,0,34231.3,0
2024-10-24,312,64514,Холодильники,3,21568.42,0
2024-10-25,215,64500,Ноутбуки,1,37137.76,0
2024-10-25,215,64501,Ноутбуки,5,25387.41,0
2024-10-25,215,64502,Ноутбуки,12,21726.95,0
2024-10-25,215,64503,Ноутбуки,5,25934.49,0
2024-10-25,215,64504,Ноутбуки,6,37007.92,1
2024-10-25,215,64505,Смартфони,11,30755.17,0
2024-10-25,215,64506,Смартфони,11,9355.32,0
2024-10-25,215,64507,Смартфони,15,14813.2,0
2024-10-25,215,64508,Смартфони,13,16518.62,0
2024-10-25,215,64509,Смартфони,26,33939.64,0
2024-10-25,215,64510,Холодильники,4,21767.53,1
2024-10-25,215,64511,Холодильники,3,18915.02,0
2024-10-25,215,64512,Холодильники,2,33340.33,0
2024-10-25,215,64513,Холодильники,2,35921.56,0
2024-10-25,215,64514,Холодильники,2,21354.68,0
2024-10-25,312,64500,Ноутбуки,2,35637.82,0
2024-10-25,312,64501,Ноутбуки,5,26052.65,0
2024-10-25,312,64502,Ноутбуки,8,21772.47,0
2024-10-25,312,64503,Ноутбуки,5,27063.08,0
2024-10-25,312,64504,Ноутбуки,5,39875.55,0
2024-10-25,312,64505,Смартфони,5,28285.23,0
2024-10-25,312,64506,Смартфони,9,9273.92,0
2024-10-25,312,64507,Смартфони,9,13619.59,0
2024-10-25,312,64508,Смартфони,5,16894.65,0
2024-10-25,312,64509,Смартфони,12,34923.47,0
2024-10-25,312,64510,Холодильники,0,24536.96,0
2024-10-25,312,64511,Холодильники,0,19219.54,0
2024-10-25,312,64512,Холодильники,2,34816.85,0
2024-10-25,312,64513,Холодильники,1,35674.53,0
2024-10-25,312,64514,Холодильники,1,21110.68,0
2024-10-26,215,64500,Ноутбуки,3,34758.29,0
2024-10-26,215,64501,Ноутбуки,12,23128.48,1
2024-10-26,215,64502,Ноутбуки,12,21599.75,0
2024-10-26,215,64503,Ноутбуки,5,27486.26,0
2024-10-26,215,64504,Ноутбуки,4,39901.17,0
2024-10-26,215,64505,Смартфони,12,30561.91,0
2024-10-26,215,64506,Смартфони,18,9360.69,0
2024-10-26,215,64507,Смартфони,25,13763.29,0
2024-10-26,215,64508,Смартфони,10,17058.33,0
2024-10-26,215,64509,Смартфони,26,34491.25,0
2024-10-26,215,64510,Холодильники,4,23747.53,0
2024-10-26,215,64511,Холодильники,5,20124.86,0
2024-10-26,215,64512,Холодильники,0,34402.59,0
2024-10-26,215,64513,Холодильники,1,36176.86,0
2024-10-26,215,64514,Холодильники,0,20930.41,0
2024-10-26,312,64500,Ноутбуки,1,36306.56,0
2024-10-26,312,64501,Ноутбуки,3,25029.5,0
2024-10-26,312,64502,Ноутбуки,4,20570.48,0
2024-10-26,312,64503,Ноутбуки,9,25174.62,0
2024-10-26,312,64504,Ноутбуки,4,40075.84,0
2024-10-26,312,64505,Смартфони,10,29330.69,0
2024-10-26,312,64506,Смартфони,20,9429.64,0
2024-10-26,312,64507,Смартфони,14,13941.68,0
2024-10-26,312,64508,Смартфони,16,16328.53,0
2024-10-26,312,64509,Смартфони,10,33399.93,0
2024-10-26,312,64510,Холодильники,5,23677.53,0
2024-10-26,312,64511,Холодильники,6,18971.31,0
2024-10-26,312,64512,Холодильники,1,35468.67,0
2024-10-26,312,64513,Холодильники,2,34755.2,0
2024-10-26,312,64514,Холодильники,3,22476.33,0
2024-10-27,215,64500,Ноутбуки,2,35051.31,0
2024-10-27,215,64501,Ноутбуки,2,26535.02,0
2024-10-27,215,64502,Ноутбуки,7,20746.82,0
2024-10-27,215,64503,Ноутбуки,9,25017.31,0
2024-10-27,215,64504,Ноутбуки,2,39445.51,0
2024-10-27,215,64505,Смартфони,6,30667.34,0
2024-10-27,215,64506,Смартфони,17,9032.48,0
2024-10-27,215,64507,Смартфони,17,14429.02,0
2024-10-27,215,64508,Смартфони,18,14582.92,1
2024-10-27,215,64509,Смартфони,24,31119.41,0
2024-10-27,215,64510,Холодильники,2,24431.87,0
2024-10-27,215,64511,Холодильники,2,17278.41,1
2024-10-27,215,64512,Холодильники,0,34480.08,0
2024-10-27,215,64513,Холодильники,2,38099.56,0
2024-10-27,215,64514,Холодильники,3,22573.56,0
2024-10-27,312,64500,Ноутбуки,1,36434.76,0
2024-10-27,312,64501,Ноутбуки,0,26844.29,0
2024-10-27,312,64502,Ноутбуки,5,20198.65,0
2024-10-27,312,64503,Ноутбуки,3,25340.89,0
2024-10-27,312,64504,Ноутбуки,1,39822.0,0
2024-10-27,312,64505,Смартфони,14,27523.8,1
2024-10-27,312,64506,Смартфони,26,8556.17,1
2024-10-27,312,64507,Смартфони,11,14466.16,0
2024-10-27,312,64508,Смартфони,9,16948.24,0
2024-10-27,312,64509,Смартфони,14,34063.31,0
2024-10-27,312,64510,Холодильники,1,22124.55,1
2024-10-27,312,64511,Холодильники,1,18464.83,0
2024-10-27,312,64512,Холодильники,1,35080.52,0
2024-10-27,312,64513,Холодильники,1,34637.76,0
2024-10-27,312,64514,Холодильники,1,21696.51,0
2024-10-28,215,64500,Ноутбуки,3,34900.92,0
2024-10-28,215,64501,Ноутбуки,1,25868.75,0
2024-10-28,215,64502,Ноутбуки,5,20243.71,0
2024-10-28,215,64503,Ноутбуки,6,25248.48,0
2024-10-28,215,64504,Ноутбуки,3,42681.55,0
2024-10-28,215,64505,Смартфони,11,28280.74,0
2024-10-28,215,64506,Смартфони,17,8940.26,0
2024-10-28,215,64507,Смартфони,15,14098.88,0
2024-10-28,215,64508,Смартфони,6,16367.75,0
2024-10-28,215,64509,Смартфони,18,31857.29,0
2024-10-28,215,64510,Холодильники,1,24250.67,0
2024-10-28,215,64511,Холодильники,3,18949.49,0
2024-10-28,215,64512,Холодильники,4,33436.7,0
2024-10-28,215,64513,Холодильники,3,35408.03,0
2024-10-28,215,64514,Холодильники,2,22097.86,0
2024-10-28,312,64500,Ноутбуки,4,32656.55,0
2024-10-28,312,64501,Ноутбуки,5,26524.3,0
2024-10-28,312,64502,Ноутбуки,5,20408.31,0
2024-10-28,312,64503,Ноутбуки,2,27396.45,0
2024-10-28,312,64504,Ноутбуки,4,40483.54,0
2024-10-28,312,64505,Смартфони,7,29380.33,0
2024-10-28,312,64506,Смартфони,11,9312.36,0
2024-10-28,312,64507,Смартфони,20,13370.78,0
2024-10-28,312,64508,Смартфони,10,16761.09,0
2024-10-28,312,64509,Смартфони,14,32920.47,0
2024-10-28,312,64510,Холодильники,3,24216.51,0
2024-10-28,312,64511,Холодильники,3,18315.0,1
2024-10-28,312,64512,Холодильники,3,34248.96,0
2024-10-28,312,64513,Холодильники,0,32777.65,1
2024-10-28,312,64514,Холодильники,1,21841.21,0
2024-10-29,215,64500,Ноутбуки,2,36617.3,0
2024-10-29,215,64501,Ноутбуки,2,25139.4,0
2024-10-29,215,64502,Ноутбуки,6,21595.05,0
2024-10-29,215,64503,Ноутбуки,3,25021.01,0
2024-10-29,215,64504,Ноутбуки,6,40817.15,0
2024-10-29,215,64505,Смартфони,3,27453.54,0
2024-10-29,215,64506,Смартфони,9,9386.23,0
2024-10-29,215,64507,Смартфони,15,13569.57,0
2024-10-29,215,64508,Смартфони,5,16625.76,0
2024-10-29,215,64509,Смартфони,13,31873.85,0
2024-10-29,215,64510,Холодильники,2,24781.57,0
2024-10-29,215,64511,Холодильники,1,20209.05,0
2024-10-29,215,64512,Холодильники,4,35290.74,0
2024-10-29,215,64513,Холодильники,2,36638.35,0
2024-10-29,215,64514,Холодильники,1,22414.81,0
2024-10-29,312,64500,Ноутбуки,1,36462.55,0
2024-10-29,312,64501,Ноутбуки,2,26476.22,0
2024-10-29,312,64502,Ноутбуки,4,20754.76,0
2024-10-29,312,64503,Ноутбуки,2,24426.69,0
2024-10-29,312,64504,Ноутбуки,1,39538.26,0
2024-10-29,312,64505,Смартфони,5,30656.56,0
2024-10-29,312,64506,Смартфони,10,9463.43,0
2024-10-29,312,64507,Смартфони,20,12764.28,1
2024-10-29,312,64508,Смартфони,12,14592.27,1
2024-10-29,312,64509,Смартфони,15,32968.74,0
2024-10-29,312,64510,Холодильники,1,23657.19,0
2024-10-29,312,64511,Холодильники,1,19681.03,0
2024-10-29,312,64512,Холодильники,0,34853.31,0
2024-10-29,312,64513,Холодильники,2,35607.35,0
2024-10-29,312,64514,Холодильники,1,21519.0,0
2024-10-30,215,64500,Ноутбуки,3,30026.44,1
2024-10-30,215,64501,Ноутбуки,5,25861.63,0
2024-10-30,215,64502,Ноутбуки,4,19943.36,0
2024-10-30,215,64503,Ноутбуки,8,25473.02,0
2024-10-30,215,64504,Ноутбуки,6,40456.3,0
2024-10-30,215,64505,Смартфони,10,28948.21,0
2024-10-30,215,64506,Смартфони,15,9543.81,0
2024-10-30,215,64507,Смартфони,15,14243.12,0
2024-10-30,215,64508,Смартфони,15,17275.72,0
2024-10-30,215,64509,Смартфони,18,33766.08,0
2024-10-30,215,64510,Холодильники,4,24149.11,0
2024-10-30,215,64511,Холодильники,2,19212.69,0
2024-10-30,215,64512,Холодильники,3,33134.32,0
2024-10-30,215,64513,Холодильники,1,36433.41,0
2024-10-30,215,64514,Холодильники,0,22549.83,0
2024-10-30,312,64500,Ноутбуки,0,33569.97,0
2024-10-30,312,64501,Ноутбуки,2,25705.12,0
2024-10-30,312,64502,Ноутбуки,5,20379.69,0
2024-10-30,312,64503,Ноутбуки,2,24395.1,0
2024-10-30,312,64504,Ноутбуки,3,39339.81,0
2024-10-30,312,64505,Смартфони,3,28536.08,0
2024-10-30,312,64506,Смартфони,10,9203.58,0
2024-10-30,312,64507,Смартфони,8,14204.12,0
2024-10-30,312,64508,Смартфони,6,16641.48,0
2024-10-30,312,64509,Смартфони,14,33550.89,0
2024-10-30,312,64510,Холодильники,1,23032.97,0
2024-10-30,312,64511,Холодильники,2,19269.54,0
2024-10-30,312,64512,Холодильники,2,33675.32,0
2024-10-30,312,64513,Холодильники,1,35320.35,0
2024-10-30,312,64514,Холодильники,0,22191.36,0
2024-10-31,215,64500,Ноутбуки,3,35654.61,0
2024-10-31,215,64501,Ноутбуки,4,26495.1,0
2024-10-31,215,64502,Ноутбуки,9,20565.38,0
2024-10-31,215,64503,Ноутбуки,4,25950.55,0
2024-10-31,215,64504,Ноутбуки,5,39027.57,0
2024-10-31,215,64505,Смартфони,14,26074.13,1
2024-10-31,215,64506,Смартфони,18,9349.17,0
2024-10-31,215,64507,Смартфони,10,14807.56,0
2024-10-31,215,64508,Смартфони,12,16049.55,0
2024-10-31,215,64509,Смартфони,18,35177.93,0
2024-10-31,215,64510,Холодильники,4,24764.23,0
2024-10-31,215,64511,Холодильники,5,19493.71,0
2024-10-31,215,64512,Холодильники,3,35143.48,0
2024-10-31,215,64513,Холодильники,2,37483.59,0
2024-10-31,215,64514,Холодильники,0,21799.21,0
2024-10-31,312,64500,Ноутбуки,1,34325.44,0
2024-10-31,312,64501,Ноутбуки,1,26651.02,0
2024-10-31,312,64502,Ноутбуки,10,22431.89,0
2024-10-31,312,64503,Ноутбуки,8,23147.27,1
2024-10-31,312,64504,Ноутбуки,1,39831.72,0
2024-10-31,312,64505,Смартфони,10,31859.73,0
2024-10-31,312,64506,Смартфони,10,9450.42,0
2024-10-31,312,64507,Смартфони,12,13424.61,0
2024-10-31,312,64508,Смартфони,4,16435.99,0
2024-10-31,312,64509,Смартфони,10,33178.24,0
2024-10-31,312,64510,Холодильники,5,24173.08,0
2024-10-31,312,64511,Холодильники,4,19769.12,0
2024-10-31,312,64512,Холодильники,3,35618.32,0
2024-10-31,312,64513,Холодильники,4,36707.15,0
2024-10-31,312,64514,Холодильники,0,19905.35,1
2024-11-01,215,64500,Ноутбуки,1,34405.16,0
2024-11-01,215,64501,Ноутбуки,5,24841.14,0
2024-11-01,215,64502,Ноутбуки,8,20689.69,0
2024-11-01,215,64503,Ноутбуки,3,27431.89,0
2024-11-01,215,64504,Ноутбуки,5,41147.92,0
2024-11-01,215,64505,Смартфони,7,29806.08,0
2024-11-01,215,64506,Смартфони,9,8851.0,0
2024-11-01,215,64507,Смартфони,18,14059.61,0
2024-11-01,215,64508,Смартфони,13,17711.95,0
2024-11-01,215,64509,Смартфони,14,32197.3,0
2024-11-01,215,64510,Холодильники,1,24122.84,0
2024-11-01,215,64511,Холодильники,3,19522.09,0
2024-11-01,215,64512,Холодильники,5,31639.32,1
2024-11-01,215,64513,Холодильники,1,37024.77,0
2024-11-01,215,64514,Холодильники,0,21392.37,0
2024-11-01,312,64500,Ноутбуки,1,34407.64,0
2024-11-01,312,64501,Ноутбуки,5,22588.88,1
2024-11-01,312,64502,Ноутбуки,7,18280.09,1
2024-11-01,312,64503,Ноутбуки,1,24688.94,0
2024-11-01,312,64504,Ноутбуки,2,41257.78,0
2024-11-01,312,64505,Смартфони,8,29598.53,0
2024-11-01,312,64506,Смартфони,15,9546.84,0
2024-11-01,312,64507,Смартфони,10,14693.34,0
2024-11-01,312,64508,Смартфони,9,16352.95,0
2024-11-01,312,64509,Смартфони,13,31767.5,0
2024-11-01,312,64510,Холодильники,3,24652.64,0
2024-11-01,312,64511,Холодильники,3,19280.43,0
2024-11-01,312,64512,Холодильники,1,36937.42,0
2024-11-01,312,64513,Холодильники,0,35477.06,0
2024-11-01,312,64514,Холодильники,2,22274.17,0
2024-11-02,215,64500,Ноутбуки,5,34880.94,0
2024-11-02,215,64501,Ноутбуки,6,22865.93,1
2024-11-02,215,64502,Ноутбуки,9,19186.06,1
2024-11-02,215,64503,Ноутбуки,7,26069.38,0
2024-11-02,215,64504,Ноутбуки,6,40581.81,0
2024-11-02,215,64505,Смартфони,14,29832.58,0
2024-11-02,215,64506,Смартфони,15,9162.88,0
2024-11-02,215,64507,Смартфони,24,14708.78,0
2024-11-02,215,64508,Смартфони,10,17440.61,0
2024-11-02,215,64509,Смартфони,21,33834.57,0
2024-11-02,215,64510,Холодильники,3,23596.08,0
2024-11-02,215,64511,Холодильники,9,19571.01,0
2024-11-02,215,64512,Холодильники,5,33445.07,0
2024-11-02,215,64513,Холодильники,1,34895.35,0
2024-11-02,215,64514,Холодильники,2,21996.48,0
2024-11-02,312,64500,Ноутбуки,5,34296.12,0
2024-11-02,312,64501,Ноутбуки,3,24378.59,0
2024-11-02,312,64502,Ноутбуки,8,21968.29,0
2024-11-02,312,64503,Ноутбуки,6,25965.87,0
2024-11-02,312,64504,Ноутбуки,5,39135.74,0
2024-11-02,312,64505,Смартфони,6,29047.28,0
2024-11-02,312,64506,Смартфони,24,8413.44,1
2024-11-02,312,64507,Смартфони,10,15050.78,0
2024-11-02,312,64508,Смартфони,6,16087.41,0
2024-11-02,312,64509,Смартфони,11,33487.06,0
2024-11-02,312,64510,Холодильники,2,24458.43,0
2024-11-02,312,64511,Холодильники,3,19406.77,0
2024-11-02,312,64512,Холодильники,3,33587.52,0
2024-11-02,312,64513,Холодильники,2,33478.91,0
2024-11-02,312,64514,Холодильники,1,21488.21,0
2024-11-03,215,64500,Ноутбуки,2,35294.5,0
2024-11-03,215,64501,Ноутбуки,3,23825.99,0
2024-11-03,215,64502,Ноутбуки,8,20842.75,0
2024-11-03,215,64503,Ноутбуки,6,26409.18,0
2024-11-03,215,64504,Ноутбуки,5,42936.04,0
2024-11-03,215,64505,Смартфони,6,30803.08,0
2024-11-03,215,64506,Смартфони,14,9379.81,0
2024-11-03,215,64507,Смартфони,27,12534.52,1
2024-11-03,215,64508,Смартфони,7,15733.06,0
2024-11-03,215,64509,Смартфони,12,33624.3,0
2024-11-03,215,64510,Холодильники,0,23013.03,0
2024-11-03,215,64511,Холодильники,7,18587.77,0
2024-11-03,215,64512,Холодильники,0,32347.8,0
2024-11-03,215,64513,Холодильники,3,34806.11,0
2024-11-03,215,64514,Холодильники,1,21525.62,0
2024-11-03,312,64500,Ноутбуки,2,34339.69,0
2024-11-03,312,64501,Ноутбуки,2,24991.69,0
2024-11-03,312,64502,Ноутбуки,6,20620.23,0
2024-11-03,312,64503,Ноутбуки,4,27336.23,0
2024-11-03,312,64504,Ноутбуки,5,40191.42,0
2024-11-03,312,64505,Смартфони,3,30216.3,0
2024-11-03,312,64506,Смартфони,8,9336.47,0
2024-11-03,312,64507,Смартфони,5,14240.4,0
2024-11-03,312,64508,Смартфони,9,16604.0,0
2024-11-03,312,64509,Смартфони,15,33772.79,0
2024-11-03,312,64510,Холодильники,0,23796.68,0
2024-11-03,312,64511,Холодильники,6,20405.67,0
2024-11-03,312,64512,Холодильники,1,33611.38,0
2024-11-03,312,64513,Холодильники,3,38365.03,0
2024-11-03,312,64514,Холодильники,3,22875.01,0
2024-11-04,215,64500,Ноутбуки,2,33164.04,0
2024-11-04,215,64501,Ноутбуки,4,23854.07,0
2024-11-04,215,64502,Ноутбуки,8,21825.6,0
2024-11-04,215,64503,Ноутбуки,2,26304.0,0
2024-11-04,215,64504,Ноутбуки,3,40962.27,0
2024-11-04,215,64505,Смартфони,4,30692.88,0
2024-11-04,215,64506,Смартфони,10,8839.79,0
2024-11-04,215,64507,Смартфони,16,13657.8,0
2024-11-04,215,64508,Смартфони,5,17053.61,0
2024-11-04,215,64509,Смартфони,20,32738.27,0
2024-11-04,215,64510,Холодильники,2,24069.48,0
2024-11-04,215,64511,Холодильники,0,19706.78,0
2024-11-04,215,64512,Холодильники,1,34247.17,0
2024-11-04,215,64513,Холодильники,4,37974.92,0
2024-11-04,215,64514,Холодильники,2,21597.37,0
2024-11-04,312,64500,Ноутбуки,4,33255.9,0
2024-11-04,312,64501,Ноутбуки,2,24641.55,0
2024-11-04,312,64502,Ноутбуки,2,20820.3,0
2024-11-04,312,64503,Ноутбуки,0,25746.25,0
2024-11-04,312,64504,Ноутбуки,5,39888.3,0
2024-11-04,312,64505,Смартфони,3,29185.86,0
2024-11-04,312,64506,Смартфони,5,9700.57,0
2024-11-04,312,64507,Смартфони,9,14420.2,0
2024-11-04,312,64508,Смартфони,11,14983.13,1
2024-11-04,312,64509,Смартфони,7,33524.88,0
2024-11-04,312,64510,Холодильники,1,23582.71,0
2024-11-04,312,64511,Холодильники,5,20044.02,0
2024-11-04,312,64512,Холодильники,3,34389.3,0
2024-11-04,312,64513,Холодильники,1,35125.78,0
2024-11-04,312,64514,Холодильники,1,22461.34,0
2024-11-05,215,64500,Ноутбуки,3,35295.09,0
2024-11-05,215,64501,Ноутбуки,1,25297.78,0
2024-11-05,215,64502,Ноутбуки,5,21749.51,0
2024-11-05,215,64503,Ноутбуки,4,25464.83,0
2024-11-05,215,64504,Ноутбуки,6,39560.83,0
2024-11-05,215,64505,Смартфони,8,29549.1,0
2024-11-05,215,64506,Смартфони,8,8999.75,0
2024-11-05,215,64507,Смартфони,14,14218.41,0
2024-11-05,215,64508,Смартфони,9,16729.58,0
2024-11-05,215,64509,Смартфони,14,33368.91,0
2024-11-05,215,64510,Холодильники,3,22001.69,1
2024-11-05,215,64511,Холодильники,3,18485.75,0
2024-11-05,215,64512,Холодильники,1,36457.11,0
2024-11-05,215,64513,Холодильники,2,36295.39,0
2024-11-05,215,64514,Холодильники,2,21822.97,0
2024-11-05,312,64500,Ноутбуки,1,33905.0,0
2024-11-05,312,64501,Ноутбуки,5,25182.96,0
2024-11-05,312,64502,Ноутбуки,5,21487.71,0
2024-11-05,312,64503,Ноутбуки,3,25681.23,0
2024-11-05,312,64504,Ноутбуки,2,40203.52,0
2024-11-05,312,64505,Смартфони,4,28369.29,0
2024-11-05,312,64506,Смартфони,10,9236.47,0
2024-11-05,312,64507,Смартфони,7,14272.37,0
2024-11-05,312,64508,Смартфони,6,16687.97,0
2024-11-05,312,64509,Смартфони,8,32833.6,0
2024-11-05,312,64510,Холодильники,2,25269.45,0
2024-11-05,312,64511,Холодильники,3,18369.24,0
2024-11-05,312,64512,Холодильники,2,34526.89,0
2024-11-05,312,64513,Холодильники,3,36183.18,0
2024-11-05,312,64514,Холодильники,1,21196.29,0
2024-11-06,215,64500,Ноутбуки,3,36853.32,0
2024-11-06,215,64501,Ноутбуки,2,25506.42,0
2024-11-06,215,64502,Ноутбуки,7,19967.58,0
2024-11-06,215,64503,Ноутбуки,4,24968.75,0
2024-11-06,215,64504,Ноутбуки,5,41000.64,0
2024-11-06,215,64505,Смартфони,5,30305.95,0
2024-11-06,215,64506,Смартфони,8,8858.73,0
2024-11-06,215,64507,Смартфони,14,13460.45,0
2024-11-06,215,64508,Смартфони,11,17051.8,0
2024-11-06,215,64509,Смартфони,16,33625.0,0
2024-11-06,215,64510,Холодильники,4,23684.9,0
2024-11-06,215,64511,Холодильники,8,20198.59,0
2024-11-06,215,64512,Холодильники,1,32471.15,1
2024-11-06,215,64513,Холодильники,0,39774.89,0
2024-11-06,215,64514,Холодильники,2,21135.0,0
2024-11-06,312,64500,Ноутбуки,1,35967.54,0
2024-11-06,312,64501,Ноутбуки,2,25982.95,0
2024-11-06,312,64502,Ноутбуки,7,20532.21,0
2024-11-06,312,64503,Ноутбуки,1,23800.57,0
2024-11-06,312,64504,Ноутбуки,3,35860.86,1
2024-11-06,312,64505,Смартфони,5,29022.57,0
2024-11-06,312,64506,Смартфони,7,9321.7,0
2024-11-06,312,64507,Смартфони,12,13616.69,0
2024-11-06,312,64508,Смартфони,3,17248.64,0
2024-11-06,312,64509,Смартфони,12,32260.32,0
2024-11-06,312,64510,Холодильники,3,23537.32,0
2024-11-06,312,64511,Холодильники,4,19039.95,0
2024-11-06,312,64512,Холодильники,1,33605.55,0
2024-11-06,312,64513,Холодильники,1,36094.17,0
2024-11-06,312,64514,Холодильники,0,22303.54,0
2024-11-07,215,64500,Ноутбуки,2,33407.99,0
2024-11-07,215,64501,Ноутбуки,2,25432.9,0
2024-11-07,215,64502,Ноутбуки,5,21460.17,0
2024-11-07,215,64503,Ноутбуки,7,25208.4,0
2024-11-07,215,64504,Ноутбуки,1,40648.24,0
2024-11-07,215,64505,Смартфони,11,30575.69,0
2024-11-07,215,64506,Смартфони,11,9308.72,0
2024-11-07,215,64507,Смартфони,9,14487.1,0
2024-11-07,215,64508,Смартфони,6,16696.77,0
2024-11-07,215,64509,Смартфони,21,33484.55,0
2024-11-07,215,64510,Холодильники,1,24397.81,0
2024-11-07,215,64511,Холодильники,5,19288.41,0
2024-11-07,215,64512,Холодильники,2,33491.98,0
2024-11-07,215,64513,Холодильники,4,35617.92,0
2024-11-07,215,64514,Холодильники,1,22453.76,0
2024-11-07,312,64500,Ноутбуки,1,32101.42,0
2024-11-07,312,64501,Ноутбуки,2,24745.94,0
2024-11-07,312,64502,Ноутбуки,5,20708.32,0
2024-11-07,312,64503,Ноутбуки,3,25720.53,0
2024-11-07,312,64504,Ноутбуки,1,40066.36,0
2024-11-07,312,64505,Смартфони,10,26391.73,1
2024-11-07,312,64506,Смартфони,7,9470.63,0
2024-11-07,312,64507,Смартфони,9,14134.26,0
2024-11-07,312,64508,Смартфони,10,16057.92,0
2024-11-07,312,64509,Смартфони,18,34082.88,0
2024-11-07,312,64510,Холодильники,2,25101.6,0
2024-11-07,312,64511,Холодильники,1,19269.5,0
2024-11-07,312,64512,Холодильники,1,34558.68,0
2024-11-07,312,64513,Холодильники,0,37019.14,0
2024-11-07,312,64514,Холодильники,2,21841.18,0
2024-11-08,215,64500,Ноутбуки,1,33131.27,0
2024-11-08,215,64501,Ноутбуки,5,23877.35,1
2024-11-08,215,64502,Ноутбуки,6,21224.34,0
2024-11-08,215,64503,Ноутбуки,3,25657.04,0
2024-11-08,215,64504,Ноутбуки,7,40469.31,0
2024-11-08,215,64505,Смартфони,8,30508.3,0
2024-11-08,215,64506,Смартфони,16,9021.54,0
2024-11-08,215,64507,Смартфони,17,13977.87,0
2024-11-08,215,64508,Смартфони,6,16425.09,0
2024-11-08,215,64509,Смартфони,15,35184.98,0
2024-11-08,215,64510,Холодильники,3,24524.13,0
2024-11-08,215,64511,Холодильники,4,18929.22,0
2024-11-08,215,64512,Холодильники,2,36218.61,0
2024-11-08,215,64513,Холодильники,4,35017.02,0
2024-11-08,215,64514,Холодильники,1,22346.59,0
2024-11-08,312,64500,Ноутбуки,1,35004.8,0
2024-11-08,312,64501,Ноутбуки,5,24032.25,1
2024-11-08,312,64502,Ноутбуки,5,20546.95,0
2024-11-08,312,64503,Ноутбуки,6,26518.74,0
2024-11-08,312,64504,Ноутбуки,7,39742.53,0
2024-11-08,312,64505,Смартфони,13,26956.59,1
2024-11-08,312,64506,Смартфони,9,9503.14,0
2024-11-08,312,64507,Смартфони,5,13868.14,0
2024-11-08,312,64508,Смартфони,10,16883.06,0
2024-11-08,312,64509,Смартфони,11,33927.68,0
2024-11-08,312,64510,Холодильники,3,22694.36,0
2024-11-08,312,64511,Холодильники,1,19226.99,0
2024-11-08,312,64512,Холодильники,3,35971.24,0
2024-11-08,312,64513,Холодильники,1,36454.53,0
2024-11-08,312,64514,Холодильники,1,21296.23,0
2024-11-09,215,64500,Ноутбуки,0,33982.37,0
2024-11-09,215,64501,Ноутбуки,3,26249.67,0
2024-11-09,215,64502,Ноутбуки,8,20496.77,0
2024-11-09,215,64503,Ноутбуки,4,25726.16,0
2024-11-09,215,64504,Ноутбуки,8,38417.9,0
2024-11-09,215,64505,Смартфони,8,29758.19,0
2024-11-09,215,64506,Смартфони,10,9398.02,0
2024-11-09,215,64507,Смартфони,17,13844.94,0
2024-11-09,215,64508,Смартфони,10,17596.58,0
2024-11-09,215,64509,Смартфони,22,33499.83,0
2024-11-09,215,64510,Холодильники,5,23956.46,0
2024-11-09,215,64511,Холодильники,5,19988.14,0
2024-11-09,215,64512,Холодильники,4,33884.35,0
2024-11-09,215,64513,Холодильники,5,37644.64,0
2024-11-09,215,64514,Холодильники,3,21547.52,0
2024-11-09,312,64500,Ноутбуки,3,37050.58,0
2024-11-09,312,64501,Ноутбуки,3,25558.22,0
2024-11-09,312,64502,Ноутбуки,3,19851.09,0
2024-11-09,312,64503,Ноутбуки,2,25799.37,0
2024-11-09,312,64504,Ноутбуки,12,41098.33,0
2024-11-09,312,64505,Смартфони,2,31396.02,0
2024-11-09,312,64506,Смартфони,10,9416.89,0
2024-11-09,312,64507,Смартфони,8,14112.29,0
2024-11-09,312,64508,Смартфони,8,15612.71,0
2024-11-09,312,64509,Смартфони,11,33162.26,0
2024-11-09,312,64510,Холодильники,3,25245.33,0
2024-11-09,312,64511,Холодильники,3,18945.28,0
2024-11-09,312,64512,Холодильники,1,35606.02,0
2024-11-09,312,64513,Холодильники,0,36048.68,0
2024-11-09,312,64514,Холодильники,1,20928.72,0
2024-11-10,215,64500,Ноутбуки,5,34144.39,0
2024-11-10,215,64501,Ноутбуки,9,23298.04,1
2024-11-10,215,64502,Ноутбуки,5,22174.73,0
2024-11-10,215,64503,Ноутбуки,2,25498.83,0
2024-11-10,215,64504,Ноутбуки,7,40263.11,0
2024-11-10,215,64505,Смартфони,9,30897.41,0
2024-11-10,215,64506,Смартфони,19,8912.44,0
2024-11-10,215,64507,Смартфони,14,13990.07,0
2024-11-10,215,64508,Смартфони,10,16394.51,0
2024-11-10,215,64509,Смартфони,18,33957.59,0
2024-11-10,215,64510,Холодильники,2,24544.43,0
2024-11-10,215,64511,Холодильники,7,18918.15,0
2024-11-10,215,64512,Холодильники,5,30389.1,1
2024-11-10,215,64513,Холодильники,3,34994.38,0
2024-11-10,215,64514,Холодильники,3,22663.64,0
2024-11-10,312,64500,Ноутбуки,3,33732.67,0
2024-11-10,312,64501,Ноутбуки,1,25585.82,0
2024-11-10,312,64502,Ноутбуки,4,19914.51,0
2024-11-10,312,64503,Ноутбуки,6,26680.79,0
2024-11-10,312,64504,Ноутбуки,1,41411.82,0
2024-11-10,312,64505,Смартфони,9,28063.49,0
2024-11-10,312,64506,Смартфони,10,9645.22,0
2024-11-10,312,64507,Смартфони,11,14517.42,0
2024-11-10,312,64508,Смартфони,6,16097.36,0
2024-11-10,312,64509,Смартфони,11,33680.44,0
2024-11-10,312,64510,Холодильники,0,21790.07,1
2024-11-10,312,64511,Холодильники,4,18440.54,0
2024-11-10,312,64512,Холодильники,2,34212.15,0
2024-11-10,312,64513,Холодильники,2,34888.78,0
2024-11-10,312,64514,Холодильники,1,21874.28,0
2024-11-11,215,64500,Ноутбуки,4,35930.18,0
2024-11-11,215,64501,Ноутбуки,1,25524.57,0
2024-11-11,215,64502,Ноутбуки,3,20870.34,0
2024-11-11,215,64503,Ноутбуки,9,23616.78,1
2024-11-11,215,64504,Ноутбуки,1,39649.84,0
2024-11-11,215,64505,Смартфони,11,29050.07,0
2024-11-11,215,64506,Смартфони,10,9042.17,0
2024-11-11,215,64507,Смартфони,15,13993.83,0
2024-11-11,215,64508,Смартфони,5,17188.32,0
2024-11-11,215,64509,Смартфони,12,32846.87,0
2024-11-11,215,64510,Холодильники,0,24419.4,0
2024-11-11,215,64511,Холодильники,5,18508.48,0
2024-11-11,215,64512,Холодильники,4,33633.0,0
2024-11-11,215,64513,Холодильники,0,35983.07,0
2024-11-11,215,64514,Холодильники,4,22706.11,0
2024-11-11,312,64500,Ноутбуки,0,33702.69,0
2024-11-11,312,64501,Ноутбуки,1,26289.71,0
2024-11-11,312,64502,Ноутбуки,5,20550.17,0
2024-11-11,312,64503,Ноутбуки,3,24167.9,0
2024-11-11,312,64504,Ноутбуки,0,38353.38,0
2024-11-11,312,64505,Смартфони,7,29232.8,0
2024-11-11,312,64506,Смартфони,9,9596.73,0
2024-11-11,312,64507,Смартфони,12,14644.87,0
2024-11-11,312,64508,Смартфони,4,17023.5,0
2024-11-11,312,64509,Смартфони,12,33600.17,0
2024-11-11,312,64510,Холодильники,1,24517.07,0
2024-11-11,312,64511,Холодильники,1,19689.0,0
2024-11-11,312,64512,Холодильники,4,35583.53,0
2024-11-11,312,64513,Холодильники,1,34529.36,0
2024-11-11,312,64514,Холодильники,1,22683.86,0
2024-11-12,215,64500,Ноутбуки,0,34905.56,0
2024-11-12,215,64501,Ноутбуки,2,23552.08,1
2024-11-12,215,64502,Ноутбуки,6,21584.31,0
2024-11-12,215,64503,Ноутбуки,7,27173.69,0
2024-11-12,215,64504,Ноутбуки,3,39586.29,0
2024-11-12,215,64505,Смартфони,8,29228.57,0
2024-11-12,215,64506,Смартфони,13,9422.44,0
2024-11-12,215,64507,Смартфони,15,15005.27,0
2024-11-12,215,64508,Смартфони,6,16689.79,0
2024-11-12,215,64509,Смартфони,13,31685.81,0
2024-11-12,215,64510,Холодильники,2,23866.75,0
2024-11-12,215,64511,Холодильники,4,18747.82,0
2024-11-12,215,64512,Холодильники,1,34858.05,0
2024-11-12,215,64513,Холодильники,2,34893.28,0
2024-11-12,215,64514,Холодильники,6,20614.66,1
2024-11-12,312,64500,Ноутбуки,1,33548.15,0
2024-11-12,312,64501,Ноутбуки,3,24945.35,0
2024-11-12,312,64502,Ноутбуки,0,21377.23,0
2024-11-12,312,64503,Ноутбуки,3,25233.68,0
2024-11-12,312,64504,Ноутбуки,4,39187.85,0
2024-11-12,312,64505,Смартфони,3,29426.64,0
2024-11-12,312,64506,Смартфони,13,8743.32,0
2024-11-12,312,64507,Смартфони,8,14377.01,0
2024-11-12,312,64508,Смартфони,14,14959.78,1
2024-11-12,312,64509,Смартфони,10,34309.15,0
2024-11-12,312,64510,Холодильники,0,25625.27,0
2024-11-12,312,64511,Холодильники,0,18665.2,0
2024-11-12,312,64512,Холодильники,0,33901.88,0
2024-11-12,312,64513,Холодильники,3,34787.6,0
2024-11-12,312,64514,Холодильники,1,22709.02,0
2024-11-13,215,64500,Ноутбуки,1,35490.4,0
2024-11-13,215,64501,Ноутбуки,3,25195.63,0
2024-11-13,215,64502,Ноутбуки,4,21544.44,0
2024-11-13,215,64503,Ноутбуки,5,27180.07,0
2024-11-13,215,64504,Ноутбуки,4,41558.45,0
2024-11-13,215,64505,Смартфони,6,31444.07,0
2024-11-13,215,64506,Смартфони,10,9088.67,0
2024-11-13,215,64507,Смартфони,13,13934.87,0
2024-11-13,215,64508,Смартфони,8,16275.1,0
2024-11-13,215,64509,Смартфони,11,33698.0,0
2024-11-13,215,64510,Холодильники,1,24293.02,0
2024-11-13,215,64511,Холодильники,4,17452.18,1
2024-11-13,215,64512,Холодильники,0,34034.4,0
2024-11-13,215,64513,Холодильники,3,35861.47,0
2024-11-13,215,64514,Холодильники,2,22293.2,0
2024-11-13,312,64500,Ноутбуки,4,33667.43,0
2024-11-13,312,64501,Ноутбуки,2,25917.76,0
2024-11-13,312,64502,Ноутбуки,5,20578.48,0
2024-11-13,312,64503,Ноутбуки,3,25559.67,0
2024-11-13,312,64504,Ноутбуки,6,40692.39,0
2024-11-13,312,64505,Смартфони,4,28475.02,0
2024-11-13,312,64506,Смартфони,14,9349.22,0
2024-11-13,312,64507,Смартфони,8,14381.05,0
2024-11-13,312,64508,Смартфони,4,16585.69,0
2024-11-13,312,64509,Смартфони,6,33947.15,0
2024-11-13,312,64510,Холодильники,1,23761.85,0
2024-11-13,312,64511,Холодильники,3,18913.11,0
2024-11-13,312,64512,Холодильники,3,31497.71,1
2024-11-13,312,64513,Холодильники,2,35530.0,0
2024-11-13,312,64514,Холодильники,0,20973.86,0
2024-11-14,215,64500,Ноутбуки,3,35521.64,0
2024-11-14,215,64501,Ноутбуки,3,24230.18,0
2024-11-14,215,64502,Ноутбуки,4,20488.67,0
2024-11-14,215,64503,Ноутбуки,13,23617.52,1
2024-11-14,215,64504,Ноутбуки,3,40378.98,0
2024-11-14,215,64505,Смартфони,6,28610.97,0
2024-11-14,215,64506,Смартфони,11,9410.39,0
2024-11-14,215,64507,Смартфони,21,14571.62,0
2024-11-14,215,64508,Смартфони,8,16795.89,0
2024-11-14,215,64509,Смартфони,15,34648.29,0
2024-11-14,215,64510,Холодильники,3,24120.45,0
2024-11-14,215,64511,Холодильники,4,20034.76,0
2024-11-14,215,64512,Холодильники,3,34578.13,0
2024-11-14,215,64513,Холодильники,1,35370.51,0
2024-11-14,215,64514,Холодильники,2,21156.43,0
2024-11-14,312,64500,Ноутбуки,1,34050.82,0
2024-11-14,312,64501,Ноутбуки,3,26177.07,0
2024-11-14,312,64502,Ноутбуки,4,20479.17,0
2024-11-14,312,64503,Ноутбуки,4,25245.1,0
2024-11-14,312,64504,Ноутбуки,1,38581.32,0
2024-11-14,312,64505,Смартфони,3,28421.35,0
2024-11-14,312,64506,Смартфони,10,9628.13,0
2024-11-14,312,64507,Смартфони,5,13437.73,0
2024-11-14,312,64508,Смартфони,9,16104.26,0
2024-11-14,312,64509,Смартфони,8,33641.56,0
2024-11-14,312,64510,Холодильники,2,23175.61,0
2024-11-14,312,64511,Холодильники,5,18387.32,0
2024-11-14,312,64512,Холодильники,1,36493.95,0
2024-11-14,312,64513,Холодильники,1,34925.14,0
2024-11-14,312,64514,Холодильники,0,22292.11,0
2024-11-15,215,64500,Ноутбуки,1,32918.15,0
2024-11-15,215,64501,Ноутбуки,3,26931.14,0
2024-11-15,215,64502,Ноутбуки,7,21758.81,0
2024-11-15,215,64503,Ноутбуки,5,26392.84,0
2024-11-15,215,64504,Ноутбуки,4,39971.34,0
2024-11-15,215,64505,Смартфони,6,30422.23,0
2024-11-15,215,64506,Смартфони,9,9524.01,0
2024-11-15,215,64507,Смартфони,12,14712.37,0
2024-11-15,215,64508,Смартфони,10,16235.78,0
2024-11-15,215,64509,Смартфони,20,34673.92,0
2024-11-15,215,64510,Холодильники,7,21359.29,1
2024-11-15,215,64511,Холодильники,2,19517.7,0
2024-11-15,215,64512,Холодильники,4,32919.4,1
2024-11-15,215,64513,Холодильники,2,36505.98,0
2024-11-15,215,64514,Холодильники,1,21996.86,0
2024-11-15,312,64500,Ноутбуки,2,34286.31,0
2024-11-15,312,64501,Ноутбуки,1,26230.69,0
2024-11-15,312,64502,Ноутбуки,3,23478.73,0
2024-11-15,312,64503,Ноутбуки,1,26072.88,0
2024-11-15,312,64504,Ноутбуки,4,41338.52,0
2024-11-15,312,64505,Смартфони,6,28885.25,0
2024-11-15,312,64506,Смартфони,12,9376.48,0
2024-11-15,312,64507,Смартфони,12,13801.41,0
2024-11-15,312,64508,Смартфони,7,16721.17,0
2024-11-15,312,64509,Смартфони,15,34207.32,0
2024-11-15,312,64510,Холодильники,4,23275.84,0
2024-11-15,312,64511,Холодильники,3,19482.31,0
2024-11-15,312,64512,Холодильники,3,34072.04,0
2024-11-15,312,64513,Холодильники,2,34339.63,0
2024-11-15,312,64514,Холодильники,2,22569.74,0
2024-11-16,215,64500,Ноутбуки,2,36279.3,0
2024-11-16,215,64501,Ноутбуки,6,25919.53,0
2024-11-16,215,64502,Ноутбуки,11,21213.17,0
2024-11-16,215,64503,Ноутбуки,6,26050.25,0
2024-11-16,215,64504,Ноутбуки,5,43197.11,0
2024-11-16,215,64505,Смартфони,10,28309.69,0
2024-11-16,215,64506,Смартфони,35,8175.22,1
2024-11-16,215,64507,Смартфони,14,13902.01,0
2024-11-16,215,64508,Смартфони,12,16547.59,0
2024-11-16,215,64509,Смартфони,14,32849.92,0
2024-11-16,215,64510,Холодильники,4,25920.67,0
2024-11-16,215,64511,Холодильники,3,18817.61,0
2024-11-16,215,64512,Холодильники,5,36343.09,0
2024-11-16,215,64513,Холодильники,1,36709.36,0
2024-11-16,215,64514,Холодильники,1,21478.98,0
2024-11-16,312,64500,Ноутбуки,2,31720.26,1
2024-11-16,312,64501,Ноутбуки,2,23595.99,0
2024-11-16,312,64502,Ноутбуки,8,19231.49,1
2024-11-16,312,64503,Ноутбуки,4,22296.93,1
2024-11-16,312,64504,Ноутбуки,5,40657.57,0
2024-11-16,312,64505,Смартфони,10,29353.16,0
2024-11-16,312,64506,Смартфони,7,9165.88,0
2024-11-16,312,64507,Смартфони,22,12412.41,1
2024-11-16,312,64508,Смартфони,7,16433.96,0
2024-11-16,312,64509,Смартфони,12,33990.25,0
2024-11-16,312,64510,Холодильники,4,25350.9,0
2024-11-16,312,64511,Холодильники,4,17612.83,1
2024-11-16,312,64512,Холодильники,3,36602.11,0
2024-11-16,312,64513,Холодильники,1,34712.79,0
2024-11-16,312,64514,Холодильники,3,20941.03,0
2024-11-17,215,64500,Ноутбуки,2,33711.74,0
2024-11-17,215,64501,Ноутбуки,4,25269.49,0
2024-11-17,215,64502,Ноутбуки,5,21741.14,0
2024-11-17,215,64503,Ноутбуки,7,27163.73,0
2024-11-17,215,64504,Ноутбуки,3,41744.2,0
2024-11-17,215,64505,Смартфони,5,28971.62,0
2024-11-17,215,64506,Смартфони,19,9294.22,0
2024-11-17,215,64507,Смартфони,10,14872.83,0
2024-11-17,215,64508,Смартфони,5,16584.58,0
2024-11-17,215,64509,Смартфони,12,33379.92,0
2024-11-17,215,64510,Холодильники,2,24923.14,0
2024-11-17,215,64511,Холодильники,4,19425.24,0
2024-11-17,215,64512,Холодильники,3,35058.72,0
2024-11-17,215,64513,Холодильники,1,32778.3,0
2024-11-17,215,64514,Холодильники,5,21815.52,0
2024-11-17,312,64500,Ноутбуки,1,34661.26,0
2024-11-17,312,64501,Ноутбуки,2,25183.47,0
2024-11-17,312,64502,Ноутбуки,11,19401.48,1
2024-11-17,312,64503,Ноутбуки,2,25644.48,0
2024-11-17,312,64504,Ноутбуки,3,39327.26,0
2024-11-17,312,64505,Смартфони,10,31134.56,0
2024-11-17,312,64506,Смартфони,15,8599.65,1
2024-11-17,312,64507,Смартфони,18,14185.88,0
2024-11-17,312,64508,Смартфони,5,16154.18,0
2024-11-17,312,64509,Смартфони,5,33870.31,0
2024-11-17,312,64510,Холодильники,0,24488.61,0
2024-11-17,312,64511,Холодильники,2,17639.8,0
2024-11-17,312,64512,Холодильники,2,35538.35,0
2024-11-17,312,64513,Холодильники,0,34322.94,0
2024-11-17,312,64514,Холодильники,3,22101.14,0
2024-11-18,215,64500,Ноутбуки,3,34032.31,0
2024-11-18,215,64501,Ноутбуки,5,25711.84,0
2024-11-18,215,64502,Ноутбуки,4,20863.24,0
2024-11-18,215,64503,Ноутбуки,4,25632.55,0
2024-11-18,215,64504,Ноутбуки,2,38557.37,0
2024-11-18,215,64505,Смартфони,3,30013.61,0
2024-11-18,215,64506,Смартфони,18,8190.74,1
2024-11-18,215,64507,Смартфони,23,14024.32,0
2024-11-18,215,64508,Смартфони,11,16017.59,0
2024-11-18,215,64509,Смартфони,11,34016.34,0
2024-11-18,215,64510,Холодильники,2,23788.74,0
2024-11-18,215,64511,Холодильники,4,19565.02,0
2024-11-18,215,64512,Холодильники,0,33080.97,0
2024-11-18,215,64513,Холодильники,3,38115.98,0
2024-11-18,215,64514,Холодильники,0,21562.88,0
2024-11-18,312,64500,Ноутбуки,2,33416.04,0
2024-11-18,312,64501,Ноутбуки,1,25101.57,0
2024-11-18,312,64502,Ноутбуки,8,19589.82,1
2024-11-18,312,64503,Ноутбуки,1,25258.09,0
2024-11-18,312,64504,Ноутбуки,0,36358.33,0
2024-11-18,312,64505,Смартфони,9,29206.47,0
2024-11-18,312,64506,Смартфони,5,9290.1,0
2024-11-18,312,64507,Смартфони,2,14525.0,0
2024-11-18,312,64508,Смартфони,6,17643.37,0
2024-11-18,312,64509,Смартфони,19,32613.08,0
2024-11-18,312,64510,Холодильники,0,24638.73,0
2024-11-18,312,64511,Холодильники,2,18276.22,0
2024-11-18,312,64512,Холодильники,0,34909.09,0
2024-11-18,312,64513,Холодильники,1,35365.75,0
2024-11-18,312,64514,Холодильники,1,22257.61,0
2024-11-19,215,64500,Ноутбуки,2,35625.15,0
2024-11-19,215,64501,Ноутбуки,4,25047.57,0
2024-11-19,215,64502,Ноутбуки,2,21189.23,0
2024-11-19,215,64503,Ноутбуки,5,24407.82,0
2024-11-19,215,64504,Ноутбуки,3,40526.66,0
2024-11-19,215,64505,Смартфони,10,28569.0,0
2024-11-19,215,64506,Смартфони,14,9072.27,0
2024-11-19,215,64507,Смартфони,13,14381.09,0
2024-11-19,215,64508,Смартфони,10,17242.94,0
2024-11-19,215,64509,Смартфони,13,34905.28,0
2024-11-19,215,64510,Холодильники,3,20595.13,1
2024-11-19,215,64511,Холодильники,5,19711.39,0
2024-11-19,215,64512,Холодильники,2,33781.69,0
2024-11-19,215,64513,Холодильники,0,35367.1,0
2024-11-19,215,64514,Холодильники,2,22655.23,0
2024-11-19,312,64500,Ноутбуки,3,33937.76,0
2024-11-19,312,64501,Ноутбуки,0,23123.38,1
2024-11-19,312,64502,Ноутбуки,0,22041.14,0
2024-11-19,312,64503,Ноутбуки,2,24718.53,0
2024-11-19,312,64504,Ноутбуки,3,39846.66,0
2024-11-19,312,64505,Смартфони,4,29068.76,0
2024-11-19,312,64506,Смартфони,6,9296.29,0
2024-11-19,312,64507,Смартфони,11,14137.0,0
2024-11-19,312,64508,Смартфони,5,17111.67,0
2024-11-19,312,64509,Смартфони,20,30571.75,1
2024-11-19,312,64510,Холодильники,3,23642.31,0
2024-11-19,312,64511,Холодильники,1,18760.02,0
2024-11-19,312,64512,Холодильники,1,35625.18,0
2024-11-19,312,64513,Холодильники,1,35978.79,0
2024-11-19,312,64514,Холодильники,3,21342.18,0
2024-11-20,215,64500,Ноутбуки,2,32975.49,0
2024-11-20,215,64501,Ноутбуки,4,26267.1,0
2024-11-20,215,64502,Ноутбуки,4,21264.64,0
2024-11-20,215,64503,Ноутбуки,5,25166.45,0
2024-11-20,215,64504,Ноутбуки,4,40917.02,0
2024-11-20,215,64505,Смартфони,9,29991.99,0
2024-11-20,215,64506,Смартфони,10,8964.31,0
2024-11-20,215,64507,Смартфони,16,14569.87,0
2024-11-20,215,64508,Смартфони,9,16495.42,0
2024-11-20,215,64509,Смартфони,21,33074.95,0
2024-11-20,215,64510,Холодильники,0,24290.4,0
2024-11-20,215,64511,Холодильники,3,19549.64,0
2024-11-20,215,64512,Холодильники,0,34857.28,0
2024-11-20,215,64513,Холодильники,0,36804.76,0
2024-11-20,215,64514,Холодильники,1,21056.15,0
2024-11-20,312,64500,Ноутбуки,3,34444.18,0
2024-11-20,312,64501,Ноутбуки,0,25947.09,0
2024-11-20,312,64502,Ноутбуки,6,20226.73,0
2024-11-20,312,64503,Ноутбуки,3,25760.19,0
2024-11-20,312,64504,Ноутбуки,2,39434.88,0
2024-11-20,312,64505,Смартфони,5,29567.67,0
2024-11-20,312,64506,Смартфони,5,9464.32,0
2024-11-20,312,64507,Смартфони,8,14017.65,0
2024-11-20,312,64508,Смартфони,3,16038.57,0
2024-11-20,312,64509,Смартфони,6,32095.9,0
2024-11-20,312,64510,Холодильники,4,24184.69,0
2024-11-20,312,64511,Холодильники,3,19750.09,0
2024-11-20,312,64512,Холодильники,1,33297.14,0
2024-11-20,312,64513,Холодильники,0,36346.85,0
2024-11-20,312,64514,Холодильники,3,22340.11,0
2024-11-21,215,64500,Ноутбуки,0,35215.51,0
2024-11-21,215,64501,Ноутбуки,2,26143.11,0
2024-11-21,215,64502,Ноутбуки,7,21056.29,0
2024-11-21,215,64503,Ноутбуки,2,24804.5,0
2024-11-21,215,64504,Ноутбуки,2,37095.39,1
2024-11-21,215,64505,Смартфони,6,28949.52,0
2024-11-21,215,64506,Смартфони,11,9004.04,0
2024-11-21,215,64507,Смартфони,16,14902.26,0
2024-11-21,215,64508,Смартфони,12,16887.42,0
2024-11-21,215,64509,Смартфони,12,33218.99,0
2024-11-21,215,64510,Холодильники,5,23094.55,0
2024-11-21,215,64511,Холодильники,4,18100.01,0
2024-11-21,215,64512,Холодильники,2,35040.23,0
2024-11-21,215,64513,Холодильники,0,34909.28,0
2024-11-21,215,64514,Холодильники,1,18767.24,1
2024-11-21,312,64500,Ноутбуки,0,34287.06,0
2024-11-21,312,64501,Ноутбуки,1,25561.3,0
2024-11-21,312,64502,Ноутбуки,2,21818.77,0
2024-11-21,312,64503,Ноутбуки,5,26969.94,0
2024-11-21,312,64504,Ноутбуки,2,38988.73,0
2024-11-21,312,64505,Смартфони,6,30631.72,0
2024-11-21,312,64506,Смартфони,11,9635.26,0
2024-11-21,312,64507,Смартфони,16,12808.16,1
2024-11-21,312,64508,Смартфони,8,16713.79,0
2024-11-21,312,64509,Смартфони,18,33524.78,0
2024-11-21,312,64510,Холодильники,0,24194.18,0
2024-11-21,312,64511,Холодильники,1,18842.89,0
2024-11-21,312,64512,Холодильники,1,35787.63,0
2024-11-21,312,64513,Холодильники,0,36166.8,0
2024-11-21,312,64514,Холодильники,2,21742.02,0
2024-11-22,215,64500,Ноутбуки,3,33190.43,0
2024-11-22,215,64501,Ноутбуки,2,25508.25,0
2024-11-22,215,64502,Ноутбуки,3,20359.81,0
2024-11-22,215,64503,Ноутбуки,3,25958.14,0
2024-11-22,215,64504,Ноутбуки,6,39877.39,0
2024-11-22,215,64505,Смартфони,7,29095.7,0
2024-11-22,215,64506,Смартфони,13,9356.32,0
2024-11-22,215,64507,Смартфони,15,14099.5,0
2024-11-22,215,64508,Смартфони,13,16495.68,0
2024-11-22,215,64509,Смартфони,15,32821.28,0
2024-11-22,215,64510,Холодильники,2,25114.02,0
2024-11-22,215,64511,Холодильники,3,19677.33,0
2024-11-22,215,64512,Холодильники,4,35974.01,0
2024-11-22,215,64513,Холодильники,3,36202.05,0
2024-11-22,215,64514,Холодильники,0,22679.73,0
2024-11-22,312,64500,Ноутбуки,3,29590.08,1
2024-11-22,312,64501,Ноутбуки,2,24414.42,0
2024-11-22,312,64502,Ноутбуки,7,19857.61,0
2024-11-22,312,64503,Ноутбуки,5,22416.78,1
2024-11-22,312,64504,Ноутбуки,6,36142.6,1
2024-11-22,312,64505,Смартфони,8,30120.2,0
2024-11-22,312,64506,Смартфони,13,9119.22,0
2024-11-22,312,64507,Смартфони,7,13821.66,0
2024-11-22,312,64508,Смартфони,8,15584.78,0
2024-11-22,312,64509,Смартфони,7,34527.6,0
2024-11-22,312,64510,Холодильники,3,25517.43,0
2024-11-22,312,64511,Холодильники,2,19379.0,0
2024-11-22,312,64512,Холодильники,1,36324.6,0
2024-11-22,312,64513,Холодильники,0,34666.31,0
2024-11-22,312,64514,Холодильники,1,21746.07,0
2024-11-23,215,64500,Ноутбуки,1,34835.19,0
2024-11-23,215,64501,Ноутбуки,1,25542.76,0
2024-11-23,215,64502,Ноутбуки,3,21773.26,0
2024-11-23,215,64503,Ноутбуки,4,25773.1,0
2024-11-23,215,64504,Ноутбуки,5,37773.98,1
2024-11-23,215,64505,Смартфони,17,27851.42,1
2024-11-23,215,64506,Смартфони,20,8332.25,1
2024-11-23,215,64507,Смартфони,13,14837.25,0
2024-11-23,215,64508,Смартфони,10,16526.23,0
2024-11-23,215,64509,Смартфони,28,33049.25,0
2024-11-23,215,64510,Холодильники,3,23809.45,0
2024-11-23,215,64511,Холодильники,5,18859.33,0
2024-11-23,215,64512,Холодильники,7,37401.07,0
2024-11-23,215,64513,Холодильники,2,36001.18,0
2024-11-23,215,64514,Холодильники,2,22951.9,0
2024-11-23,312,64500,Ноутбуки,1,33731.11,0
2024-11-23,312,64501,Ноутбуки,2,25305.22,0
2024-11-23,312,64502,Ноутбуки,5,21098.55,0
2024-11-23,312,64503,Ноутбуки,3,25484.52,0
2024-11-23,312,64504,Ноутбуки,4,41037.48,0
2024-11-23,312,64505,Смартфони,8,28516.57,0
2024-11-23,312,64506,Смартфони,11,9224.34,0
2024-11-23,312,64507,Смартфони,13,14313.44,0
2024-11-23,312,64508,Смартфони,9,14984.69,1
2024-11-23,312,64509,Смартфони,15,32644.23,0
2024-11-23,312,64510,Холодильники,2,23320.62,0
2024-11-23,312,64511,Холодильники,3,20084.45,0
2024-11-23,312,64512,Холодильники,2,34517.26,0
2024-11-23,312,64513,Холодильники,1,36383.94,0
2024-11-23,312,64514,Холодильники,3,22617.61,0
2024-11-24,215,64500,Ноутбуки,5,35033.66,0
2024-11-24,215,64501,Ноутбуки,2,24968.85,0
2024-11-24,215,64502,Ноутбуки,10,21593.17,0
2024-11-24,215,64503,Ноутбуки,7,26991.16,0
2024-11-24,215,64504,Ноутбуки,6,39936.66,0
2024-11-24,215,64505,Смартфони,11,30745.76,0
2024-11-24,215,64506,Смартфони,19,9425.89,0
2024-11-24,215,64507,Смартфони,21,14468.92,0
2024-11-24,215,64508,Смартфони,13,15563.89,0
2024-11-24,215,64509,Смартфони,15,34058.86,0
2024-11-24,215,64510,Холодильники,2,25448.76,0
2024-11-24,215,64511,Холодильники,6,18986.97,0
2024-11-24,215,64512,Холодильники,2,35505.39,0
2024-11-24,215,64513,Холодильники,1,31498.98,1
2024-11-24,215,64514,Холодильники,3,22358.34,0
2024-11-24,312,64500,Ноутбуки,2,34427.65,0
2024-11-24,312,64501,Ноутбуки,2,27513.8,0
2024-11-24,312,64502,Ноутбуки,6,20297.43,0
2024-11-24,312,64503,Ноутбуки,2,25213.44,0
2024-11-24,312,64504,Ноутбуки,3,39246.94,0
2024-11-24,312,64505,Смартфони,8,29872.17,0
2024-11-24,312,64506,Смартфони,27,8625.9,1
2024-11-24,312,64507,Смартфони,13,14909.32,0
2024-11-24,312,64508,Смартфони,7,16078.7,0
2024-11-24,312,64509,Смартфони,12,33096.97,0
2024-11-24,312,64510,Холодильники,4,23767.33,0
2024-11-24,312,64511,Холодильники,3,19338.62,0
2024-11-24,312,64512,Холодильники,3,34661.73,0
2024-11-24,312,64513,Холодильники,1,36228.61,0
2024-11-24,312,64514,Холодильники,2,21447.59,0
2024-11-25,215,64500,Ноутбуки,1,33460.62,0
2024-11-25,215,64501,Ноутбуки,4,25458.9,0
2024-11-25,215,64502,Ноутбуки,9,21139.49,0
2024-11-25,215,64503,Ноутбуки,5,22174.57,1
2024-11-25,215,64504,Ноутбуки,9,39802.36,0
2024-11-25,215,64505,Смартфони,5,29680.36,0
2024-11-25,215,64506,Смартфони,14,9561.65,0
2024-11-25,215,64507,Смартфони,27,12880.73,1
2024-11-25,215,64508,Смартфони,10,16399.7,0
2024-11-25,215,64509,Смартфони,11,34157.02,0
2024-11-25,215,64510,Холодильники,3,24705.65,0
2024-11-25,215,64511,Холодильники,3,19373.67,0
2024-11-25,215,64512,Холодильники,0,34641.16,0
2024-11-25,215,64513,Холодильники,2,36683.76,0
2024-11-25,215,64514,Холодильники,2,21630.58,0
2024-11-25,312,64500,Ноутбуки,2,34567.99,0
2024-11-25,312,64501,Ноутбуки,2,24996.69,0
2024-11-25,312,64502,Ноутбуки,2,21241.11,0
2024-11-25,312,64503,Ноутбуки,1,26346.24,0
2024-11-25,312,64504,Ноутбуки,1,41658.76,0
2024-11-25,312,64505,Смартфони,5,28996.47,0
2024-11-25,312,64506,Смартфони,11,9670.26,0
2024-11-25,312,64507,Смартфони,9,14207.45,0
2024-11-25,312,64508,Смартфони,4,15894.04,0
2024-11-25,312,64509,Смартфони,9,33082.11,0
2024-11-25,312,64510,Холодильники,2,24692.88,0
2024-11-25,312,64511,Холодильники,5,19476.33,0
2024-11-25,312,64512,Холодильники,3,35705.99,0
2024-11-25,312,64513,Холодильники,0,35110.63,0
2024-11-25,312,64514,Холодильники,0,19793.3,1
2024-11-26,215,64500,Ноутбуки,3,33652.27,0
2024-11-26,215,64501,Ноутбуки,2,26118.94,0
2024-11-26,215,64502,Ноутбуки,6,21073.68,0
2024-11-26,215,64503,Ноутбуки,2,26691.4,0
2024-11-26,215,64504,Ноутбуки,6,41158.22,0
2024-11-26,215,64505,Смартфони,10,26193.13,1
2024-11-26,215,64506,Смартфони,21,8422.53,1
2024-11-26,215,64507,Смартфони,12,14296.02,0
2024-11-26,215,64508,Смартфони,10,17509.11,0
2024-11-26,215,64509,Смартфони,13,35752.46,0
2024-11-26,215,64510,Холодильники,3,25166.17,0
2024-11-26,215,64511,Холодильники,1,19687.98,0
2024-11-26,215,64512,Холодильники,6,34396.27,0
2024-11-26,215,64513,Холодильники,2,36086.5,0
2024-11-26,215,64514,Холодильники,1,22752.43,0
2024-11-26,312,64500,Ноутбуки,1,34573.31,0
2024-11-26,312,64501,Ноутбуки,0,24193.94,0
2024-11-26,312,64502,Ноутбуки,5,20143.3,0
2024-11-26,312,64503,Ноутбуки,1,26660.96,0
2024-11-26,312,64504,Ноутбуки,3,39843.84,0
2024-11-26,312,64505,Смартфони,8,28202.14,0
2024-11-26,312,64506,Смартфони,4,9410.41,0
2024-11-26,312,64507,Смартфони,10,13540.77,0
2024-11-26,312,64508,Смартфони,16,14970.68,1
2024-11-26,312,64509,Смартфони,8,33730.29,0
2024-11-26,312,64510,Холодильники,5,23602.87,0
2024-11-26,312,64511,Холодильники,2,17621.09,1
2024-11-26,312,64512,Холодильники,0,34221.39,0
2024-11-26,312,64513,Холодильники,2,32277.28,1
2024-11-26,312,64514,Холодильники,0,22762.12,0
2024-11-27,215,64500,Ноутбуки,2,33948.36,0
2024-11-27,215,64501,Ноутбуки,8,24567.11,0
2024-11-27,215,64502,Ноутбуки,5,20278.41,0
2024-11-27,215,64503,Ноутбуки,1,26088.57,0
2024-11-27,215,64504,Ноутбуки,3,41923.89,0
2024-11-27,215,64505,Смартфони,5,30076.3,0
2024-11-27,215,64506,Смартфони,11,9000.3,0
2024-11-27,215,64507,Смартфони,7,14286.7,0
2024-11-27,215,64508,Смартфони,10,15692.25,0
2024-11-27,215,64509,Смартфони,17,34382.69,0
2024-11-27,215,64510,Холодильники,3,24097.19,0
2024-11-27,215,64511,Холодильники,5,16686.9,1
2024-11-27,215,64512,Холодильники,5,28736.39,1
2024-11-27,215,64513,Холодильники,2,36335.43,0
2024-11-27,215,64514,Холодильники,3,22778.87,0
2024-11-27,312,64500,Ноутбуки,4,34868.53,0
2024-11-27,312,64501,Ноутбуки,0,26829.48,0
2024-11-27,312,64502,Ноутбуки,5,21401.64,0
2024-11-27,312,64503,Ноутбуки,5,25024.93,0
2024-11-27,312,64504,Ноутбуки,2,42056.03,0
2024-11-27,312,64505,Смартфони,7,31034.99,0
2024-11-27,312,64506,Смартфони,13,9405.95,0
2024-11-27,312,64507,Смартфони,10,13862.52,0
2024-11-27,312,64508,Смартфони,2,16160.37,0
2024-11-27,312,64509,Смартфони,11,31137.25,0
2024-11-27,312,64510,Холодильники,0,24077.54,0
2024-11-27,312,64511,Холодильники,2,18724.64,0
2024-11-27,312,64512,Холодильники,1,36052.94,0
2024-11-27,312,64513,Холодильники,3,34131.07,0
2024-11-27,312,64514,Холодильники,1,21502.54,0
2024-11-28,215,64500,Ноутбуки,2,35938.17,0
2024-11-28,215,64501,Ноутбуки,4,24860.02,0
2024-11-28,215,64502,Ноутбуки,11,18870.36,1
2024-11-28,215,64503,Ноутбуки,7,25859.08,0
2024-11-28,215,64504,Ноутбуки,2,39452.82,0
2024-11-28,215,64505,Смартфони,13,30641.81,0
2024-11-28,215,64506,Смартфони,15,9655.32,0
2024-11-28,215,64507,Смартфони,27,14012.01,0
2024-11-28,215,64508,Смартфони,12,16979.6,0
2024-11-28,215,64509,Смартфони,26,34012.42,0
2024-11-28,215,64510,Холодильники,5,23848.59,0
2024-11-28,215,64511,Холодильники,4,18522.45,0
2024-11-28,215,64512,Холодильники,6,35054.6,0
2024-11-28,215,64513,Холодильники,4,36699.6,0
2024-11-28,215,64514,Холодильники,3,22119.11,0
2024-11-28,312,64500,Ноутбуки,4,33004.84,0
2024-11-28,312,64501,Ноутбуки,3,26851.84,0
2024-11-28,312,64502,Ноутбуки,4,20611.94,0
2024-11-28,312,64503,Ноутбуки,9,26364.11,0
2024-11-28,312,64504,Ноутбуки,0,40728.82,0
2024-11-28,312,64505,Смартфони,11,30975.74,0
2024-11-28,312,64506,Смартфони,15,9480.16,0
2024-11-28,312,64507,Смартфони,9,14224.46,0
2024-11-28,312,64508,Смартфони,7,17724.05,0
2024-11-28,312,64509,Смартфони,19,33485.85,0
2024-11-28,312,64510,Холодильники,6,24763.25,0
2024-11-28,312,64511,Холодильники,3,19526.12,0
2024-11-28,312,64512,Холодильники,2,34651.18,0
2024-11-28,312,64513,Холодильники,4,36060.68,0
2024-11-28,312,64514,Холодильники,0,22585.32,0
2024-11-29,215,64500,Ноутбуки,8,35673.04,0
2024-11-29,215,64501,Ноутбуки,6,25409.52,0
2024-11-29,215,64502,Ноутбуки,20,21591.03,0
2024-11-29,215,64503,Ноутбуки,10,25349.1,0
2024-11-29,215,64504,Ноутбуки,5,41605.06,0
2024-11-29,215,64505,Смартфони,17,30158.75,0
2024-11-29,215,64506,Смартфони,27,9089.0,0
2024-11-29,215,64507,Смартфони,25,14346.1,0
2024-11-29,215,64508,Смартфони,27,15957.23,0
2024-11-29,215,64509,Смартфони,16,33465.97,0
2024-11-29,215,64510,Холодильники,2,23480.28,0
2024-11-29,215,64511,Холодильники,11,19000.96,0
2024-11-29,215,64512,Холодильники,3,34928.67,0
2024-11-29,215,64513,Холодильники,3,35074.69,0
2024-11-29,215,64514,Холодильники,4,22256.62,0
2024-11-29,312,64500,Ноутбуки,1,35182.0,0
2024-11-29,312,64501,Ноутбуки,4,23700.8,0
2024-11-29,312,64502,Ноутбуки,12,21801.94,0
2024-11-29,312,64503,Ноутбуки,8,25635.34,0
2024-11-29,312,64504,Ноутбуки,6,40176.48,0
2024-11-29,312,64505,Смартфони,3,26801.78,0
2024-11-29,312,64506,Смартфони,14,9398.99,0
2024-11-29,312,64507,Смартфони,38,12773.83,1
2024-11-29,312,64508,Смартфони,14,16400.45,0
2024-11-29,312,64509,Смартфони,17,33373.84,0
2024-11-29,312,64510,Холодильники,6,24752.91,0
2024-11-29,312,64511,Холодильники,4,19557.45,0
2024-11-29,312,64512,Холодильники,6,34859.58,0
2024-11-29,312,64513,Холодильники,3,36011.23,0
2024-11-29,312,64514,Холодильники,3,22980.86,0
2024-11-30,215,64500,Ноутбуки,2,34540.02,0
2024-11-30,215,64501,Ноутбуки,10,25453.6,0
2024-11-30,215,64502,Ноутбуки,13,20992.67,0
2024-11-30,215,64503,Ноутбуки,3,26039.68,0
2024-11-30,215,64504,Ноутбуки,7,39400.17,0
2024-11-30,215,64505,Смартфони,18,29789.76,0
2024-11-30,215,64506,Смартфони,13,8893.53,0
2024-11-30,215,64507,Смартфони,23,13272.3,0
2024-11-30,215,64508,Смартфони,23,14677.65,1
2024-11-30,215,64509,Смартфони,46,29736.78,1
2024-11-30,215,64510,Холодильники,8,24457.83,0
2024-11-30,215,64511,Холодильники,3,18715.99,0
2024-11-30,215,64512,Холодильники,4,33380.46,0
2024-11-30,215,64513,Холодильники,7,35486.5,0
2024-11-30,215,64514,Холодильники,2,22229.16,0
2024-11-30,312,64500,Ноутбуки,2,34468.41,0
2024-11-30,312,64501,Ноутбуки,6,22658.44,1
2024-11-30,312,64502,Ноутбуки,8,22097.31,0
2024-11-30,312,64503,Ноутбуки,4,26100.13,0
2024-11-30,312,64504,Ноутбуки,5,41776.99,0
2024-11-30,312,64505,Смартфони,8,31818.16,0
2024-11-30,312,64506,Смартфони,14,9050.19,0
2024-11-30,312,64507,Смартфони,19,13773.35,0
2024-11-30,312,64508,Смартфони,12,16101.25,0
2024-11-30,312,64509,Смартфони,15,34067.62,0
2024-11-30,312,64510,Холодильники,2,24176.22,0
2024-11-30,312,64511,Холодильники,5,18739.02,0
2024-11-30,312,64512,Холодильники,5,34979.97,0
2024-11-30,312,64513,Холодильники,3,37527.3,0
2024-11-30,312,64514,Холодильники,1,22227.68,0
2024-12-01,215,64500,Ноутбуки,2,35369.92,0
2024-12-01,215,64501,Ноутбуки,4,25820.93,0
2024-12-01,215,64502,Ноутбуки,9,21169.54,0
2024-12-01,215,64503,Ноутбуки,5,25545.55,0
2024-12-01,215,64504,Ноутбуки,6,41904.76,0
2024-12-01,215,64505,Смартфони,13,29754.24,0
2024-12-01,215,64506,Смартфони,20,9281.19,0
2024-12-01,215,64507,Смартфони,19,15126.07,0
2024-12-01,215,64508,Смартфони,12,16572.88,0
2024-12-01,215,64509,Смартфони,14,33113.54,0
2024-12-01,215,64510,Холодильники,2,23623.01,0
2024-12-01,215,64511,Холодильники,5,19052.83,0
2024-12-01,215,64512,Холодильники,0,34842.25,0
2024-12-01,215,64513,Холодильники,2,35137.06,0
2024-12-01,215,64514,Холодильники,2,21948.73,0
2024-12-01,312,64500,Ноутбуки,4,30991.15,1
2024-12-01,312,64501,Ноутбуки,2,26736.86,0
2024-12-01,312,64502,Ноутбуки,9,20854.49,0
2024-12-01,312,64503,Ноутбуки,2,26044.07,0
2024-12-01,312,64504,Ноутбуки,3,41535.68,0
2024-12-01,312,64505,Смартфони,6,30994.71,0
2024-12-01,312,64506,Смартфони,13,9658.05,0
2024-12-01,312,64507,Смартфони,13,13915.04,0
2024-12-01,312,64508,Смартфони,4,17037.36,0
2024-12-01,312,64509,Смартфони,13,34970.62,0
2024-12-01,312,64510,Холодильники,2,23882.55,0
2024-12-01,312,64511,Холодильники,8,18345.51,0
2024-12-01,312,64512,Холодильники,2,34045.76,0
2024-12-01,312,64513,Холодильники,3,35792.2,0
2024-12-01,312,64514,Холодильники,5,21949.18,0
2024-12-02,215,64500,Ноутбуки,3,33295.71,0
2024-12-02,215,64501,Ноутбуки,6,26873.24,0
2024-12-02,215,64502,Ноутбуки,2,20540.28,0
2024-12-02,215,64503,Ноутбуки,3,26411.34,0
2024-12-02,215,64504,Ноутбуки,0,41849.32,0
2024-12-02,215,64505,Смартфони,5,29414.64,0
2024-12-02,215,64506,Смартфони,18,9154.45,0
2024-12-02,215,64507,Смартфони,7,14180.71,0
2024-12-02,215,64508,Смартфони,9,16277.42,0
2024-12-02,215,64509,Смартфони,11,32952.62,0
2024-12-02,215,64510,Холодильники,4,21525.71,1
2024-12-02,215,64511,Холодильники,4,19318.37,0
2024-12-02,215,64512,Холодильники,4,34498.19,0
2024-12-02,215,64513,Холодильники,1,36205.47,0
2024-12-02,215,64514,Холодильники,1,22555.53,0
2024-12-02,312,64500,Ноутбуки,2,36314.8,0
2024-12-02,312,64501,Ноутбуки,0,25710.37,0
2024-12-02,312,64502,Ноутбуки,5,21398.3,0
2024-12-02,312,64503,Ноутбуки,2,26836.09,0
2024-12-02,312,64504,Ноутбуки,1,41548.87,0
2024-12-02,312,64505,Смартфони,2,30465.24,0
2024-12-02,312,64506,Смартфони,16,8583.98,1
2024-12-02,312,64507,Смартфони,10,14037.39,0
2024-12-02,312,64508,Смартфони,8,16471.95,0
2024-12-02,312,64509,Смартфони,16,31285.01,1
2024-12-02,312,64510,Холодильники,3,23766.12,0
2024-12-02,312,64511,Холодильники,2,19690.33,0
2024-12-02,312,64512,Холодильники,3,35485.74,0
2024-12-02,312,64513,Холодильники,3,37733.51,0
2024-12-02,312,64514,Холодильники,0,21534.05,0
2024-12-03,215,64500,Ноутбуки,0,34811.7,0
2024-12-03,215,64501,Ноутбуки,1,27121.5,0
2024-12-03,215,64502,Ноутбуки,4,20678.21,0
2024-12-03,215,64503,Ноутбуки,7,25426.13,0
2024-12-03,215,64504,Ноутбуки,4,42047.24,0
2024-12-03,215,64505,Смартфони,6,29420.69,0
2024-12-03,215,64506,Смартфони,9,9504.92,0
2024-12-03,215,64507,Смартфони,11,14066.21,0
2024-12-03,215,64508,Смартфони,6,17329.41,0
2024-12-03,215,64509,Смартфони,14,32253.41,0
2024-12-03,215,64510,Холодильники,3,21360.02,1
2024-12-03,215,64511,Холодильники,7,16715.06,1
2024-12-03,215,64512,Холодильники,2,34427.05,0
2024-12-03,215,64513,Холодильники,2,31823.8,1
2024-12-03,215,64514,Холодильники,1,22438.66,0
2024-12-03,312,64500,Ноутбуки,1,34509.85,0
2024-12-03,312,64501,Ноутбуки,0,24435.22,0
2024-12-03,312,64502,Ноутбуки,4,20204.78,0
2024-12-03,312,64503,Ноутбуки,2,25539.5,0
2024-12-03,312,64504,Ноутбуки,2,39870.9,0
2024-12-03,312,64505,Смартфони,2,26978.23,0
2024-12-03,312,64506,Смартфони,12,9613.11,0
2024-12-03,312,64507,Смартфони,7,14208.89,0
2024-12-03,312,64508,Смартфони,10,16283.11,0
2024-12-03,312,64509,Смартфони,15,34151.84,0
2024-12-03,312,64510,Холодильники,5,24732.91,0
2024-12-03,312,64511,Холодильники,3,18801.09,0
2024-12-03,312,64512,Холодильники,1,35080.8,0
2024-12-03,312,64513,Холодильники,1,36055.88,0
2024-12-03,312,64514,Холодильники,1,21613.93,0
2024-12-04,215,64500,Ноутбуки,3,35199.93,0
2024-12-04,215,64501,Ноутбуки,0,26666.12,0
2024-12-04,215,64502,Ноутбуки,16,20466.4,0
2024-12-04,215,64503,Ноутбуки,3,25707.89,0
2024-12-04,215,64504,Ноутбуки,3,41852.35,0
2024-12-04,215,64505,Смартфони,4,30650.55,0
2024-12-04,215,64506,Смартфони,16,9299.71,0
2024-12-04,215,64507,Смартфони,17,14377.59,0
2024-12-04,215,64508,Смартфони,6,16028.89,0
2024-12-04,215,64509,Смартфони,14,32972.73,0
2024-12-04,215,64510,Холодильники,2,25008.56,0
2024-12-04,215,64511,Холодильники,4,19233.03,0
2024-12-04,215,64512,Холодильники,1,33758.1,0
2024-12-04,215,64513,Холодильники,2,35816.93,0
2024-12-04,215,64514,Холодильники,1,21168.22,0
2024-12-04,312,64500,Ноутбуки,3,30974.93,1
2024-12-04,312,64501,Ноутбуки,1,25298.44,0
2024-12-04,312,64502,Ноутбуки,3,21039.68,0
2024-12-04,312,64503,Ноутбуки,2,26059.5,0
2024-12-04,312,64504,Ноутбуки,3,41927.36,0
2024-12-04,312,64505,Смартфони,4,28241.88,0
2024-12-04,312,64506,Смартфони,7,8730.35,0
2024-12-04,312,64507,Смартфони,12,14294.54,0
2024-12-04,312,64508,Смартфони,3,15886.97,0
2024-12-04,312,64509,Смартфони,9,33545.1,0
2024-12-04,312,64510,Холодильники,1,26522.34,0
2024-12-04,312,64511,Холодильники,3,19418.16,0
2024-12-04,312,64512,Холодильники,1,37161.99,0
2024-12-04,312,64513,Холодильники,1,35362.84,0
2024-12-04,312,64514,Холодильники,1,22104.16,0
2024-12-05,215,64500,Ноутбуки,1,32766.06,0
2024-12-05,215,64501,Ноутбуки,4,26413.88,0
2024-12-05,215,64502,Ноутбуки,9,21036.85,0
2024-12-05,215,64503,Ноутбуки,2,25713.43,0
2024-12-05,215,64504,Ноутбуки,4,39804.65,0
2024-12-05,215,64505,Смартфони,7,31304.17,0
2024-12-05,215,64506,Смартфони,8,8807.55,0
2024-12-05,215,64507,Смартфони,11,14568.25,0
2024-12-05,215,64508,Смартфони,6,16834.52,0
2024-12-05,215,64509,Смартфони,12,33840.31,0
2024-12-05,215,64510,Холодильники,1,24202.03,0
2024-12-05,215,64511,Холодильники,4,20519.8,0
2024-12-05,215,64512,Холодильники,1,34241.75,0
2024-12-05,215,64513,Холодильники,4,36008.11,0
2024-12-05,215,64514,Холодильники,1,20050.67,1
2024-12-05,312,64500,Ноутбуки,1,34662.4,0
2024-12-05,312,64501,Ноутбуки,2,25932.84,0
2024-12-05,312,64502,Ноутбуки,8,21040.56,0
2024-12-05,312,64503,Ноутбуки,1,25610.11,0
2024-12-05,312,64504,Ноутбуки,3,38652.33,0
2024-12-05,312,64505,Смартфони,4,29688.13,0
2024-12-05,312,64506,Смартфони,9,9649.32,0
2024-12-05,312,64507,Смартфони,18,12078.86,1
2024-12-05,312,64508,Смартфони,16,14767.01,1
2024-12-05,312,64509,Смартфони,14,29667.7,1
2024-12-05,312,64510,Холодильники,1,25534.51,0
2024-12-05,312,64511,Холодильники,1,19313.05,0
2024-12-05,312,64512,Холодильники,1,33746.4,0
2024-12-05,312,64513,Холодильники,2,35367.36,0
2024-12-05,312,64514,Холодильники,0,22109.5,0
2024-12-06,215,64500,Ноутбуки,2,34192.42,0
2024-12-06,215,64501,Ноутбуки,5,25482.8,0
2024-12-06,215,64502,Ноутбуки,3,19541.58,0
2024-12-06,215,64503,Ноутбуки,4,25079.19,0
2024-12-06,215,64504,Ноутбуки,2,40818.59,0
2024-12-06,215,64505,Смартфони,6,30164.61,0
2024-12-06,215,64506,Смартфони,10,8981.71,0
2024-12-06,215,64507,Смартфони,11,13813.6,0
2024-12-06,215,64508,Смартфони,10,17052.0,0
2024-12-06,215,64509,Смартфони,16,34307.88,0
2024-12-06,215,64510,Холодильники,0,24910.84,0
2024-12-06,215,64511,Холодильники,2,18563.53,0
2024-12-06,215,64512,Холодильники,6,32945.21,0
2024-12-06,215,64513,Холодильники,4,34676.55,0
2024-12-06,215,64514,Холодильники,1,21913.7,0
2024-12-06,312,64500,Ноутбуки,0,35205.04,0
2024-12-06,312,64501,Ноутбуки,4,23573.09,1
2024-12-06,312,64502,Ноутбуки,9,21011.68,0
2024-12-06,312,64503,Ноутбуки,2,25975.57,0
2024-12-06,312,64504,Ноутбуки,5,38850.38,0
2024-12-06,312,64505,Смартфони,1,30091.51,0
2024-12-06,312,64506,Смартфони,14,9263.74,0
2024-12-06,312,64507,Смартфони,10,13616.6,0
2024-12-06,312,64508,Смартфони,6,16740.24,0
2024-12-06,312,64509,Смартфони,11,32536.1,0
2024-12-06,312,64510,Холодильники,5,23754.82,0
2024-12-06,312,64511,Холодильники,6,19958.3,0
2024-12-06,312,64512,Холодильники,1,30811.69,1
2024-12-06,312,64513,Холодильники,1,37836.37,0
2024-12-06,312,64514,Холодильники,3,21563.4,0
2024-12-07,215,64500,Ноутбуки,3,34890.15,0
2024-12-07,215,64501,Ноутбуки,3,25065.98,0
2024-12-07,215,64502,Ноутбуки,13,20467.3,0
2024-12-07,215,64503,Ноутбуки,5,24070.87,0
2024-12-07,215,64504,Ноутбуки,1,41556.95,0
2024-12-07,215,64505,Смартфони,8,30807.42,0
2024-12-07,215,64506,Смартфони,14,9385.59,0
2024-12-07,215,64507,Смартфони,12,14438.79,0
2024-12-07,215,64508,Смартфони,8,15441.52,0
2024-12-07,215,64509,Смартфони,29,30614.56,1
2024-12-07,215,64510,Холодильники,3,24090.69,0
2024-12-07,215,64511,Холодильники,9,17646.2,1
2024-12-07,215,64512,Холодильники,5,34438.98,0
2024-12-07,215,64513,Холодильники,4,36694.78,0
2024-12-07,215,64514,Холодильники,0,22605.07,0
2024-12-07,312,64500,Ноутбуки,2,36171.55,0
2024-12-07,312,64501,Ноутбуки,2,25601.7,0
2024-12-07,312,64502,Ноутбуки,5,19576.85,0
2024-12-07,312,64503,Ноутбуки,5,26786.54,0
2024-12-07,312,64504,Ноутбуки,3,40166.86,0
2024-12-07,312,64505,Смартфони,8,30290.3,0
2024-12-07,312,64506,Смартфони,16,9237.55,0
2024-12-07,312,64507,Смартфони,14,13773.68,0
2024-12-07,312,64508,Смартфони,10,16226.16,0
2024-12-07,312,64509,Смартфони,7,34938.5,0
2024-12-07,312,64510,Холодильники,1,23279.57,0
2024-12-07,312,64511,Холодильники,4,19362.92,0
2024-12-07,312,64512,Холодильники,2,37689.64,0
2024-12-07,312,64513,Холодильники,0,34998.99,0
2024-12-07,312,64514,Холодильники,2,21536.42,0
2024-12-08,215,64500,Ноутбуки,2,34297.64,0
2024-12-08,215,64501,Ноутбуки,6,26415.88,0
2024-12-08,215,64502,Ноутбуки,5,22398.53,0
2024-12-08,215,64503,Ноутбуки,1,25264.87,0
2024-12-08,215,64504,Ноутбуки,7,42892.65,0
2024-12-08,215,64505,Смартфони,9,30402.21,0
2024-12-08,215,64506,Смартфони,14,8899.56,0
2024-12-08,215,64507,Смартфони,15,14082.88,0
2024-12-08,215,64508,Смартфони,8,16319.42,0
2024-12-08,215,64509,Смартфони,17,32179.33,0
2024-12-08,215,64510,Холодильники,5,23009.59,0
2024-12-08,215,64511,Холодильники,4,18614.05,0
2024-12-08,215,64512,Холодильники,1,34860.0,0
2024-12-08,215,64513,Холодильники,5,36336.58,0
2024-12-08,215,64514,Холодильники,5,21737.42,0
2024-12-08,312,64500,Ноутбуки,2,36400.92,0
2024-12-08,312,64501,Ноутбуки,2,25124.37,0
2024-12-08,312,64502,Ноутбуки,6,20642.22,0
2024-12-08,312,64503,Ноутбуки,7,25503.82,0
2024-12-08,312,64504,Ноутбуки,1,41336.27,0
2024-12-08,312,64505,Смартфони,4,29285.37,0
2024-12-08,312,64506,Смартфони,15,9545.59,0
2024-12-08,312,64507,Смартфони,10,13860.87,0
2024-12-08,312,64508,Смартфони,7,16927.01,0
2024-12-08,312,64509,Смартфони,12,34275.7,0
2024-12-08,312,64510,Холодильники,2,24428.14,0
2024-12-08,312,64511,Холодильники,2,20682.4,0
2024-12-08,312,64512,Холодильники,4,35576.29,0
2024-12-08,312,64513,Холодильники,2,31246.28,1
2024-12-08,312,64514,Холодильники,0,20688.52,1
2024-12-09,215,64500,Ноутбуки,1,35647.01,0
2024-12-09,215,64501,Ноутбуки,4,24597.02,0
2024-12-09,215,64502,Ноутбуки,6,21218.48,0
2024-12-09,215,64503,Ноутбуки,5,25929.08,0
2024-12-09,215,64504,Ноутбуки,4,40948.76,0
2024-12-09,215,64505,Смартфони,6,28716.72,0
2024-12-09,215,64506,Смартфони,8,9417.46,0
2024-12-09,215,64507,Смартфони,17,13679.66,0
2024-12-09,215,64508,Смартфони,6,16176.15,0
2024-12-09,215,64509,Смартфони,15,32671.54,0
2024-12-09,215,64510,Холодильники,4,23797.19,0
2024-12-09,215,64511,Холодильники,2,19559.17,0
2024-12-09,215,64512,Холодильники,3,34526.72,0
2024-12-09,215,64513,Холодильники,2,36491.44,0
2024-12-09,215,64514,Холодильники,4,21688.29,0
2024-12-09,312,64500,Ноутбуки,1,33224.12,0
2024-12-09,312,64501,Ноутбуки,4,23042.27,1
2024-12-09,312,64502,Ноутбуки,4,20373.29,0
2024-12-09,312,64503,Ноутбуки,1,26835.05,0
2024-12-09,312,64504,Ноутбуки,2,41405.7,0
2024-12-09,312,64505,Смартфони,1,29755.08,0
2024-12-09,312,64506,Смартфони,6,9056.25,0
2024-12-09,312,64507,Смартфони,10,13885.95,0
2024-12-09,312,64508,Смартфони,3,16177.59,0
2024-12-09,312,64509,Смартфони,8,33037.67,0
2024-12-09,312,64510,Холодильники,4,24609.07,0
2024-12-09,312,64511,Холодильники,2,19212.38,0
2024-12-09,312,64512,Холодильники,4,36260.83,0
2024-12-09,312,64513,Холодильники,0,35606.04,0
2024-12-09,312,64514,Холодильники,2,21671.67,0
2024-12-10,215,64500,Ноутбуки,3,35452.05,0
2024-12-10,215,64501,Ноутбуки,5,24880.61,0
2024-12-10,215,64502,Ноутбуки,4,20317.37,0
2024-12-10,215,64503,Ноутбуки,2,24624.92,0
2024-12-10,215,64504,Ноутбуки,3,41242.95,0
2024-12-10,215,64505,Смартфони,5,29238.5,0
2024-12-10,215,64506,Смартфони,14,8857.22,0
2024-12-10,215,64507,Смартфони,18,13958.63,0
2024-12-10,215,64508,Смартфони,7,17043.36,0
2024-12-10,215,64509,Смартфони,12,32642.12,0
2024-12-10,215,64510,Холодильники,2,24467.77,0
2024-12-10,215,64511,Холодильники,1,19665.04,0
2024-12-10,215,64512,Холодильники,0,34279.82,0
2024-12-10,215,64513,Холодильники,0,36109.59,0
2024-12-10,215,64514,Холодильники,0,22524.49,0
2024-12-10,312,64500,Ноутбуки,5,34798.57,0
2024-12-10,312,64501,Ноутбуки,1,26144.51,0
2024-12-10,312,64502,Ноутбуки,5,20798.63,0
2024-12-10,312,64503,Ноутбуки,2,25283.02,0
2024-12-10,312,64504,Ноутбуки,1,39316.91,0
2024-12-10,312,64505,Смартфони,5,28932.1,0
2024-12-10,312,64506,Смартфони,9,9031.52,0
2024-12-10,312,64507,Смартфони,6,13608.69,0
2024-12-10,312,64508,Смартфони,9,17007.11,0
2024-12-10,312,64509,Смартфони,11,32961.71,0
2024-12-10,312,64510,Холодильники,0,25384.99,0
2024-12-10,312,64511,Холодильники,1,19503.6,0
2024-12-10,312,64512,Холодильники,1,33656.01,0
2024-12-10,312,64513,Холодильники,3,35386.14,0
2024-12-10,312,64514,Холодильники,4,20691.32,0
2024-12-11,215,64500,Ноутбуки,3,36537.5,0
2024-12-11,215,64501,Ноутбуки,3,24933.8,0
2024-12-11,215,64502,Ноутбуки,4,20238.14,0
2024-12-11,215,64503,Ноутбуки,5,25058.3,0
2024-12-11,215,64504,Ноутбуки,1,42804.77,0
2024-12-11,215,64505,Смартфони,5,28948.18,0
2024-12-11,215,64506,Смартфони,10,9255.27,0
2024-12-11,215,64507,Смартфони,6,14191.4,0
2024-12-11,215,64508,Смартфони,11,16193.71,0
2024-12-11,215,64509,Смартфони,12,34733.29,0
2024-12-11,215,64510,Холодильники,1,24857.07,0
2024-12-11,215,64511,Холодильники,4,19552.98,0
2024-12-11,215,64512,Холодильники,3,33832.78,0
2024-12-11,215,64513,Холодильники,0,32635.28,1
2024-12-11,215,64514,Холодильники,3,22178.1,0
2024-12-11,312,64500,Ноутбуки,0,37339.08,0
2024-12-11,312,64501,Ноутбуки,6,25605.3,0
2024-12-11,312,64502,Ноутбуки,5,20617.49,0
2024-12-11,312,64503,Ноутбуки,0,24696.12,0
2024-12-11,312,64504,Ноутбуки,2,39082.71,0
2024-12-11,312,64505,Смартфони,4,30034.51,0
2024-12-11,312,64506,Смартфони,9,8800.62,0
2024-12-11,312,64507,Смартфони,7,14036.03,0
2024-12-11,312,64508,Смартфони,6,16982.64,0
2024-12-11,312,64509,Смартфони,10,35159.51,0
2024-12-11,312,64510,Холодильники,1,23155.33,0
2024-12-11,312,64511,Холодильники,1,19095.0,0
2024-12-11,312,64512,Холодильники,1,35180.7,0
2024-12-11,312,64513,Холодильники,3,33626.86,0
2024-12-11,312,64514,Холодильники,4,19780.26,1
2024-12-12,215,64500,Ноутбуки,1,35929.75,0
2024-12-12,215,64501,Ноутбуки,0,27760.11,0
2024-12-12,215,64502,Ноутбуки,1,21793.49,0
2024-12-12,215,64503,Ноутбуки,5,24704.21,0
2024-12-12,215,64504,Ноутбуки,8,40236.6,0
2024-12-12,215,64505,Смартфони,13,29626.67,0
2024-12-12,215,64506,Смартфони,14,9427.1,0
2024-12-12,215,64507,Смартфони,8,14168.79,0
2024-12-12,215,64508,Смартфони,12,17403.9,0
2024-12-12,215,64509,Смартфони,10,34182.55,0
2024-12-12,215,64510,Холодильники,6,24520.13,0
2024-12-12,215,64511,Холодильники,2,18678.51,0
2024-12-12,215,64512,Холодильники,2,31461.96,0
2024-12-12,215,64513,Холодильники,0,36167.19,0
2024-12-12,215,64514,Холодильники,4,21727.95,0
2024-12-12,312,64500,Ноутбуки,1,35184.35,0
2024-12-12,312,64501,Ноутбуки,4,24461.75,0
2024-12-12,312,64502,Ноутбуки,3,19943.37,0
2024-12-12,312,64503,Ноутбуки,4,25022.34,0
2024-12-12,312,64504,Ноутбуки,2,38599.19,0
2024-12-12,312,64505,Смартфони,3,29470.51,0
2024-12-12,312,64506,Смартфони,11,9229.29,0
2024-12-12,312,64507,Смартфони,12,14425.69,0
2024-12-12,312,64508,Смартфони,10,16434.17,0
2024-12-12,312,64509,Смартфони,14,33868.8,0
2024-12-12,312,64510,Холодильники,2,22850.19,0
2024-12-12,312,64511,Холодильники,3,18165.67,0
2024-12-12,312,64512,Холодильники,2,34424.39,0
2024-12-12,312,64513,Холодильники,1,35741.41,0
2024-12-12,312,64514,Холодильники,1,20944.25,0
2024-12-13,215,64500,Ноутбуки,2,34389.43,0
2024-12-13,215,64501,Ноутбуки,1,26567.31,0
2024-12-13,215,64502,Ноутбуки,4,21432.55,0
2024-12-13,215,64503,Ноутбуки,5,25391.38,0
2024-12-13,215,64504,Ноутбуки,3,41152.61,0
2024-12-13,215,64505,Смартфони,10,28841.55,0
2024-12-13,215,64506,Смартфони,14,9222.86,0
2024-12-13,215,64507,Смартфони,14,13872.81,0
2024-12-13,215,64508,Смартфони,11,17457.57,0
2024-12-13,215,64509,Смартфони,27,33664.05,0
2024-12-13,215,64510,Холодильники,3,25294.13,0
2024-12-13,215,64511,Холодильники,3,19604.0,0
2024-12-13,215,64512,Холодильники,2,35517.22,0
2024-12-13,215,64513,Холодильники,1,36391.73,0
2024-12-13,215,64514,Холодильники,1,21396.13,0
2024-12-13,312,64500,Ноутбуки,3,33166.11,0
2024-12-13,312,64501,Ноутбуки,0,24438.46,0
2024-12-13,312,64502,Ноутбуки,4,20793.4,0
2024-12-13,312,64503,Ноутбуки,2,25588.92,0
2024-12-13,312,64504,Ноутбуки,4,39877.33,0
2024-12-13,312,64505,Смартфони,4,29667.65,0
2024-12-13,312,64506,Смартфони,4,9223.6,0
2024-12-13,312,64507,Смартфони,13,14856.66,0
2024-12-13,312,64508,Смартфони,8,16509.85,0
2024-12-13,312,64509,Смартфони,16,30961.83,0
2024-12-13,312,64510,Холодильники,2,24897.72,0
2024-12-13,312,64511,Холодильники,1,19494.9,0
2024-12-13,312,64512,Холодильники,4,33208.63,0
2024-12-13,312,64513,Холодильники,1,37210.36,0
2024-12-13,312,64514,Холодильники,1,21288.97,0
2024-12-14,215,64500,Ноутбуки,2,35814.68,0
2024-12-14,215,64501,Ноутбуки,4,25389.15,0
2024-12-14,215,64502,Ноутбуки,8,20334.47,0
2024-12-14,215,64503,Ноутбуки,3,25254.78,0
2024-12-14,215,64504,Ноутбуки,3,39059.71,0
2024-12-14,215,64505,Смартфони,12,29734.56,0
2024-12-14,215,64506,Смартфони,14,9749.26,0
2024-12-14,215,64507,Смартфони,10,14099.77,0
2024-12-14,215,64508,Смартфони,9,16283.26,0
2024-12-14,215,64509,Смартфони,24,33896.51,0
2024-12-14,215,64510,Холодильники,3,24876.98,0
2024-12-14,215,64511,Холодильники,5,19215.64,0
2024-12-14,215,64512,Холодильники,3,35108.84,0
2024-12-14,215,64513,Холодильники,4,35924.65,0
2024-12-14,215,64514,Холодильники,1,22045.04,0
2024-12-14,312,64500,Ноутбуки,0,34273.06,0
2024-12-14,312,64501,Ноутбуки,3,25604.85,0
2024-12-14,312,64502,Ноутбуки,10,22005.45,0
2024-12-14,312,64503,Ноутбуки,9,26631.72,0
2024-12-14,312,64504,Ноутбуки,1,39657.08,0
2024-12-14,312,64505,Смартфони,8,31000.24,0
2024-12-14,312,64506,Смартфони,13,9817.26,0
2024-12-14,312,64507,Смартфони,12,15043.38,0
2024-12-14,312,64508,Смартфони,4,16870.48,0
2024-12-14,312,64509,Смартфони,18,33041.07,0
2024-12-14,312,64510,Холодильники,2,23227.06,0
2024-12-14,312,64511,Холодильники,3,18815.1,0
2024-12-14,312,64512,Холодильники,3,35152.7,0
2024-12-14,312,64513,Холодильники,1,35612.04,0
2024-12-14,312,64514,Холодильники,1,22550.87,0
2024-12-15,215,64500,Ноутбуки,3,32629.4,0
2024-12-15,215,64501,Ноутбуки,2,25899.69,0
2024-12-15,215,64502,Ноутбуки,5,20010.67,0
2024-12-15,215,64503,Ноутбуки,9,25407.96,0
2024-12-15,215,64504,Ноутбуки,5,37529.52,0
2024-12-15,215,64505,Смартфони,9,28333.47,0
2024-12-15,215,64506,Смартфони,14,9664.03,0
2024-12-15,215,64507,Смартфони,15,14075.13,0
2024-12-15,215,64508,Смартфони,10,16256.26,0
2024-12-15,215,64509,Смартфони,20,35615.39,0
2024-12-15,215,64510,Холодильники,5,25029.08,0
2024-12-15,215,64511,Холодильники,4,19319.28,0
2024-12-15,215,64512,Холодильники,1,33619.31,0
2024-12-15,215,64513,Холодильники,2,36555.65,0
2024-12-15,215,64514,Холодильники,2,21582.86,0
2024-12-15,312,64500,Ноутбуки,2,35193.43,0
2024-12-15,312,64501,Ноутбуки,3,26403.97,0
2024-12-15,312,64502,Ноутбуки,6,20785.04,0
2024-12-15,312,64503,Ноутбуки,3,24850.56,0
2024-12-15,312,64504,Ноутбуки,1,39033.39,0
2024-12-15,312,64505,Смартфони,5,28596.14,0
2024-12-15,312,64506,Смартфони,8,9099.39,0
2024-12-15,312,64507,Смартфони,5,14340.94,0
2024-12-15,312,64508,Смартфони,10,14267.85,1
2024-12-15,312,64509,Смартфони,7,33581.54,0
2024-12-15,312,64510,Холодильники,3,24329.21,0
2024-12-15,312,64511,Холодильники,3,19009.48,0
2024-12-15,312,64512,Холодильники,0,32761.46,0
2024-12-15,312,64513,Холодильники,1,36825.02,0
2024-12-15,312,64514,Холодильники,2,21525.24,0
2024-12-16,215,64500,Ноутбуки,0,36060.51,0
2024-12-16,215,64501,Ноутбуки,2,25131.39,0
2024-12-16,215,64502,Ноутбуки,3,20942.15,0
2024-12-16,215,64503,Ноутбуки,6,24776.05,1
2024-12-16,215,64504,Ноутбуки,7,38170.79,0
2024-12-16,215,64505,Смартфони,10,30726.05,0
2024-12-16,215,64506,Смартфони,10,9767.94,0
2024-12-16,215,64507,Смартфони,27,12474.7,1
2024-12-16,215,64508,Смартфони,5,17781.14,0
2024-12-16,215,64509,Смартфони,18,29674.73,1
2024-12-16,215,64510,Холодильники,3,24807.85,0
2024-12-16,215,64511,Холодильники,4,18407.41,0
2024-12-16,215,64512,Холодильники,4,35284.54,0
2024-12-16,215,64513,Холодильники,3,31675.75,1
2024-12-16,215,64514,Холодильники,1,22791.22,0
2024-12-16,312,64500,Ноутбуки,2,32141.11,1
2024-12-16,312,64501,Ноутбуки,1,25485.56,0
2024-12-16,312,64502,Ноутбуки,1,20632.79,0
2024-12-16,312,64503,Ноутбуки,3,26500.52,0
2024-12-16,312,64504,Ноутбуки,2,39044.74,0
2024-12-16,312,64505,Смартфони,3,30097.09,0
2024-12-16,312,64506,Смартфони,9,8033.6,1
2024-12-16,312,64507,Смартфони,11,13615.76,0
2024-12-16,312,64508,Смартфони,8,17084.33,0
2024-12-16,312,64509,Смартфони,11,32738.99,0
2024-12-16,312,64510,Холодильники,1,24888.48,0
2024-12-16,312,64511,Холодильники,4,18906.25,0
2024-12-16,312,64512,Холодильники,1,33576.82,0
2024-12-16,312,64513,Холодильники,2,37231.26,0
2024-12-16,312,64514,Холодильники,1,22388.9,0
2024-12-17,215,64500,Ноутбуки,0,35963.41,0
2024-12-17,215,64501,Ноутбуки,3,25334.53,0
2024-12-17,215,64502,Ноутбуки,5,20721.89,0
2024-12-17,215,64503,Ноутбуки,2,24989.57,0
2024-12-17,215,64504,Ноутбуки,4,41591.27,0
2024-12-17,215,64505,Смартфони,10,26150.89,1
2024-12-17,215,64506,Смартфони,8,8746.84,0
2024-12-17,215,64507,Смартфони,10,13499.24,0
2024-12-17,215,64508,Смартфони,7,17087.12,0
2024-12-17,215,64509,Смартфони,13,33078.0,0
2024-12-17,215,64510,Холодильники,1,24281.17,0
2024-12-17,215,64511,Холодильники,3,19542.45,0
2024-12-17,215,64512,Холодильники,1,35809.78,0
2024-12-17,215,64513,Холодильники,2,37931.75,0
2024-12-17,215,64514,Холодильники,3,22526.15,0
2024-12-17,312,64500,Ноутбуки,2,32140.39,0
2024-12-17,312,64501,Ноутбуки,2,25892.23,0
2024-12-17,312,64502,Ноутбуки,8,21383.06,0
2024-12-17,312,64503,Ноутбуки,3,26085.36,0
2024-12-17,312,64504,Ноутбуки,1,41284.44,0
2024-12-17,312,64505,Смартфони,1,28518.78,0
2024-12-17,312,64506,Смартфони,12,9678.35,0
2024-12-17,312,64507,Смартфони,8,12078.01,1
2024-12-17,312,64508,Смартфони,5,16218.93,0
2024-12-17,312,64509,Смартфони,9,33826.2,0
2024-12-17,312,64510,Холодильники,1,24976.67,0
2024-12-17,312,64511,Холодильники,1,20077.75,0
2024-12-17,312,64512,Холодильники,0,35425.78,0
2024-12-17,312,64513,Холодильники,1,34227.49,0
2024-12-17,312,64514,Холодильники,0,21490.28,0
2024-12-18,215,64500,Ноутбуки,3,33013.03,0
2024-12-18,215,64501,Ноутбуки,3,24752.74,0
2024-12-18,215,64502,Ноутбуки,3,20698.17,0
2024-12-18,215,64503,Ноутбуки,3,24710.58,0
2024-12-18,215,64504,Ноутбуки,3,40361.73,0
2024-12-18,215,64505,Смартфони,2,29873.01,0
2024-12-18,215,64506,Смартфони,10,9073.49,0
2024-12-18,215,64507,Смартфони,16,14345.13,0
2024-12-18,215,64508,Смартфони,10,16622.93,0
2024-12-18,215,64509,Смартфони,14,32032.36,0
2024-12-18,215,64510,Холодильники,1,23173.18,0
2024-12-18,215,64511,Холодильники,4,18437.45,0
2024-12-18,215,64512,Холодильники,3,34310.72,0
2024-12-18,215,64513,Холодильники,3,34973.69,0
2024-12-18,215,64514,Холодильники,2,21131.73,0
2024-12-18,312,64500,Ноутбуки,1,34889.12,0
2024-12-18,312,64501,Ноутбуки,2,24848.57,0
2024-12-18,312,64502,Ноутбуки,3,21253.7,0
2024-12-18,312,64503,Ноутбуки,1,26896.33,0
2024-12-18,312,64504,Ноутбуки,1,42408.22,0
2024-12-18,312,64505,Смартфони,9,28496.6,0
2024-12-18,312,64506,Смартфони,7,9501.56,0
2024-12-18,312,64507,Смартфони,19,12648.12,1
2024-12-18,312,64508,Смартфони,2,16841.99,0
2024-12-18,312,64509,Смартфони,7,33415.82,0
2024-12-18,312,64510,Холодильники,2,24618.84,0
2024-12-18,312,64511,Холодильники,5,19802.52,0
2024-12-18,312,64512,Холодильники,3,33397.44,0
2024-12-18,312,64513,Холодильники,2,35551.65,0
2024-12-18,312,64514,Холодильники,2,23463.03,0
2024-12-19,215,64500,Ноутбуки,2,35222.62,0
2024-12-19,215,64501,Ноутбуки,5,25822.62,0
2024-12-19,215,64502,Ноутбуки,2,21005.9,0
2024-12-19,215,64503,Ноутбуки,1,26307.54,0
2024-12-19,215,64504,Ноутбуки,6,40221.83,0
2024-12-19,215,64505,Смартфони,11,30034.19,0
2024-12-19,215,64506,Смартфони,11,9587.76,0
2024-12-19,215,64507,Смартфони,9,13669.83,0
2024-12-19,215,64508,Смартфони,2,16321.38,0
2024-12-19,215,64509,Смартфони,16,33215.85,0
2024-12-19,215,64510,Холодильники,3,23893.54,0
2024-12-19,215,64511,Холодильники,8,16764.84,1
2024-12-19,215,64512,Холодильники,2,35850.46,0
2024-12-19,215,64513,Холодильники,1,35496.68,0
2024-12-19,215,64514,Холодильники,2,20995.82,0
2024-12-19,312,64500,Ноутбуки,0,34493.85,0
2024-12-19,312,64501,Ноутбуки,1,25763.74,0
2024-12-19,312,64502,Ноутбуки,4,20878.15,0
2024-12-19,312,64503,Ноутбуки,3,26856.7,0
2024-12-19,312,64504,Ноутбуки,7,39920.2,0
2024-12-19,312,64505,Смартфони,10,26224.28,1
2024-12-19,312,64506,Смартфони,7,9189.82,0
2024-12-19,312,64507,Смартфони,6,14622.68,0
2024-12-19,312,64508,Смартфони,4,16834.21,0
2024-12-19,312,64509,Смартфони,8,34057.02,0
2024-12-19,312,64510,Холодильники,2,23810.21,0
2024-12-19,312,64511,Холодильники,3,19002.48,0
2024-12-19,312,64512,Холодильники,1,34538.48,0
2024-12-19,312,64513,Холодильники,0,35968.97,0
2024-12-19,312,64514,Холодильники,1,21817.29,0
2024-12-20,215,64500,Ноутбуки,5,34578.92,0
2024-12-20,215,64501,Ноутбуки,3,25420.25,0
2024-12-20,215,64502,Ноутбуки,3,21130.66,0
2024-12-20,215,64503,Ноутбуки,8,25434.02,0
2024-12-20,215,64504,Ноутбуки,3,39840.02,0
2024-12-20,215,64505,Смартфони,6,29403.53,0
2024-12-20,215,64506,Смартфони,11,9205.38,0
2024-12-20,215,64507,Смартфони,15,14065.05,0
2024-12-20,215,64508,Смартфони,29,14992.08,1
2024-12-20,215,64509,Смартфони,17,32243.38,0
2024-12-20,215,64510,Холодильники,9,21768.02,1
2024-12-20,215,64511,Холодильники,8,18746.11,0
2024-12-20,215,64512,Холодильники,4,33878.0,0
2024-12-20,215,64513,Холодильники,4,34660.71,0
2024-12-20,215,64514,Холодильники,5,21803.87,0
2024-12-20,312,64500,Ноутбуки,0,36571.86,0
2024-12-20,312,64501,Ноутбуки,5,25371.5,0
2024-12-20,312,64502,Ноутбуки,3,20954.89,0
2024-12-20,312,64503,Ноутбуки,1,25423.06,0
2024-12-20,312,64504,Ноутбуки,2,40313.04,0
2024-12-20,312,64505,Смартфони,0,28463.26,0
2024-12-20,312,64506,Смартфони,10,9406.84,0
2024-12-20,312,64507,Смартфони,13,13697.58,0
2024-12-20,312,64508,Смартфони,1,16341.26,0
2024-12-20,312,64509,Смартфони,11,33881.42,0
2024-12-20,312,64510,Холодильники,1,24384.34,0
2024-12-20,312,64511,Холодильники,2,20318.85,0
2024-12-20,312,64512,Холодильники,1,34551.76,0
2024-12-20,312,64513,Холодильники,4,33686.47,0
2024-12-20,312,64514,Холодильники,1,22320.12,0
2024-12-21,215,64500,Ноутбуки,2,34265.01,0
2024-12-21,215,64501,Ноутбуки,3,25803.03,0
2024-12-21,215,64502,Ноутбуки,9,20823.29,0
2024-12-21,215,64503,Ноутбуки,8,25913.91,0
2024-12-21,215,64504,Ноутбуки,4,40098.41,0
2024-12-21,215,64505,Смартфони,20,25553.16,1
2024-12-21,215,64506,Смартфони,13,9737.35,0
2024-12-21,215,64507,Смартфони,11,14514.54,0
2024-12-21,215,64508,Смартфони,17,16570.11,0
2024-12-21,215,64509,Смартфони,22,34675.14,0
2024-12-21,215,64510,Холодильники,3,21419.53,1
2024-12-21,215,64511,Холодильники,5,19505.21,0
2024-12-21,215,64512,Холодильники,4,35101.83,0
2024-12-21,215,64513,Холодильники,5,35229.09,0
2024-12-21,215,64514,Холодильники,3,23186.83,0
2024-12-21,312,64500,Ноутбуки,0,34010.01,0
2024-12-21,312,64501,Ноутбуки,1,24984.6,0
2024-12-21,312,64502,Ноутбуки,9,21179.07,0
2024-12-21,312,64503,Ноутбуки,6,23556.16,1
2024-12-21,312,64504,Ноутбуки,3,39026.26,0
2024-12-21,312,64505,Смартфони,8,28039.69,0
2024-12-21,312,64506,Смартфони,12,9321.53,0
2024-12-21,312,64507,Смартфони,7,13442.3,0
2024-12-21,312,64508,Смартфони,12,15202.65,1
2024-12-21,312,64509,Смартфони,15,33872.27,0
2024-12-21,312,64510,Холодильники,2,23490.15,0
2024-12-21,312,64511,Холодильники,8,17059.9,1
2024-12-21,312,64512,Холодильники,2,35548.71,0
2024-12-21,312,64513,Холодильники,4,36863.52,0
2024-12-21,312,64514,Холодильники,1,21775.13,0
2024-12-22,215,64500,Ноутбуки,5,35276.57,0
2024-12-22,215,64501,Ноутбуки,4,26183.98,0
2024-12-22,215,64502,Ноутбуки,7,21357.56,0
2024-12-22,215,64503,Ноутбуки,6,25645.37,0
2024-12-22,215,64504,Ноутбуки,2,40447.61,0
2024-12-22,215,64505,Смартфони,10,30061.52,0
2024-12-22,215,64506,Смартфони,24,7858.97,1
2024-12-22,215,64507,Смартфони,18,13467.67,0
2024-12-22,215,64508,Смартфони,8,16637.68,0
2024-12-22,215,64509,Смартфони,43,30435.55,1
2024-12-22,215,64510,Холодильники,2,23603.22,0
2024-12-22,215,64511,Холодильники,6,19311.81,0
2024-12-22,215,64512,Холодильники,6,35320.73,0
2024-12-22,215,64513,Холодильники,1,35373.46,0
2024-12-22,215,64514,Холодильники,6,21656.51,0
2024-12-22,312,64500,Ноутбуки,4,36304.77,0
2024-12-22,312,64501,Ноутбуки,2,24833.19,0
2024-12-22,312,64502,Ноутбуки,5,20137.96,0
2024-12-22,312,64503,Ноутбуки,1,25777.54,0
2024-12-22,312,64504,Ноутбуки,3,35498.37,1
2024-12-22,312,64505,Смартфони,11,29396.94,0
2024-12-22,312,64506,Смартфони,9,9386.67,0
2024-12-22,312,64507,Смартфони,14,14781.78,0
2024-12-22,312,64508,Смартфони,12,14607.04,1
2024-12-22,312,64509,Смартфони,22,33039.05,0
2024-12-22,312,64510,Холодильники,3,24016.65,0
2024-12-22,312,64511,Холодильники,5,19680.95,0
2024-12-22,312,64512,Холодильники,3,34224.28,0
2024-12-22,312,64513,Холодильники,1,34742.08,0
2024-12-22,312,64514,Холодильники,3,22716.77,0
2024-12-23,215,64500,Ноутбуки,2,34425.96,0
2024-12-23,215,64501,Ноутбуки,2,25698.9,0
2024-12-23,215,64502,Ноутбуки,7,20303.24,0
2024-12-23,215,64503,Ноутбуки,3,26029.92,0
2024-12-23,215,64504,Ноутбуки,5,40554.32,0
2024-12-23,215,64505,Смартфони,17,30417.06,0
2024-12-23,215,64506,Смартфони,23,8383.19,1
2024-12-23,215,64507,Смартфони,18,13602.91,0
2024-12-23,215,64508,Смартфони,11,16963.75,0
2024-12-23,215,64509,Смартфони,16,33513.57,0
2024-12-23,215,64510,Холодильники,5,25353.66,0
2024-12-23,215,64511,Холодильники,4,20118.97,0
2024-12-23,215,64512,Холодильники,2,33780.12,0
2024-12-23,215,64513,Холодильники,6,31687.51,1
2024-12-23,215,64514,Холодильники,3,21997.73,0
2024-12-23,312,64500,Ноутбуки,2,33679.53,0
2024-12-23,312,64501,Ноутбуки,2,26210.47,0
2024-12-23,312,64502,Ноутбуки,7,22648.11,0
2024-12-23,312,64503,Ноутбуки,4,25550.78,0
2024-12-23,312,64504,Ноутбуки,6,40102.91,0
2024-12-23,312,64505,Смартфони,3,28692.92,0
2024-12-23,312,64506,Смартфони,8,9210.56,0
2024-12-23,312,64507,Смартфони,7,14437.75,0
2024-12-23,312,64508,Смартфони,5,15875.39,0
2024-12-23,312,64509,Смартфони,8,33429.34,0
2024-12-23,312,64510,Холодильники,4,24004.79,0
2024-12-23,312,64511,Холодильники,2,19619.83,0
2024-12-23,312,64512,Холодильники,1,34260.96,0
2024-12-23,312,64513,Холодильники,2,36157.63,0
2024-12-23,312,64514,Холодильники,0,22744.48,0
2024-12-24,215,64500,Ноутбуки,5,34609.24,0
2024-12-24,215,64501,Ноутбуки,7,26284.9,0
2024-12-24,215,64502,Ноутбуки,17,18726.15,1
2024-12-24,215,64503,Ноутбуки,6,25115.94,0
2024-12-24,215,64504,Ноутбуки,10,40141.78,0
2024-12-24,215,64505,Смартфони,17,29472.76,0
2024-12-24,215,64506,Смартфони,15,8772.14,0
2024-12-24,215,64507,Смартфони,40,13099.23,1
2024-12-24,215,64508,Смартфони,11,16591.97,0
2024-12-24,215,64509,Смартфони,35,33152.57,0
2024-12-24,215,64510,Холодильники,6,21194.11,1
2024-12-24,215,64511,Холодильники,5,18498.7,0
2024-12-24,215,64512,Холодильники,3,35099.99,0
2024-12-24,215,64513,Холодильники,1,33822.79,0
2024-12-24,215,64514,Холодильники,1,21946.18,0
2024-12-24,312,64500,Ноутбуки,2,32732.48,0
2024-12-24,312,64501,Ноутбуки,3,25210.51,0
2024-12-24,312,64502,Ноутбуки,8,20197.19,0
2024-12-24,312,64503,Ноутбуки,5,25743.42,0
2024-12-24,312,64504,Ноутбуки,6,40131.59,0
2024-12-24,312,64505,Смартфони,12,30022.1,0
2024-12-24,312,64506,Смартфони,13,9420.93,0
2024-12-24,312,64507,Смартфони,19,14753.37,0
2024-12-24,312,64508,Смартфони,6,17556.5,0
2024-12-24,312,64509,Смартфони,18,35247.5,0
2024-12-24,312,64510,Холодильники,4,24443.58,0
2024-12-24,312,64511,Холодильники,7,18784.81,0
2024-12-24,312,64512,Холодильники,3,34662.12,0
2024-12-24,312,64513,Холодильники,3,36523.61,0
2024-12-24,312,64514,Холодильники,3,18273.53,1
2024-12-25,215,64500,Ноутбуки,2,35973.67,0
2024-12-25,215,64501,Ноутбуки,3,25410.06,0
2024-12-25,215,64502,Ноутбуки,8,21022.78,0
2024-12-25,215,64503,Ноутбуки,7,26454.05,0
2024-12-25,215,64504,Ноутбуки,6,41225.05,0
2024-12-25,215,64505,Смартфони,5,29342.22,0
2024-12-25,215,64506,Смартфони,24,9494.25,0
2024-12-25,215,64507,Смартфони,9,14643.45,0
2024-12-25,215,64508,Смартфони,19,14582.74,1
2024-12-25,215,64509,Смартфони,22,30474.44,1
2024-12-25,215,64510,Холодильники,2,24288.82,0
2024-12-25,215,64511,Холодильники,9,18978.57,0
2024-12-25,215,64512,Холодильники,2,34171.36,0
2024-12-25,215,64513,Холодильники,4,35673.6,0
2024-12-25,215,64514,Холодильники,2,22193.52,0
2024-12-25,312,64500,Ноутбуки,2,34600.01,0
2024-12-25,312,64501,Ноутбуки,4,25231.36,0
2024-12-25,312,64502,Ноутбуки,3,19598.32,0
2024-12-25,312,64503,Ноутбуки,4,26070.91,0
2024-12-25,312,64504,Ноутбуки,4,40381.21,0
2024-12-25,312,64505,Смартфони,5,29626.28,0
2024-12-25,312,64506,Смартфони,5,9014.08,0
2024-12-25,312,64507,Смартфони,7,14265.12,0
2024-12-25,312,64508,Смартфони,5,16119.55,0
2024-12-25,312,64509,Смартфони,12,34880.65,0
2024-12-25,312,64510,Холодильники,2,25122.59,0
2024-12-25,312,64511,Холодильники,5,19401.96,0
2024-12-25,312,64512,Холодильники,2,32910.8,0
2024-12-25,312,64513,Холодильники,1,35538.59,0
2024-12-25,312,64514,Холодильники,2,21477.47,0
2024-12-26,215,64500,Ноутбуки,1,34098.91,0
2024-12-26,215,64501,Ноутбуки,5,22741.72,1
2024-12-26,215,64502,Ноутбуки,8,21175.25,0
2024-12-26,215,64503,Ноутбуки,4,25500.85,0
2024-12-26,215,64504,Ноутбуки,3,39873.54,0
2024-12-26,215,64505,Смартфони,6,30217.38,0
2024-12-26,215,64506,Смартфони,9,9636.02,0
2024-12-26,215,64507,Смартфони,13,13882.13,0
2024-12-26,215,64508,Смартфони,13,16395.93,0
2024-12-26,215,64509,Смартфони,19,34399.42,0
2024-12-26,215,64510,Холодильники,2,23357.14,0
2024-12-26,215,64511,Холодильники,4,19835.71,0
2024-12-26,215,64512,Холодильники,4,34914.34,0
2024-12-26,215,64513,Холодильники,3,35420.89,0
2024-12-26,215,64514,Холодильники,4,23691.55,0
2024-12-26,312,64500,Ноутбуки,3,35352.52,0
2024-12-26,312,64501,Ноутбуки,2,26234.73,0
2024-12-26,312,64502,Ноутбуки,5,20587.37,0
2024-12-26,312,64503,Ноутбуки,7,24104.85,1
2024-12-26,312,64504,Ноутбуки,5,41592.79,0
2024-12-26,312,64505,Смартфони,5,30592.62,0
2024-12-26,312,64506,Смартфони,12,9182.41,0
2024-12-26,312,64507,Смартфони,12,14752.2,0
2024-12-26,312,64508,Смартфони,10,15671.41,0
2024-12-26,312,64509,Смартфони,23,31204.14,1
2024-12-26,312,64510,Холодильники,2,23088.25,0
2024-12-26,312,64511,Холодильники,5,19576.8,0
2024-12-26,312,64512,Холодильники,5,30997.3,1
2024-12-26,312,64513,Холодильники,6,34346.92,0
2024-12-26,312,64514,Холодильники,1,22359.27,0
2024-12-27,215,64500,Ноутбуки,4,33430.78,0
2024-12-27,215,64501,Ноутбуки,3,24988.49,0
2024-12-27,215,64502,Ноутбуки,7,21092.16,0
2024-12-27,215,64503,Ноутбуки,2,26843.05,0
2024-12-27,215,64504,Ноутбуки,2,39042.1,0
2024-12-27,215,64505,Смартфони,6,29384.51,0
2024-12-27,215,64506,Смартфони,11,9215.69,0
2024-12-27,215,64507,Смартфони,5,14359.4,0
2024-12-27,215,64508,Смартфони,5,16523.84,0
2024-12-27,215,64509,Смартфони,14,33661.19,0
2024-12-27,215,64510,Холодильники,3,24657.56,0
2024-12-27,215,64511,Холодильники,7,17415.47,1
2024-12-27,215,64512,Холодильники,1,33334.04,0
2024-12-27,215,64513,Холодильники,3,36769.67,0
2024-12-27,215,64514,Холодильники,2,20232.22,1
2024-12-27,312,64500,Ноутбуки,2,36128.63,0
2024-12-27,312,64501,Ноутбуки,0,25809.69,0
2024-12-27,312,64502,Ноутбуки,3,20574.28,0
2024-12-27,312,64503,Ноутбуки,5,26849.35,0
2024-12-27,312,64504,Ноутбуки,3,38926.16,0
2024-12-27,312,64505,Смартфони,4,28592.46,0
2024-12-27,312,64506,Смартфони,7,9697.73,0
2024-12-27,312,64507,Смартфони,7,13791.47,0
2024-12-27,312,64508,Смартфони,2,17176.33,0
2024-12-27,312,64509,Смартфони,13,33557.08,0
2024-12-27,312,64510,Холодильники,3,24432.9,0
2024-12-27,312,64511,Холодильники,1,18953.75,0
2024-12-27,312,64512,Холодильники,3,35296.92,0
2024-12-27,312,64513,Холодильники,4,36975.02,0
2024-12-27,312,64514,Холодильники,1,22346.33,0
2024-12-28,215,64500,Ноутбуки,3,31533.92,1
2024-12-28,215,64501,Ноутбуки,3,24972.55,0
2024-12-28,215,64502,Ноутбуки,6,21859.21,0
2024-12-28,215,64503,Ноутбуки,7,27238.73,0
2024-12-28,215,64504,Ноутбуки,3,40832.28,0
2024-12-28,215,64505,Смартфони,13,27505.29,0
2024-12-28,215,64506,Смартфони,14,8928.1,0
2024-12-28,215,64507,Смартфони,14,14412.57,0
2024-12-28,215,64508,Смартфони,5,16976.8,0
2024-12-28,215,64509,Смартфони,17,35306.58,0
2024-12-28,215,64510,Холодильники,9,23779.02,0
2024-12-28,215,64511,Холодильники,6,16757.49,1
2024-12-28,215,64512,Холодильники,3,36004.28,0
2024-12-28,215,64513,Холодильники,1,37155.26,0
2024-12-28,215,64514,Холодильники,2,21335.34,0
2024-12-28,312,64500,Ноутбуки,1,34972.99,0
2024-12-28,312,64501,Ноутбуки,2,24956.36,0
2024-12-28,312,64502,Ноутбуки,6,20906.27,0
2024-12-28,312,64503,Ноутбуки,7,22178.88,1
2024-12-28,312,64504,Ноутбуки,1,39184.02,0
2024-12-28,312,64505,Смартфони,9,29439.15,0
2024-12-28,312,64506,Смартфони,8,9392.54,0
2024-12-28,312,64507,Смартфони,11,13257.22,0
2024-12-28,312,64508,Смартфони,2,16275.35,0
2024-12-28,312,64509,Смартфони,13,32625.57,0
2024-12-28,312,64510,Холодильники,3,25539.08,0
2024-12-28,312,64511,Холодильники,4,19306.95,0
2024-12-28,312,64512,Холодильники,0,34680.24,0
2024-12-28,312,64513,Холодильники,0,35607.81,0
2024-12-28,312,64514,Холодильники,1,21296.95,0
2024-12-29,215,64500,Ноутбуки,5,33568.09,0
2024-12-29,215,64501,Ноутбуки,3,24266.95,0
2024-12-29,215,64502,Ноутбуки,8,22092.53,0
2024-12-29,215,64503,Ноутбуки,9,26808.73,0
2024-12-29,215,64504,Ноутбуки,7,43130.47,0
2024-12-29,215,64505,Смартфони,10,29133.49,0
2024-12-29,215,64506,Смартфони,14,9231.31,0
2024-12-29,215,64507,Смартфони,17,14250.31,0
2024-12-29,215,64508,Смартфони,10,17266.53,0
2024-12-29,215,64509,Смартфони,14,33008.29,0
2024-12-29,215,64510,Холодильники,3,23975.68,0
2024-12-29,215,64511,Холодильники,1,18628.88,0
2024-12-29,215,64512,Холодильники,6,34881.37,0
2024-12-29,215,64513,Холодильники,1,34983.89,0
2024-12-29,215,64514,Холодильники,3,20516.31,0
2024-12-29,312,64500,Ноутбуки,4,35765.92,0
2024-12-29,312,64501,Ноутбуки,2,24512.55,0
2024-12-29,312,64502,Ноутбуки,6,21083.41,0
2024-12-29,312,64503,Ноутбуки,2,25807.68,0
2024-12-29,312,64504,Ноутбуки,5,40417.61,0
2024-12-29,312,64505,Смартфони,10,30530.13,0
2024-12-29,312,64506,Смартфони,11,9334.69,0
2024-12-29,312,64507,Смартфони,11,14256.13,0
2024-12-29,312,64508,Смартфони,5,17049.32,0
2024-12-29,312,64509,Смартфони,15,33264.49,0
2024-12-29,312,64510,Холодильники,5,24307.11,0
2024-12-29,312,64511,Холодильники,8,17552.47,1
2024-12-29,312,64512,Холодильники,4,36162.83,0
2024-12-29,312,64513,Холодильники,1,36073.41,0
2024-12-29,312,64514,Холодильники,1,21281.38,0
2024-12-30,215,64500,Ноутбуки,2,31143.48,1
2024-12-30,215,64501,Ноутбуки,3,26479.99,0
2024-12-30,215,64502,Ноутбуки,8,20515.34,0
2024-12-30,215,64503,Ноутбуки,3,24728.68,0
2024-12-30,215,64504,Ноутбуки,9,39298.95,0
2024-12-30,215,64505,Смартфони,7,30523.91,0
2024-12-30,215,64506,Смартфони,12,9188.0,0
2024-12-30,215,64507,Смартфони,19,14135.16,0
2024-12-30,215,64508,Смартфони,7,16545.2,0
2024-12-30,215,64509,Смартфони,32,30440.9,1
2024-12-30,215,64510,Холодильники,5,23900.75,0
2024-12-30,215,64511,Холодильники,4,19047.56,0
2024-12-30,215,64512,Холодильники,0,34545.04,0
2024-12-30,215,64513,Холодильники,2,37532.09,0
2024-12-30,215,64514,Холодильники,3,20888.72,0
2024-12-30,312,64500,Ноутбуки,1,34437.15,0
2024-12-30,312,64501,Ноутбуки,3,26283.19,0
2024-12-30,312,64502,Ноутбуки,2,21876.6,0
2024-12-30,312,64503,Ноутбуки,3,25363.09,0
2024-12-30,312,64504,Ноутбуки,3,40466.16,0
2024-12-30,312,64505,Смартфони,11,25606.58,1
2024-12-30,312,64506,Смартфони,6,8701.0,0
2024-12-30,312,64507,Смартфони,11,14475.18,0
2024-12-30,312,64508,Смартфони,4,16283.77,0
2024-12-30,312,64509,Смартфони,15,34839.33,0
2024-12-30,312,64510,Холодильники,1,24374.59,0
2024-12-30,312,64511,Холодильники,5,19306.5,0
2024-12-30,312,64512,Холодильники,1,34998.89,0
2024-12-30,312,64513,Холодильники,2,34538.35,0
2024-12-30,312,64514,Холодильники,2,20597.6,0
2024-12-31,215,64500,Ноутбуки,3,32236.94,0
2024-12-31,215,64501,Ноутбуки,9,25956.11,0
2024-12-31,215,64502,Ноутбуки,14,21506.42,0
2024-12-31,215,64503,Ноутбуки,5,25745.21,0
2024-12-31,215,64504,Ноутбуки,5,38649.93,0
2024-12-31,215,64505,Смартфони,18,30990.47,0
2024-12-31,215,64506,Смартфони,10,9326.35,0
2024-12-31,215,64507,Смартфони,22,14206.95,0
2024-12-31,215,64508,Смартфони,26,17136.17,0
2024-12-31,215,64509,Смартфони,23,33127.45,0
2024-12-31,215,64510,Холодильники,9,21468.05,1
2024-12-31,215,64511,Холодильники,5,18748.5,0
2024-12-31,215,64512,Холодильники,3,36015.98,0
2024-12-31,215,64513,Холодильники,3,34372.89,0
2024-12-31,215,64514,Холодильники,2,21543.05,0
2024-12-31,312,64500,Ноутбуки,3,34744.64,0
2024-12-31,312,64501,Ноутбуки,4,25480.88,0
2024-12-31,312,64502,Ноутбуки,3,21243.47,0
2024-12-31,312,64503,Ноутбуки,2,26408.79,0
2024-12-31,312,64504,Ноутбуки,4,41315.14,0
2024-12-31,312,64505,Смартфони,6,28740.38,0
2024-12-31,312,64506,Смартфони,23,8910.4,0
2024-12-31,312,64507,Смартфони,12,14671.58,0
2024-12-31,312,64508,Смартфони,8,16360.55,0
2024-12-31,312,64509,Смартфони,35,29786.59,1
2024-12-31,312,64510,Холодильники,1,23390.28,0
2024-12-31,312,64511,Холодильники,4,19638.15,0
2024-12-31,312,64512,Холодильники,1,33510.93,0
2024-12-31,312,64513,Холодильники,2,36141.91,0
2024-12-31,312,64514,Холодильники,1,21153.38,0
